code,type,name,lat,lon,status,registered_on,verified,source
AAA,IATA,Anaa Airport,-17.3526000,-145.5099950,active,2026-09-28,no,OurAirports
AAC,IATA,El Arish International Airport,31.0553240,33.8279640,active,2026-09-28,no,OurAirports
AAE,IATA,Annaba Rabah Bitat Airport,36.8267810,7.8133400,active,2026-09-28,no,OurAirports
AAK,IATA,Aranuka Airport,0.1852780,173.6369930,active,2026-09-28,no,OurAirports
AAL,IATA,Aalborg Airport,57.0947630,9.8499300,active,2026-09-28,no,OurAirports
AAN,IATA,Al Ain International Airport,24.2617000,55.6092000,active,2026-09-28,no,OurAirports
AAP,IATA,Aji Pangeran Tumenggung Pranoto International Airport,-0.3744780,117.2501280,active,2026-09-28,no,OurAirports
AAR,IATA,Aarhus Airport,56.3033310,10.6182860,active,2026-09-28,no,OurAirports
AAT,IATA,Altay Xuedu Airport,47.7498860,88.0858080,active,2026-09-28,no,OurAirports
AAX,IATA,Romeu Zema Airport,-19.5632000,-46.9604000,active,2026-09-28,no,OurAirports
AAY,IATA,Al Ghaydah International Airport,16.1933410,52.1741860,active,2026-09-28,no,OurAirports
AAZ,IATA,Quezaltenango Airport,14.8656000,-91.5019990,active,2026-09-28,no,OurAirports
ABA,IATA,Abakan International Airport,53.7400020,91.3850020,active,2026-09-28,no,OurAirports
ABB,IATA,Asaba International Airport,6.2041670,6.6652780,active,2026-09-28,no,OurAirports
ABD,IATA,Abadan Ayatollah Jami International Airport,30.3678870,48.2300750,active,2026-09-28,no,OurAirports
ABE,IATA,Lehigh Valley International Airport,40.6517730,-75.4427970,active,2026-09-28,no,OurAirports
ABI,IATA,Abilene Regional Airport,32.4113007,-99.6819000,active,2026-09-28,no,OurAirports
ABJ,IATA,Félix-Houphouët-Boigny International Airport,5.2613900,-3.9262900,active,2026-09-28,no,OurAirports
ABK,IATA,Kebri Dahar Airport,6.7325770,44.2413390,active,2026-09-28,no,OurAirports
ABL,IATA,Ambler Airport,67.1055290,-157.8553390,active,2026-09-28,no,OurAirports
ABM,IATA,Northern Peninsula Airport,-10.9461940,142.4550810,active,2026-09-28,no,OurAirports
ABQ,IATA,Albuquerque International Sunport,35.0399760,-106.6089250,active,2026-09-28,no,OurAirports
ABR,IATA,Aberdeen Regional Airport,45.4491005,-98.4217987,active,2026-09-28,no,OurAirports
ABS,IATA,Abu Simbel Airport,22.3759240,31.6117340,active,2026-09-28,no,OurAirports
ABT,IATA,King Saud Bin Abdulaziz (Al Baha) Airport,20.2985060,41.6361530,active,2026-09-28,no,OurAirports
ABU,IATA,AA Bere Tallo (Haliwen) Airport,-9.0748410,124.9032850,active,2026-09-28,no,OurAirports
ABV,IATA,Nnamdi Azikiwe International Airport,9.0067900,7.2631700,active,2026-09-28,no,OurAirports
ABX,IATA,Albury Airport,-36.0667580,146.9591480,active,2026-09-28,no,OurAirports
ABY,IATA,Southwest Georgia Regional Airport,31.5329460,-84.1962150,active,2026-09-28,no,OurAirports
ABZ,IATA,Aberdeen International Airport,57.2019000,-2.1977800,active,2026-09-28,no,OurAirports
ACA,IATA,General Juan N. Álvarez International Airport,16.7571260,-99.7531130,active,2026-09-28,no,OurAirports
ACC,IATA,Kotoka International Airport,5.6051898,-0.1667860,active,2026-09-28,no,OurAirports
ACE,IATA,César Manrique-Lanzarote Airport,28.9454990,-13.6052000,active,2026-09-28,no,OurAirports
ACF,IATA,Aral Tarim Airport,40.4347480,81.2620600,active,2026-09-28,no,OurAirports
ACH,IATA,Sankt Gallen Altenrhein Airport,47.4850010,9.5607700,active,2026-09-28,no,OurAirports
ACI,IATA,Alderney Airport,49.7061040,-2.2147200,active,2026-09-28,no,OurAirports
ACK,IATA,Nantucket Memorial Airport,41.2531014,-70.0602035,active,2026-09-28,no,OurAirports
ACT,IATA,Waco Regional Airport,31.6112995,-97.2304993,active,2026-09-28,no,OurAirports
ACV,IATA,California Redwood Coast-Humboldt County Airport,40.9781010,-124.1090000,active,2026-09-28,no,OurAirports
ACX,IATA,Xingyi Wanfenglin Airport,25.0834230,104.9608040,active,2026-09-28,no,OurAirports
ACY,IATA,Atlantic City International Airport,39.4562010,-74.5775110,active,2026-09-28,no,OurAirports
ADB,IATA,Adnan Menderes International Airport,38.2924000,27.1570000,active,2026-09-28,no,OurAirports
ADD,IATA,Addis Ababa Bole International Airport,8.9778900,38.7993010,active,2026-09-28,no,OurAirports
ADE,IATA,Aden International Airport,12.8295640,45.0299760,active,2026-09-28,no,OurAirports
ADF,IATA,Adıyaman Airport,37.7314000,38.4688990,active,2026-09-28,no,OurAirports
ADJ,IATA,Marka International (Amman Civil) Airport,31.9727000,35.9916000,active,2026-09-28,no,OurAirports
ADK,IATA,Adak Airport,51.8835640,-176.6427830,active,2026-09-28,no,OurAirports
ADL,IATA,Adelaide International Airport,-34.9475120,138.5333930,active,2026-09-28,no,OurAirports
ADQ,IATA,Kodiak Airport,57.7500000,-152.4940033,active,2026-09-28,no,OurAirports
ADU,IATA,Ardabil Airport,38.3256989,48.4244003,active,2026-09-28,no,OurAirports
ADZ,IATA,Gustavo Rojas Pinilla International Airport,12.5836000,-81.7112000,active,2026-09-28,no,OurAirports
AEB,IATA,Baise (Bose) Bama Airport,23.7206000,106.9599990,active,2026-09-28,no,OurAirports
AEP,IATA,Aeroparque Jorge Newbery,-34.5594190,-58.4155360,active,2026-09-28,no,OurAirports
AER,IATA,Sochi International Airport,43.4499020,39.9566000,active,2026-09-28,no,OurAirports
AES,IATA,Ålesund Airport,62.5604430,6.1108450,active,2026-09-28,no,OurAirports
AET,IATA,Allakaket Airport,66.5518040,-152.6219940,active,2026-09-28,no,OurAirports
AEU,IATA,Abu Musa Island Airport,25.8757000,55.0330010,active,2026-09-28,no,OurAirports
AEX,IATA,Alexandria International Airport,31.3258280,-92.5467020,active,2026-09-28,no,OurAirports
AEY,IATA,Akureyri International Airport,65.6565730,-18.0720180,active,2026-09-28,no,OurAirports
AFA,IATA,Suboficial Ay Santiago Germano Airport,-34.5882990,-68.4039000,active,2026-09-28,no,OurAirports
AFL,IATA,Piloto Osvaldo Marques Dias Airport,-9.8663890,-56.1062980,active,2026-09-28,no,OurAirports
AFZ,IATA,Sabzevar National Airport,36.1680984,57.5951996,active,2026-09-28,no,OurAirports
AGA,IATA,Al Massira Airport,30.3224780,-9.4120030,active,2026-09-28,no,OurAirports
AGE,IATA,Wangerooge Airport,53.7825440,7.9195840,active,2026-09-28,no,OurAirports
AGH,IATA,Ängelholm-Helsingborg Airport,56.2961006,12.8471003,active,2026-09-28,no,OurAirports
AGI,IATA,Wageningen Airstrip,5.8412520,-56.6732470,active,2026-09-28,no,OurAirports
AGJ,IATA,Aguni Airport,26.5927550,127.2403350,active,2026-09-28,no,OurAirports
AGM,IATA,Tasiilaq Heliport,65.6122960,-37.6183350,active,2026-09-28,no,OurAirports
AGN,IATA,Angoon Seaplane Base,57.4970970,-134.5672200,active,2026-09-28,no,OurAirports
AGP,IATA,Málaga-Costa del Sol Airport,36.6749000,-4.4991100,active,2026-09-28,no,OurAirports
AGR,IATA,Agra Airport / Agra Air Force Station,27.1579750,77.9610250,active,2026-09-28,no,OurAirports
AGS,IATA,Augusta Regional At Bush Field,33.3699000,-81.9645000,active,2026-09-28,no,OurAirports
AGT,IATA,Guaraní International Airport,-25.4571860,-54.8395440,active,2026-09-28,no,OurAirports
AGU,IATA,Aguascalientes International Airport,21.6995890,-102.3183720,active,2026-09-28,no,OurAirports
AGX,IATA,Agatti Airport,10.8237000,72.1760030,active,2026-09-28,no,OurAirports
AHA,IATA,Maa Mahamaya Airport,22.9875300,83.1961200,active,2026-09-28,no,OurAirports
AHB,IATA,Abha International Airport,18.2404000,42.6566010,active,2026-09-28,no,OurAirports
AHE,IATA,Ahe Airport,-14.4280996,-146.2570038,active,2026-09-28,no,OurAirports
AHO,IATA,Alghero-Fertilia Airport,40.6320990,8.2907700,active,2026-09-28,no,OurAirports
AHU,IATA,Cherif Al Idrissi Airport,35.1771010,-3.8395200,active,2026-09-28,no,OurAirports
AIA,IATA,Alliance Municipal Airport,42.0525430,-102.8039650,active,2026-09-28,no,OurAirports
AIN,IATA,Wainwright Airport,70.6380000,-159.9949950,active,2026-09-28,no,OurAirports
AIP,IATA,Adampur Airport,31.4338000,75.7587970,active,2026-09-28,no,OurAirports
AIT,IATA,Aitutaki Airport,-18.8309000,-159.7640080,active,2026-09-28,no,OurAirports
AIU,IATA,Enua Airport,-19.9678001,-158.1190033,active,2026-09-28,no,OurAirports
AJA,IATA,Ajaccio Napoléon Bonaparte airport,41.9235990,8.8029200,active,2026-09-28,no,OurAirports
AJF,IATA,Al-Jawf International Airport,29.7833010,40.1009050,active,2026-09-28,no,OurAirports
AJI,IATA,Ağrı Airport,39.6556420,43.0257420,active,2026-09-28,no,OurAirports
AJL,IATA,Lengpui Airport,23.8405990,92.6196980,active,2026-09-28,no,OurAirports
AJN,IATA,Ouani Airport,-12.1310470,44.4300440,active,2026-09-28,no,OurAirports
AJR,IATA,Arvidsjaur Airport,65.5903015,19.2819004,active,2026-09-28,no,OurAirports
AJU,IATA,Aracaju - Santa Maria Airport,-10.9839400,-37.0728730,active,2026-09-28,no,OurAirports
AKA,IATA,Ankang Fuqiang Airport,32.7569600,108.8733800,active,2026-09-28,no,OurAirports
AKB,IATA,Atka Airport,52.2202990,-174.2059940,active,2026-09-28,no,OurAirports
AKF,IATA,Kufra Airport,24.1786995,23.3139992,active,2026-09-28,no,OurAirports
AKI,IATA,Akiak Airport,60.9026460,-161.2310600,active,2026-09-28,no,OurAirports
AKJ,IATA,Asahikawa Airport,43.6707990,142.4470060,active,2026-09-28,no,OurAirports
AKK,IATA,Akhiok Airport,56.9387020,-154.1829990,active,2026-09-28,no,OurAirports
AKL,IATA,Auckland International Airport,-37.0119900,174.7863310,active,2026-09-28,no,OurAirports
AKN,IATA,King Salmon Airport,58.6778450,-156.6519650,active,2026-09-28,no,OurAirports
AKP,IATA,Anaktuvuk Pass Airport,68.1335980,-151.7429960,active,2026-09-28,no,OurAirports
AKR,IATA,Akure Airport,7.2467399,5.3010101,active,2026-09-28,no,OurAirports
AKS,IATA,Gwaunaru'u Airport,-8.7025700,160.6820070,active,2026-09-28,no,OurAirports
AKU,IATA,Aksu Hongqipo Airport,41.2625010,80.2917020,active,2026-09-28,no,OurAirports
AKV,IATA,Akulivik Airport,60.8186000,-78.1485980,active,2026-09-28,no,OurAirports
AKX,IATA,Aktobe International Airport,50.2481160,57.2041440,active,2026-09-28,no,OurAirports
AKY,IATA,Sittwe Airport,20.1331650,92.8706930,active,2026-09-28,no,OurAirports
ALA,IATA,Almaty International Airport,43.3542670,77.0428280,active,2026-09-28,no,OurAirports
ALB,IATA,Albany International Airport,42.7482990,-73.8016970,active,2026-09-28,no,OurAirports
ALC,IATA,Alicante-Elche Miguel Hernández Airport,38.2822000,-0.5581560,active,2026-09-28,no,OurAirports
ALF,IATA,Alta Airport,69.9760970,23.3717000,active,2026-09-28,no,OurAirports
ALG,IATA,Houari Boumediene Airport,36.6938860,3.2145310,active,2026-09-28,no,OurAirports
ALH,IATA,Albany Airport,-34.9433330,117.8088890,active,2026-09-28,no,OurAirports
ALO,IATA,Waterloo Regional Airport,42.5570984,-92.4002991,active,2026-09-28,no,OurAirports
ALP,IATA,Aleppo International Airport,36.1812620,37.2268690,active,2026-09-28,no,OurAirports
ALS,IATA,San Luis Valley Regional Airport/Bergman Field,37.4348980,-105.8669970,active,2026-09-28,no,OurAirports
ALW,IATA,Walla Walla Regional Airport,46.0948982,-118.2880020,active,2026-09-28,no,OurAirports
ALZ,IATA,Alitak Seaplane Base,56.8972940,-154.2496920,active,2026-09-28,no,OurAirports
AMA,IATA,Rick Husband Amarillo International Airport,35.2178570,-101.7064440,active,2026-09-28,no,OurAirports
AMD,IATA,Sardar Vallabh Patel International Airport,23.0772000,72.6346970,active,2026-09-28,no,OurAirports
AMH,IATA,Arba Minch Airport,6.0393900,37.5905000,active,2026-09-28,no,OurAirports
AMM,IATA,Queen Alia International Airport,31.7226009,35.9931984,active,2026-09-28,no,OurAirports
AMQ,IATA,Pattimura International Airport,-3.7102600,128.0890050,active,2026-09-28,no,OurAirports
AMS,IATA,Amsterdam Airport Schiphol,52.3086010,4.7638900,active,2026-09-28,no,OurAirports
AMV,IATA,Amderma Airport,69.7637120,61.5567110,active,2026-09-28,no,OurAirports
ANC,IATA,Ted Stevens Anchorage International Airport,61.1790040,-149.9925610,active,2026-09-28,no,OurAirports
ANF,IATA,Andrés Sabella Gálvez International Airport,-23.4452740,-70.4452320,active,2026-09-28,no,OurAirports
ANI,IATA,Aniak Airport,61.5816002,-159.5429993,active,2026-09-28,no,OurAirports
ANR,IATA,Antwerp International Airport (Deurne),51.1906670,4.4631530,active,2026-09-28,no,OurAirports
ANS,IATA,Andahuaylas Airport,-13.7063999,-73.3504028,active,2026-09-28,no,OurAirports
ANU,IATA,V. C. Bird International Airport,17.1367000,-61.7927020,active,2026-09-28,no,OurAirports
ANV,IATA,Anvik Airport,62.6467020,-160.1909940,active,2026-09-28,no,OurAirports
ANX,IATA,"Andøya Airport, Andenes",69.2951930,16.1393790,active,2026-09-28,no,OurAirports
AOE,IATA,Hasan Polatkan Airport,39.8116440,30.5192680,active,2026-09-28,no,OurAirports
AOG,IATA,Anshan Teng'ao Airport / Anshan Air Base,41.1053010,122.8539960,active,2026-09-28,no,OurAirports
AOI,IATA,Marche Airport,43.6162990,13.3623000,active,2026-09-28,no,OurAirports
AOJ,IATA,Aomori Airport,40.7337770,140.6894770,active,2026-09-28,no,OurAirports
AOK,IATA,Karpathos Airport,35.4213980,27.1460000,active,2026-09-28,no,OurAirports
AOO,IATA,Altoona Blair County Airport,40.2963980,-78.3200000,active,2026-09-28,no,OurAirports
AOQ,IATA,Aappilattoq Heliport,72.8870300,-55.5962870,active,2026-09-28,no,OurAirports
AOR,IATA,Sultan Abdul Halim Airport,6.1896701,100.3980026,active,2026-09-28,no,OurAirports
AOS,IATA,Amook Bay Seaplane Base,57.4715004,-153.8150024,active,2026-09-28,no,OurAirports
APK,IATA,Apataki Airport,-15.5736000,-146.4149930,active,2026-09-28,no,OurAirports
APL,IATA,Nampula Airport,-15.1056000,39.2817990,active,2026-09-28,no,OurAirports
APN,IATA,Alpena County Regional Airport,45.0780983,-83.5603027,active,2026-09-28,no,OurAirports
APO,IATA,Antonio Roldán Betancur Airport,7.8119600,-76.7164000,active,2026-09-28,no,OurAirports
APW,IATA,Faleolo International Airport,-13.8300000,-172.0079960,active,2026-09-28,no,OurAirports
AQA,IATA,Araraquara Airport,-21.8120000,-48.1329990,active,2026-09-28,no,OurAirports
AQG,IATA,Anqing Tianzhushan Airport / Anqing North Air Base,30.5821990,117.0500030,active,2026-09-28,no,OurAirports
AQI,IATA,Qaisumah–Hafar Al-Batin International Airport,28.3357260,46.1271080,active,2026-09-28,no,OurAirports
AQJ,IATA,King Hussein International Airport,29.6116010,35.0181010,active,2026-09-28,no,OurAirports
AQP,IATA,Rodríguez Ballón International Airport,-16.3407860,-71.5694850,active,2026-09-28,no,OurAirports
ARC,IATA,Arctic Village Airport,68.1147000,-145.5789950,active,2026-09-28,no,OurAirports
ARD,IATA,Alor Island - Mali Airport,-8.1323400,124.5970000,active,2026-09-28,no,OurAirports
ARH,IATA,Talagi Airport,64.6003036,40.7167015,active,2026-09-28,no,OurAirports
ARI,IATA,Chacalluta International Airport,-18.3484990,-70.3386990,active,2026-09-28,no,OurAirports
ARK,IATA,Arusha Airport,-3.3677900,36.6333008,active,2026-09-28,no,OurAirports
ARM,IATA,Armidale Airport,-30.5280991,151.6170044,active,2026-09-28,no,OurAirports
ARN,IATA,Stockholm-Arlanda Airport,59.6484900,17.9288290,active,2026-09-28,no,OurAirports
ART,IATA,Watertown International Airport,43.9919010,-76.0216980,active,2026-09-28,no,OurAirports
ARU,IATA,Araçatuba Airport,-21.1414790,-50.4245750,active,2026-09-28,no,OurAirports
ARW,IATA,Arad International Airport,46.1761360,21.2643220,active,2026-09-28,no,OurAirports
ASB,IATA,Ashgabat International Airport,37.9868010,58.3610000,active,2026-09-28,no,OurAirports
ASD,IATA,Andros Town Airport,24.6979010,-77.7956010,active,2026-09-28,no,OurAirports
ASE,IATA,Aspen-Pitkin County Airport (Sardy Field),39.2232020,-106.8690030,active,2026-09-28,no,OurAirports
ASF,IATA,Astrakhan Narimanovo Boris M. Kustodiev International Airport,46.2828430,48.0105110,active,2026-09-28,no,OurAirports
ASI,IATA,RAF Ascension Island,-7.9701790,-14.3927440,active,2026-09-28,no,OurAirports
ASJ,IATA,Amami Airport,28.4305992,129.7129974,active,2026-09-28,no,OurAirports
ASM,IATA,Asmara International Airport,15.2919000,38.9107020,active,2026-09-28,no,OurAirports
ASO,IATA,Asosa Airport,10.0185003,34.5862999,active,2026-09-28,no,OurAirports
ASP,IATA,Alice Springs Airport,-23.8065880,133.9034270,active,2026-09-28,no,OurAirports
ASR,IATA,Kayseri Erkilet International Airport,38.7704010,35.4953990,active,2026-09-28,no,OurAirports
ASU,IATA,Silvio Pettirossi International Airport,-25.2401560,-57.5192270,active,2026-09-28,no,OurAirports
ASV,IATA,Amboseli Airport,-2.6447860,37.2529220,active,2026-09-28,no,OurAirports
ASW,IATA,Aswan International Airport,23.9610750,32.8203820,active,2026-09-28,no,OurAirports
ATC,IATA,Arthur's Town Airport,24.6294000,-75.6737970,active,2026-09-28,no,OurAirports
ATH,IATA,Athens Eleftherios Venizelos International Airport,37.9364010,23.9445000,active,2026-09-28,no,OurAirports
ATK,IATA,Atqasuk Edward Burnell Sr Memorial Airport,70.4670400,-157.4360130,active,2026-09-28,no,OurAirports
ATL,IATA,Hartsfield Jackson Atlanta International Airport,33.6367000,-84.4281010,active,2026-09-28,no,OurAirports
ATM,IATA,Altamira Interstate Airport,-3.2531440,-52.2539380,active,2026-09-28,no,OurAirports
ATQ,IATA,Sri Guru Ram Das Ji International Airport,31.7096000,74.7973020,active,2026-09-28,no,OurAirports
ATT,IATA,Atmautluak Airport,60.8666990,-162.2729960,active,2026-09-28,no,OurAirports
ATW,IATA,Appleton International Airport,44.2585150,-88.5190000,active,2026-09-28,no,OurAirports
ATY,IATA,Watertown Regional Airport,44.9140015,-97.1547012,active,2026-09-28,no,OurAirports
ATZ,IATA,Asyut International Airport,27.0459620,31.0127600,active,2026-09-28,no,OurAirports
AUA,IATA,Queen Beatrix International Airport,12.5010560,-70.0142810,active,2026-09-28,no,OurAirports
AUC,IATA,Santiago Perez Airport,7.0688800,-70.7369000,active,2026-09-28,no,OurAirports
AUG,IATA,Augusta State Airport,44.3205986,-69.7973022,active,2026-09-28,no,OurAirports
AUH,IATA,Zayed International Airport,24.4409660,54.6492370,active,2026-09-28,no,OurAirports
AUK,IATA,Alakanuk Airport,62.6826530,-164.7224810,active,2026-09-28,no,OurAirports
AUL,IATA,Aur Island Airport,8.1452800,171.1730040,active,2026-09-28,no,OurAirports
AUQ,IATA,Hiva Oa-Atuona Airport,-9.7687902,-139.0110016,active,2026-09-28,no,OurAirports
AUR,IATA,Aurillac airport,44.8913990,2.4219400,active,2026-09-28,no,OurAirports
AUS,IATA,Austin Bergstrom International Airport,30.1975350,-97.6620150,active,2026-09-28,no,OurAirports
AUU,IATA,Aurukun Airport,-13.3540190,141.7200280,active,2026-09-28,no,OurAirports
AUX,IATA,Araguaína Airport,-7.2278700,-48.2405010,active,2026-09-28,no,OurAirports
AVA,IATA,Anshun Huangguoshu Airport,26.2605560,105.8733330,active,2026-09-28,no,OurAirports
AVK,IATA,Arvaikheer Airport,46.2503014,102.8020020,active,2026-09-28,no,OurAirports
AVL,IATA,Asheville Regional Airport,35.4354880,-82.5418530,active,2026-09-28,no,OurAirports
AVN,IATA,Avignon Caumont airport,43.9072990,4.9018300,active,2026-09-28,no,OurAirports
AVP,IATA,Wilkes-Barre/Scranton International Airport,41.3370640,-75.7242320,active,2026-09-28,no,OurAirports
AVR,IATA,Amravati  Airport,20.8146080,77.7177650,active,2026-09-28,no,OurAirports
AVV,IATA,Melbourne Avalon International Airport,-38.0402690,144.4671960,active,2026-09-28,no,OurAirports
AWA,IATA,Hawassa International Airport,7.1006110,38.3964550,active,2026-09-28,no,OurAirports
AWK,IATA,Wake Island Airfield,19.2824370,166.6366370,active,2026-09-28,no,OurAirports
AWZ,IATA,Qasem Soleimani International Airport,31.3364000,48.7637890,active,2026-09-28,no,OurAirports
AXA,IATA,Clayton J. Lloyd International Airport,18.2047730,-63.0538300,active,2026-09-28,no,OurAirports
AXD,IATA,Alexandroupoli Democritus Airport,40.8559000,25.9563010,active,2026-09-28,no,OurAirports
AXF,IATA,Alxa Left Banner Bayanhot Airport,38.7483170,105.5841600,active,2026-09-28,no,OurAirports
AXJ,IATA,Amakusa Airport,32.4824980,130.1589970,active,2026-09-28,no,OurAirports
AXM,IATA,El Eden Airport,4.4527800,-75.7664000,active,2026-09-28,no,OurAirports
AXP,IATA,Spring Point Airport,22.4417990,-73.9709010,active,2026-09-28,no,OurAirports
AXR,IATA,Arutua Airport,-15.2482996,-146.6170044,active,2026-09-28,no,OurAirports
AXT,IATA,Akita Airport,39.6156010,140.2189940,active,2026-09-28,no,OurAirports
AXU,IATA,Axum Airport,14.1468000,38.7728000,active,2026-09-28,no,OurAirports
AYJ,IATA,Maharshi Valmiki International Airport,26.7477360,82.1636640,active,2026-09-28,no,OurAirports
AYP,IATA,Air Force Colonel Alfredo Mendivil Duarte Airport,-13.1548000,-74.2043990,active,2026-09-28,no,OurAirports
AYQ,IATA,Ayers Rock Connellan Airport,-25.1859130,130.9770300,active,2026-09-28,no,OurAirports
AYT,IATA,Antalya International Airport,36.8987010,30.8005010,active,2026-09-28,no,OurAirports
AZA,IATA,Mesa Gateway Airport,33.3078000,-111.6549990,active,2026-09-28,no,OurAirports
AZD,IATA,Shahid Sadooghi Airport,31.9048996,54.2765007,active,2026-09-28,no,OurAirports
AZN,IATA,Andijan International Airport,40.7276990,72.2939990,active,2026-09-28,no,OurAirports
AZO,IATA,Kalamazoo/Battle Creek International Airport,42.2321050,-85.5496370,active,2026-09-28,no,OurAirports
AZR,IATA,Touat-Cheikh Sidi Mohamed Belkebir Airport,27.8376010,-0.1864140,active,2026-09-28,no,OurAirports
AZS,IATA,Samaná El Catey International Airport,19.2692590,-69.7374050,active,2026-09-28,no,OurAirports
BAH,IATA,Bahrain International Airport,26.2672950,50.6376400,active,2026-09-28,no,OurAirports
BAL,IATA,Batman Airport,37.9290010,41.1166000,active,2026-09-28,no,OurAirports
BAQ,IATA,Ernesto Cortissoz International Airport,10.8896000,-74.7808000,active,2026-09-28,no,OurAirports
BAR,IATA,Qionghai Bo'ao Airport,19.1409510,110.4527660,active,2026-09-28,no,OurAirports
BAS,IATA,Ballalae Airport,-6.9907450,155.8866560,active,2026-09-28,no,OurAirports
BAV,IATA,Baotou Donghe International Airport,40.5600010,109.9970020,active,2026-09-28,no,OurAirports
BAX,IATA,Barnaul Gherman Titov International Airport,53.3612850,83.5397010,active,2026-09-28,no,OurAirports
BAY,IATA,Maramureș International Airport,47.6584440,23.4644450,active,2026-09-28,no,OurAirports
BAZ,IATA,Barcelos Airport,-0.9811910,-62.9186030,active,2026-09-28,no,OurAirports
BBA,IATA,Balmaceda Airport,-45.9159680,-71.6894990,active,2026-09-28,no,OurAirports
BBG,IATA,Butaritari Airport,3.0858300,172.8110050,active,2026-09-28,no,OurAirports
BBI,IATA,Biju Patnaik International Airport,20.2510210,85.8147470,active,2026-09-28,no,OurAirports
BBK,IATA,Kasane International Airport,-17.8316530,25.1661950,active,2026-09-28,no,OurAirports
BBM,IATA,Battambang Airport,13.0956000,103.2239990,active,2026-09-28,no,OurAirports
BBN,IATA,Bario Airport,3.7346480,115.4785480,active,2026-09-28,no,OurAirports
BBO,IATA,Berbera Airport,10.3850350,44.9367230,active,2026-09-28,no,OurAirports
BBQ,IATA,Burton-Nibbs International Airport,17.6211940,-61.7983470,active,2026-09-28,no,OurAirports
BBR,IATA,Basse-Terre Baillif Airport,16.0136480,-61.7429280,active,2026-09-28,no,OurAirports
BBU,IATA,Bucharest Băneasa Aurel Vlaicu International Airport,44.5031330,26.1029440,active,2026-09-28,no,OurAirports
BCA,IATA,Gustavo Rizo Airport,20.3652992,-74.5062027,active,2026-09-28,no,OurAirports
BCD,IATA,Bacolod-Silay International Airport,10.7762370,123.0188790,active,2026-09-28,no,OurAirports
BCH,IATA,Baucau Airport,-8.4864790,126.3999810,active,2026-09-28,no,OurAirports
BCI,IATA,Barcaldine Airport,-23.5662680,145.3020860,active,2026-09-28,no,OurAirports
BCM,IATA,Bacău George Enescu International  Airport,46.5219000,26.9102990,active,2026-09-28,no,OurAirports
BCN,IATA,Josep Tarradellas Barcelona-El Prat Airport,41.2971000,2.0784600,active,2026-09-28,no,OurAirports
BCO,IATA,Jinka Airport,5.7496550,36.5601650,active,2026-09-28,no,OurAirports
BCU,IATA,Sir Abubakar Tafawa Balewa Bauchi State International Airport,10.4828330,9.7440000,active,2026-09-28,no,OurAirports
BDA,IATA,L.F. Wade International Airport,32.3638020,-64.6782400,active,2026-09-28,no,OurAirports
BDB,IATA,Bundaberg Airport,-24.9050390,152.3226120,active,2026-09-28,no,OurAirports
BDD,IATA,Badu Island Airport,-10.1495500,142.1736650,active,2026-09-28,no,OurAirports
BDH,IATA,Bandar Lengeh International Airport,26.5322830,54.8248400,active,2026-09-28,no,OurAirports
BDJ,IATA,Syamsudin Noor International Airport,-3.4401120,114.7612090,active,2026-09-28,no,OurAirports
BDL,IATA,Bradley International Airport,41.9385550,-72.6880160,active,2026-09-28,no,OurAirports
BDO,IATA,Husein Sastranegara International Airport,-6.9006300,107.5759960,active,2026-09-28,no,OurAirports
BDP,IATA,Bhadrapur Airport,26.5708008,88.0795975,active,2026-09-28,no,OurAirports
BDQ,IATA,Vadodara International Airport,22.3362010,73.2263030,active,2026-09-28,no,OurAirports
BDS,IATA,Brindisi Airport,40.6576000,17.9470010,active,2026-09-28,no,OurAirports
BDT,IATA,Gbadolite Airport,4.2527450,20.9752710,active,2026-09-28,no,OurAirports
BDU,IATA,Bardufoss Airport,69.0558010,18.5404000,active,2026-09-28,no,OurAirports
BEB,IATA,Benbecula Airport,57.4810980,-7.3627800,active,2026-09-28,no,OurAirports
BED,IATA,Laurence G Hanscom Field,42.4700010,-71.2890010,active,2026-09-28,no,OurAirports
BEF,IATA,Bluefields Airport,11.9910000,-83.7741010,active,2026-09-28,no,OurAirports
BEG,IATA,Belgrade Nikola Tesla Airport,44.8184010,20.3090990,active,2026-09-28,no,OurAirports
BEJ,IATA,Kalimarau Airport,2.1477600,117.4307050,active,2026-09-28,no,OurAirports
BEK,IATA,Bareilly Air Force Station,28.4221000,79.4507980,active,2026-09-28,no,OurAirports
BEL,IATA,Val de Cans/Júlio Cezar Ribeiro International Airport,-1.3792790,-48.4762070,active,2026-09-28,no,OurAirports
BEM,IATA,Beni Mellal Airport,32.4018950,-6.3159050,active,2026-09-28,no,OurAirports
BEN,IATA,Benina International Airport,32.0968020,20.2695010,active,2026-09-28,no,OurAirports
BER,IATA,Berlin Brandenburg Airport,52.3617380,13.5023410,active,2026-09-28,no,OurAirports
BES,IATA,Brest Bretagne airport,48.4478990,-4.4185400,active,2026-09-28,no,OurAirports
BET,IATA,Bethel Airport,60.7798004,-161.8379974,active,2026-09-28,no,OurAirports
BEU,IATA,Bedourie Airport,-24.3461000,139.4600070,active,2026-09-28,no,OurAirports
BEW,IATA,Beira International Airport,-19.7964000,34.9076000,active,2026-09-28,no,OurAirports
BEY,IATA,Beirut Rafic Hariri International Airport,33.8198330,35.4874430,active,2026-09-28,no,OurAirports
BFD,IATA,Bradford Regional Airport,41.8031006,-78.6400986,active,2026-09-28,no,OurAirports
BFF,IATA,Western Neb. Rgnl/William B. Heilig Airport,41.8740005,-103.5960007,active,2026-09-28,no,OurAirports
BFI,IATA,King County International Airport - Boeing Field,47.5270420,-122.2999500,active,2026-09-28,no,OurAirports
BFJ,IATA,Bijie Feixiong Airport,27.2670660,105.4720970,active,2026-09-28,no,OurAirports
BFL,IATA,Meadows Field,35.4336010,-119.0569990,active,2026-09-28,no,OurAirports
BFN,IATA,Bram Fischer International Airport,-29.0926990,26.3024010,active,2026-09-28,no,OurAirports
BFQ,IATA,Bahia Piña Airport,7.5873700,-78.1799390,active,2026-09-28,no,OurAirports
BFS,IATA,Belfast International Airport,54.6575012,-6.2158298,active,2026-09-28,no,OurAirports
BFV,IATA,Buri Ram Airport,15.2295000,103.2529980,active,2026-09-28,no,OurAirports
BFY,IATA,Bengbu Tenghu Airport,33.1662920,117.0583440,active,2026-09-28,no,OurAirports
BGA,IATA,Palonegro Airport,7.1265000,-73.1848000,active,2026-09-28,no,OurAirports
BGC,IATA,Bragança Airport,41.8578000,-6.7071300,active,2026-09-28,no,OurAirports
BGF,IATA,Bangui M'Poko International Airport,4.3984800,18.5188010,active,2026-09-28,no,OurAirports
BGG,IATA,Bingöl Airport,38.8601310,40.5944890,active,2026-09-28,no,OurAirports
BGI,IATA,Grantley Adams International Airport,13.0746670,-59.4910340,active,2026-09-28,no,OurAirports
BGK,IATA,Big Creek Airport,16.5193690,-88.4079130,active,2026-09-28,no,OurAirports
BGM,IATA,Greater Binghamton/Edwin A Link field,42.2086983,-75.9797974,active,2026-09-28,no,OurAirports
BGO,IATA,"Bergen Airport, Flesland",60.2934000,5.2181400,active,2026-09-28,no,OurAirports
BGR,IATA,Bangor International Airport,44.8063640,-68.8266680,active,2026-09-28,no,OurAirports
BGW,IATA,Baghdad International Airport / New Al Muthana Air Base,33.2625010,44.2346000,active,2026-09-28,no,OurAirports
BGY,IATA,Il Caravaggio International Airport,45.6693620,9.7088510,active,2026-09-28,no,OurAirports
BHB,IATA,Hancock County-Bar Harbor Airport,44.4500008,-68.3615036,active,2026-09-28,no,OurAirports
BHD,IATA,George Best Belfast City Airport,54.6180990,-5.8725000,active,2026-09-28,no,OurAirports
BHE,IATA,Woodbourne Airport,-41.5182991,173.8699951,active,2026-09-28,no,OurAirports
BHH,IATA,Bisha Airport,19.9844000,42.6208990,active,2026-09-28,no,OurAirports
BHI,IATA,Comandante Espora Airport,-38.7250000,-62.1693000,active,2026-09-28,no,OurAirports
BHJ,IATA,Bhuj Airport,23.2877998,69.6701965,active,2026-09-28,no,OurAirports
BHK,IATA,Bukhara International Airport,39.7753190,64.4822790,active,2026-09-28,no,OurAirports
BHM,IATA,Birmingham-Shuttlesworth International Airport,33.5628770,-86.7507120,active,2026-09-28,no,OurAirports
BHO,IATA,Raja Bhoj International Airport,23.2875000,77.3374020,active,2026-09-28,no,OurAirports
BHQ,IATA,Broken Hill Airport,-32.0014000,141.4720001,active,2026-09-28,no,OurAirports
BHR,IATA,Bharatpur Airport,27.6781010,84.4293980,active,2026-09-28,no,OurAirports
BHS,IATA,Bathurst Airport,-33.4068170,149.6511610,active,2026-09-28,no,OurAirports
BHU,IATA,Bhavnagar Airport,21.7521992,72.1852036,active,2026-09-28,no,OurAirports
BHV,IATA,Bahawalpur Airport,29.3481007,71.7180023,active,2026-09-28,no,OurAirports
BHX,IATA,Birmingham Airport,52.4538990,-1.7480300,active,2026-09-28,no,OurAirports
BHY,IATA,Beihai Fucheng Airport,21.5386590,109.2936830,active,2026-09-28,no,OurAirports
BIA,IATA,Bastia-Poretta International airport,42.5527000,9.4837300,active,2026-09-28,no,OurAirports
BID,IATA,Block Island State Airport,41.1684460,-71.5786310,active,2026-09-28,no,OurAirports
BIH,IATA,Eastern Sierra Regional Airport,37.3731000,-118.3639980,active,2026-09-28,no,OurAirports
BIK,IATA,Frans Kaisiepo Airport,-1.1900200,136.1080020,active,2026-09-28,no,OurAirports
BIL,IATA,Billings Logan International Airport,45.8089320,-108.5412420,active,2026-09-28,no,OurAirports
BIM,IATA,South Bimini Airport,25.6998997,-79.2647018,active,2026-09-28,no,OurAirports
BIO,IATA,Bilbao Airport,43.3011020,-2.9106100,active,2026-09-28,no,OurAirports
BIQ,IATA,Biarritz Pays Basque airport,43.4683720,-1.5232230,active,2026-09-28,no,OurAirports
BIR,IATA,Biratnagar Airport,26.4815006,87.2639999,active,2026-09-28,no,OurAirports
BIS,IATA,Bismarck Municipal Airport,46.7727340,-100.7468740,active,2026-09-28,no,OurAirports
BJA,IATA,Soummam–Abane Ramdane Airport,36.7125470,5.0699090,active,2026-09-28,no,OurAirports
BJB,IATA,Bojnord Airport,37.4930000,57.3082008,active,2026-09-28,no,OurAirports
BJC,IATA,Rocky Mountain Metropolitan Airport,39.9087980,-105.1169970,active,2026-09-28,no,OurAirports
BJF,IATA,Båtsfjord Airport,70.6002500,29.6926120,active,2026-09-28,no,OurAirports
BJL,IATA,Banjul International Airport,13.3380000,-16.6522010,active,2026-09-28,no,OurAirports
BJM,IATA,Bujumbura Melchior Ndadaye International Airport,-3.3240200,29.3185010,active,2026-09-28,no,OurAirports
BJR,IATA,Bahir Dar Airport,11.6081000,37.3216020,active,2026-09-28,no,OurAirports
BJT,IATA,Bentota River Waterdrome,6.4310000,79.9960000,active,2026-09-28,no,OurAirports
BJV,IATA,Milas Bodrum International Airport,37.2493140,27.6640100,active,2026-09-28,no,OurAirports
BJX,IATA,Guanajuato International Airport,20.9926950,-101.4802840,active,2026-09-28,no,OurAirports
BJZ,IATA,Badajoz Airport,38.8913000,-6.8213300,active,2026-09-28,no,OurAirports
BKC,IATA,Buckland Airport,65.9815980,-161.1490020,active,2026-09-28,no,OurAirports
BKF,IATA,Lake Brooks Seaplane Base,58.5547980,-155.7769930,active,2026-09-28,no,OurAirports
BKG,IATA,Branson Airport,36.5320820,-93.2005440,active,2026-09-28,no,OurAirports
BKI,IATA,Kota Kinabalu International Airport,5.9327430,116.0493240,active,2026-09-28,no,OurAirports
BKK,IATA,Suvarnabhumi Airport,13.6811000,100.7470020,active,2026-09-28,no,OurAirports
BKM,IATA,Bakalalan Airport,3.9740000,115.6179960,active,2026-09-28,no,OurAirports
BKN,IATA,Balkanabat International Airport,39.6810520,54.2060080,active,2026-09-28,no,OurAirports
BKO,IATA,Modibo Keita International Airport,12.5335000,-7.9499400,active,2026-09-28,no,OurAirports
BKQ,IATA,Blackall Airport,-24.4316780,145.4297160,active,2026-09-28,no,OurAirports
BKS,IATA,Fatmawati Soekarno Airport,-3.8637000,102.3389970,active,2026-09-28,no,OurAirports
BKW,IATA,Raleigh County Memorial Airport,37.7873000,-81.1241990,active,2026-09-28,no,OurAirports
BKZ,IATA,Bukoba Airport,-1.3320000,31.8212000,active,2026-09-28,no,OurAirports
BLA,IATA,General José Antonio Anzoategui International Airport,10.1111110,-64.6922220,active,2026-09-28,no,OurAirports
BLB,IATA,Panamá Pacífico International Airport,8.9147900,-79.5996020,active,2026-09-28,no,OurAirports
BLD,IATA,Boulder City Municipal Airport,35.9471610,-114.8587990,active,2026-09-28,no,OurAirports
BLE,IATA,Dala Airport,60.4220010,15.5152000,active,2026-09-28,no,OurAirports
BLI,IATA,Bellingham International Airport,48.7928009,-122.5380020,active,2026-09-28,no,OurAirports
BLJ,IATA,Batna Mostefa Ben Boulaid Airport,35.7521020,6.3085900,active,2026-09-28,no,OurAirports
BLL,IATA,Billund Airport,55.7403350,9.1570190,active,2026-09-28,no,OurAirports
BLQ,IATA,Bologna Guglielmo Marconi Airport,44.5354000,11.2887000,active,2026-09-28,no,OurAirports
BLR,IATA,Kempegowda International Airport Bengaluru,13.1979000,77.7062990,active,2026-09-28,no,OurAirports
BLV,IATA,Scott AFB/Midamerica Airport,38.5452000,-89.8351970,active,2026-09-28,no,OurAirports
BLW,IATA,Beledweyne Airport,4.7669760,45.2388000,active,2026-09-28,no,OurAirports
BLZ,IATA,Chileka International Airport,-15.6771890,34.9723190,active,2026-09-28,no,OurAirports
BMA,IATA,Stockholm-Bromma Airport,59.3544010,17.9417000,active,2026-09-28,no,OurAirports
BME,IATA,Broome International Airport,-17.9491940,122.2283000,active,2026-09-28,no,OurAirports
BMI,IATA,Central Illinois Regional Airport at Bloomington-Normal,40.4771000,-88.9159010,active,2026-09-28,no,OurAirports
BMK,IATA,Borkum Airport,53.5963900,6.7091670,active,2026-09-28,no,OurAirports
BMO,IATA,Banmaw Airport,24.2704400,97.2476000,active,2026-09-28,no,OurAirports
BMR,IATA,Baltrum Airport,53.7248500,7.3732570,active,2026-09-28,no,OurAirports
BMU,IATA,Sultan Muhammad Salahuddin Airport,-8.5371840,118.6850020,active,2026-09-28,no,OurAirports
BMV,IATA,Buon Ma Thuot Airport,12.6682997,108.1200027,active,2026-09-28,no,OurAirports
BMW,IATA,Bordj Badji Mokhtar Airport,21.3778000,0.9269800,active,2026-09-28,no,OurAirports
BMY,IATA,Île Art - Waala Airport,-19.7205210,163.6610770,active,2026-09-28,no,OurAirports
BNA,IATA,Nashville International Airport,36.1245000,-86.6782000,active,2026-09-28,no,OurAirports
BNB,IATA,Boende Airport,-0.2866520,20.8835510,active,2026-09-28,no,OurAirports
BND,IATA,Bandar Abbas International Airport,27.2183000,56.3778000,active,2026-09-28,no,OurAirports
BNE,IATA,Brisbane International Airport,-27.3841991,153.1170044,active,2026-09-28,no,OurAirports
BNI,IATA,Benin Airport,6.3169799,5.5995002,active,2026-09-28,no,OurAirports
BNK,IATA,Ballina Byron Gateway Airport,-28.8332360,153.5614710,active,2026-09-28,no,OurAirports
BNN,IATA,"Brønnøysund Airport, Brønnøy",65.4610980,12.2175000,active,2026-09-28,no,OurAirports
BNS,IATA,Barinas Airport,8.6150000,-70.2141670,active,2026-09-28,no,OurAirports
BNX,IATA,Banja Luka International Airport,44.9413990,17.2975010,active,2026-09-28,no,OurAirports
BNY,IATA,Bellona/Anua Airport,-11.3022222,159.7983333,active,2026-09-28,no,OurAirports
BOB,IATA,Bora Bora Airport,-16.4444008,-151.7510071,active,2026-09-28,no,OurAirports
BOC,IATA,"Bocas del Toro ""Isla Colón"" International Airport",9.3408500,-82.2508010,active,2026-09-28,no,OurAirports
BOD,IATA,Bordeaux–Mérignac Airport,44.8286500,-0.7153560,active,2026-09-28,no,OurAirports
BOG,IATA,El Dorado International Airport,4.7015900,-74.1469000,active,2026-09-28,no,OurAirports
BOH,IATA,Bournemouth Airport,50.7804830,-1.8395760,active,2026-09-28,no,OurAirports
BOI,IATA,Boise Air Terminal/Gowen Field,43.5644000,-116.2230000,active,2026-09-28,no,OurAirports
BOJ,IATA,Burgas Airport,42.5699170,27.5151730,active,2026-09-28,no,OurAirports
BOM,IATA,Chhatrapati Shivaji Maharaj International Airport,19.0886990,72.8678970,active,2026-09-28,no,OurAirports
BON,IATA,Flamingo International Airport,12.1310000,-68.2685010,active,2026-09-28,no,OurAirports
BOO,IATA,Bodø Airport,67.2692030,14.3653000,active,2026-09-28,no,OurAirports
BOR,IATA,Bokeo International Airport,20.3239860,100.1653920,active,2026-09-28,no,OurAirports
BOS,IATA,Boston Logan International Airport,42.3619700,-71.0079000,active,2026-09-28,no,OurAirports
BOT,IATA,Bosset Airport,-7.2372570,141.1063222,active,2026-09-28,no,OurAirports
BOY,IATA,Bobo Dioulasso Airport,11.1601000,-4.3309700,active,2026-09-28,no,OurAirports
BPE,IATA,Qinhuangdao Beidaihe Airport,39.6663840,119.0613840,active,2026-09-28,no,OurAirports
BPL,IATA,Bole Alashankou Airport,44.8954610,82.3000700,active,2026-09-28,no,OurAirports
BPN,IATA,Sultan Aji Muhammad Sulaiman Sepinggan International Airport,-1.2683420,116.8945200,active,2026-09-28,no,OurAirports
BPS,IATA,Porto Seguro International Airport,-16.4384260,-39.0805840,active,2026-09-28,no,OurAirports
BPT,IATA,Jack Brooks Regional Airport,29.9508000,-94.0206990,active,2026-09-28,no,OurAirports
BPX,IATA,Qamdo Bangda Airport,30.5536003,97.1082993,active,2026-09-28,no,OurAirports
BPY,IATA,Besalampy Airport,-16.7445300,44.4824840,active,2026-09-28,no,OurAirports
BQB,IATA,Busselton Margaret River Regional Airport,-33.6872220,115.4002780,active,2026-09-28,no,OurAirports
BQG,IATA,Bogorodskoye Airport,52.3810410,140.4493780,active,2026-09-28,no,OurAirports
BQJ,IATA,Batagay Airport,67.6480030,134.6950070,active,2026-09-28,no,OurAirports
BQK,IATA,Brunswick Golden Isles Airport,31.2588010,-81.4664990,active,2026-09-28,no,OurAirports
BQL,IATA,Boulia Airport,-22.9132996,139.8999939,active,2026-09-28,no,OurAirports
BQN,IATA,Rafael Hernández International Airport,18.4949000,-67.1294020,active,2026-09-28,no,OurAirports
BQS,IATA,Ignatyevo Airport,50.4267230,127.4155020,active,2026-09-28,no,OurAirports
BQT,IATA,Brest International Airport,52.1081380,23.8967600,active,2026-09-28,no,OurAirports
BQU,IATA,J F Mitchell Airport,12.9884000,-61.2620010,active,2026-09-28,no,OurAirports
BRA,IATA,Dom Ricardo Weberberger Airport,-12.0789000,-45.0089990,active,2026-09-28,no,OurAirports
BRC,IATA,Teniente Luis Candelaria International Airport,-41.1511990,-71.1575010,active,2026-09-28,no,OurAirports
BRD,IATA,Brainerd Lakes Regional Airport,46.4028610,-94.1297270,active,2026-09-28,no,OurAirports
BRE,IATA,Bremen Airport,53.0467860,8.7893200,active,2026-09-28,no,OurAirports
BRI,IATA,Bari Karol Wojtyła International Airport,41.1389010,16.7605990,active,2026-09-28,no,OurAirports
BRK,IATA,Bourke Airport,-30.0391998,145.9519958,active,2026-09-28,no,OurAirports
BRL,IATA,Southeast Iowa Regional Airport,40.7831993,-91.1255035,active,2026-09-28,no,OurAirports
BRM,IATA,Jacinto Lara International Airport,10.0427470,-69.3586200,active,2026-09-28,no,OurAirports
BRN,IATA,Bern Airport,46.9127360,7.4988190,active,2026-09-28,no,OurAirports
BRO,IATA,Brownsville South Padre Island International Airport,25.9072380,-97.4252350,active,2026-09-28,no,OurAirports
BRQ,IATA,Brno-Tuřany Airport,49.1512760,16.6939720,active,2026-09-28,no,OurAirports
BRR,IATA,Barra Airport,57.0228000,-7.4430600,active,2026-09-28,no,OurAirports
BRS,IATA,Bristol Airport,51.3823260,-2.7164530,active,2026-09-28,no,OurAirports
BRU,IATA,Brussels Airport,50.9014020,4.4844400,active,2026-09-28,no,OurAirports
BRW,IATA,Wiley Post Will Rogers Memorial Airport,71.2854020,-156.7660080,active,2026-09-28,no,OurAirports
BRX,IATA,Maria Montez International Airport,18.2514992,-71.1203995,active,2026-09-28,no,OurAirports
BSA,IATA,Bender Qassim International Airport,11.2752350,49.1392310,active,2026-09-28,no,OurAirports
BSB,IATA,Presidente Juscelino Kubitschek International Airport,-15.8691670,-47.9208340,active,2026-09-28,no,OurAirports
BSC,IATA,José Celestino Mutis Airport,6.2029200,-77.3947000,active,2026-09-28,no,OurAirports
BSD,IATA,Baoshan Yunrui Airport,25.0533010,99.1682970,active,2026-09-28,no,OurAirports
BSG,IATA,Bata International Airport,1.9054700,9.8056800,active,2026-09-28,no,OurAirports
BSK,IATA,Biskra - Mohamed Khider Airport,34.7931800,5.7388990,active,2026-09-28,no,OurAirports
BSL,IATA,EuroAirport Basel–Mulhouse–Freiburg,47.6006800,7.5211170,active,2026-09-28,no,OurAirports
BSO,IATA,Basco Airport,20.4513000,121.9800030,active,2026-09-28,no,OurAirports
BSR,IATA,Basra International Airport,30.5491010,47.6621020,active,2026-09-28,no,OurAirports
BSX,IATA,Pathein Airport,16.8152010,94.7799000,active,2026-09-28,no,OurAirports
BSZ,IATA,Manas International Airport,43.0612980,74.4776000,active,2026-09-28,no,OurAirports
BTC,IATA,Batticaloa International Airport,7.7050730,81.6771630,active,2026-09-28,no,OurAirports
BTH,IATA,Hang Nadim International Airport,1.1210300,104.1190030,active,2026-09-28,no,OurAirports
BTI,IATA,Barter Island Long Range Radar Station Airport,70.1340030,-143.5820010,active,2026-09-28,no,OurAirports
BTJ,IATA,Sultan Iskandar Muda International Airport,5.5250870,95.4199700,active,2026-09-28,no,OurAirports
BTK,IATA,Bratsk Airport,56.3696000,101.7018220,active,2026-09-28,no,OurAirports
BTM,IATA,Bert Mooney Airport,45.9547997,-112.4970016,active,2026-09-28,no,OurAirports
BTR,IATA,Baton Rouge Metropolitan Airport,30.5331990,-91.1495970,active,2026-09-28,no,OurAirports
BTS,IATA,M. R. Štefánik Airport,48.1702000,17.2127000,active,2026-09-28,no,OurAirports
BTT,IATA,Bettles Airport,66.9139020,-151.5290070,active,2026-09-28,no,OurAirports
BTU,IATA,Bintulu Airport,3.1238501,113.0199966,active,2026-09-28,no,OurAirports
BTV,IATA,Patrick Leahy Burlington International Airport,44.4719010,-73.1532970,active,2026-09-28,no,OurAirports
BTW,IATA,Bersujud Airport,-3.4124100,115.9950030,active,2026-09-28,no,OurAirports
BUA,IATA,Buka Airport,-5.4222990,154.6726980,active,2026-09-28,no,OurAirports
BUC,IATA,Burketown Airport,-17.7486000,139.5339966,active,2026-09-28,no,OurAirports
BUD,IATA,Budapest Liszt Ferenc International Airport,47.4301800,19.2623930,active,2026-09-28,no,OurAirports
BUF,IATA,Buffalo Niagara International Airport,42.9404980,-78.7322010,active,2026-09-28,no,OurAirports
BUI,IATA,Bokondini Airport,-3.6845500,138.6774370,active,2026-09-28,no,OurAirports
BUN,IATA,Gerardo Tobar López Airport,3.8196300,-76.9898000,active,2026-09-28,no,OurAirports
BUQ,IATA,Joshua Mqabuko Nkomo International Airport,-20.0162840,28.6228970,active,2026-09-28,no,OurAirports
BUR,IATA,Hollywood Burbank/Bob Hope Airport,34.2028340,-118.3580500,active,2026-09-28,no,OurAirports
BUS,IATA,Alexander Kartveli Batumi International Airport,41.6093900,41.6003150,active,2026-09-28,no,OurAirports
BUT,IATA,Bathpalathang Airport,27.5622000,90.7471000,active,2026-09-28,no,OurAirports
BUU,IATA,Muara Bungo Airport,-1.5416350,102.1816130,active,2026-09-28,no,OurAirports
BUX,IATA,Bunia Airport,1.5657430,30.2206850,active,2026-09-28,no,OurAirports
BUZ,IATA,Bushehr Airport,28.9447994,50.8345985,active,2026-09-28,no,OurAirports
BVA,IATA,Beauvais-Tillé airport,49.4543990,2.1127800,active,2026-09-28,no,OurAirports
BVB,IATA,Atlas Brasil Cantanhede International Airport,2.8461500,-60.6906480,active,2026-09-28,no,OurAirports
BVC,IATA,Aristides Pereira International Airport,16.1364990,-22.8889010,active,2026-09-28,no,OurAirports
BVE,IATA,Brive Souillac airport,45.0397220,1.4855560,active,2026-09-28,no,OurAirports
BVG,IATA,Berlevåg Airport,70.8715170,29.0340970,active,2026-09-28,no,OurAirports
BVH,IATA,Brigadeiro Camarão Airport,-12.6944000,-60.0983010,active,2026-09-28,no,OurAirports
BVI,IATA,Birdsville Airport,-25.8974991,139.3480072,active,2026-09-28,no,OurAirports
BVJ,IATA,Bovanenkovo Airport,70.3152780,68.3336110,active,2026-09-28,no,OurAirports
BVS,IATA,Breves Airport,-1.6365300,-50.4436000,active,2026-09-28,no,OurAirports
BWA,IATA,Gautam Buddha International Airport,27.5046360,83.4103810,active,2026-09-28,no,OurAirports
BWI,IATA,Baltimore/Washington International Thurgood Marshall Airport,39.1754000,-76.6682970,active,2026-09-28,no,OurAirports
BWK,IATA,Brač Airport,43.2844540,16.6783620,active,2026-09-28,no,OurAirports
BWN,IATA,Brunei International Airport,4.9442000,114.9280010,active,2026-09-28,no,OurAirports
BWO,IATA,Balakovo Airport,51.8582990,47.7456020,active,2026-09-28,no,OurAirports
BWT,IATA,Wynyard Airport,-40.9970390,145.7260000,active,2026-09-28,no,OurAirports
BWX,IATA,Banyuwangi Airport,-8.3101500,114.3401000,active,2026-09-28,no,OurAirports
BXG,IATA,Bendigo Airport,-36.7393990,144.3300020,active,2026-09-28,no,OurAirports
BXH,IATA,Balkhash Airport,46.8942460,75.0045330,active,2026-09-28,no,OurAirports
BXR,IATA,Bam Airport,29.0842000,58.4500010,active,2026-09-28,no,OurAirports
BXT,IATA,LNG Badak Airport,0.1216560,117.4765580,active,2026-09-28,no,OurAirports
BXU,IATA,Bancasi Airport,8.9515000,125.4788000,active,2026-09-28,no,OurAirports
BXY,IATA,Baikonur Krayniy International Airport,45.6219940,63.2107730,active,2026-09-28,no,OurAirports
BYK,IATA,Bouaké Airport,7.7388000,-5.0736700,active,2026-09-28,no,OurAirports
BYM,IATA,Carlos Manuel de Cespedes Airport,20.3964000,-76.6213990,active,2026-09-28,no,OurAirports
BYN,IATA,Bayankhongor Airport,46.1633000,100.7040020,active,2026-09-28,no,OurAirports
BYO,IATA,Bonito Airport,-21.2473000,-56.4523990,active,2026-09-28,no,OurAirports
BYR,IATA,Læsø Airport,57.2771990,11.0001000,active,2026-09-28,no,OurAirports
BYW,IATA,Blakely Island Airport,48.5791620,-122.8238440,active,2026-09-28,no,OurAirports
BZE,IATA,Philip S. W. Goldson International Airport,17.5399510,-88.3035560,active,2026-09-28,no,OurAirports
BZG,IATA,Ignacy Jan Paderewski Bydgoszcz Airport,53.0968020,17.9776990,active,2026-09-28,no,OurAirports
BZI,IATA,Balıkesir Airport,39.6193010,27.9260010,active,2026-09-28,no,OurAirports
BZL,IATA,Barisal Airport,22.8010010,90.3012010,active,2026-09-28,no,OurAirports
BZN,IATA,Bozeman Yellowstone International Airport,45.7788530,-111.1537110,active,2026-09-28,no,OurAirports
BZO,IATA,Bolzano Airport,46.4592450,11.3261250,active,2026-09-28,no,OurAirports
BZR,IATA,Béziers Vias airport,43.3235020,3.3539000,active,2026-09-28,no,OurAirports
BZV,IATA,Maya-Maya International Airport,-4.2517000,15.2530000,active,2026-09-28,no,OurAirports
BZX,IATA,Bazhong Enyang Airport,31.7384200,106.6448720,active,2026-09-28,no,OurAirports
CAB,IATA,Cabinda Airport,-5.5983900,12.1881450,active,2026-09-28,no,OurAirports
CAC,IATA,Coronel Adalberto Mendes da Silva Airport,-25.0003230,-53.5012080,active,2026-09-28,no,OurAirports
CAE,IATA,Columbia Metropolitan Airport,33.9381720,-81.1230220,active,2026-09-28,no,OurAirports
CAF,IATA,Carauari Airport,-4.8714730,-66.8975520,active,2026-09-28,no,OurAirports
CAG,IATA,Cagliari Elmas Airport,39.2514990,9.0542800,active,2026-09-28,no,OurAirports
CAH,IATA,Cà Mau Airport,9.1776670,105.1777780,active,2026-09-28,no,OurAirports
CAI,IATA,Cairo International Airport,30.1115340,31.3966940,active,2026-09-28,no,OurAirports
CAJ,IATA,Canaima Airport,6.2319890,-62.8548500,active,2026-09-28,no,OurAirports
CAK,IATA,Akron Canton Regional Airport,40.9160995,-81.4421997,active,2026-09-28,no,OurAirports
CAL,IATA,Campbeltown Airport,55.4371990,-5.6863900,active,2026-09-28,no,OurAirports
CAN,IATA,Guangzhou Baiyun International Airport,23.3924010,113.2990040,active,2026-09-28,no,OurAirports
CAP,IATA,Cap Haitien International Airport,19.7255470,-72.2007100,active,2026-09-28,no,OurAirports
CAT,IATA,Cascais Airport,38.7249980,-9.3552300,active,2026-09-28,no,OurAirports
CAU,IATA,Caruaru Airport,-8.2823900,-36.0135000,active,2026-09-28,no,OurAirports
CAW,IATA,Bartolomeu Lisandro Airport,-21.6982990,-41.3017010,active,2026-09-28,no,OurAirports
CAY,IATA,Cayenne – Félix Eboué Airport,4.8199640,-52.3613260,active,2026-09-28,no,OurAirports
CAZ,IATA,Cobar Airport,-31.5382996,145.7940063,active,2026-09-28,no,OurAirports
CBB,IATA,Jorge Wilsterman International Airport,-17.4211050,-66.1771020,active,2026-09-28,no,OurAirports
CBH,IATA,Béchar Boudghene Ben Ali Lotfi Airport,31.6457005,-2.2698600,active,2026-09-28,no,OurAirports
CBO,IATA,Cotabato (Awang) Airport,7.1647530,124.2099380,active,2026-09-28,no,OurAirports
CBQ,IATA,Margaret Ekpo International Airport,4.9760199,8.3472004,active,2026-09-28,no,OurAirports
CBR,IATA,Canberra Airport,-35.3069000,149.1950070,active,2026-09-28,no,OurAirports
CBT,IATA,Catumbela Airport,-12.4792000,13.4869000,active,2026-09-28,no,OurAirports
CCA,IATA,Chimore Airport,-16.9768340,-65.1455680,active,2026-09-28,no,OurAirports
CCC,IATA,Jardines Del Rey Airport,22.4610004,-78.3283997,active,2026-09-28,no,OurAirports
CCE,IATA,Capital International Airport,30.0646500,31.8399740,active,2026-09-28,no,OurAirports
CCF,IATA,Carcassonne Salvaza Airport,43.2160000,2.3063200,active,2026-09-28,no,OurAirports
CCJ,IATA,Calicut International Airport,11.1359960,75.9551520,active,2026-09-28,no,OurAirports
CCK,IATA,Cocos (Keeling) Islands Airport,-12.1922180,96.8341030,active,2026-09-28,no,OurAirports
CCP,IATA,Carriel Sur International Airport,-36.7723500,-73.0628280,active,2026-09-28,no,OurAirports
CCR,IATA,Buchanan Field,37.9897000,-122.0569990,active,2026-09-28,no,OurAirports
CCS,IATA,Maiquetía Simón Bolívar International Airport,10.6022140,-66.9911740,active,2026-09-28,no,OurAirports
CCU,IATA,Netaji Subhash Chandra Bose International Airport,22.6540120,88.4476500,active,2026-09-28,no,OurAirports
CCV,IATA,Craig Cove Airport,-16.2649990,167.9239960,active,2026-09-28,no,OurAirports
CCZ,IATA,Chub Cay Airport,25.4171010,-77.8808980,active,2026-09-28,no,OurAirports
CDB,IATA,Cold Bay Airport,55.2078710,-162.7250290,active,2026-09-28,no,OurAirports
CDC,IATA,Cedar City Regional Airport,37.7010002,-113.0989990,active,2026-09-28,no,OurAirports
CDE,IATA,Chengde Puning Airport,41.1225000,118.0738890,active,2026-09-28,no,OurAirports
CDG,IATA,Charles de Gaulle International Airport,49.0089600,2.5541170,active,2026-09-28,no,OurAirports
CDP,IATA,Kadapa Airport,14.5131540,78.7691830,active,2026-09-28,no,OurAirports
CDR,IATA,Chadron Municipal Airport,42.8376010,-103.0950010,active,2026-09-28,no,OurAirports
CDT,IATA,Castellón-Costa Azahar Airport,40.2138890,0.0733330,active,2026-09-28,no,OurAirports
CDV,IATA,Merle K (Mudhole) Smith Airport,60.4917980,-145.4779970,active,2026-09-28,no,OurAirports
CEB,IATA,Mactan Cebu International Airport,10.3092610,123.9797400,active,2026-09-28,no,OurAirports
CEC,IATA,Jack Mc Namara Field Airport,41.7789290,-124.2364030,active,2026-09-28,no,OurAirports
CED,IATA,Ceduna Airport,-32.1306000,133.7100067,active,2026-09-28,no,OurAirports
CEE,IATA,Cherepovets Airport,59.2736015,38.0158005,active,2026-09-28,no,OurAirports
CEI,IATA,Mae Fah Luang - Chiang Rai International Airport,19.9522990,99.8828960,active,2026-09-28,no,OurAirports
CEK,IATA,Kurchatov Chelyabinsk International Airport,55.3031410,61.5049270,active,2026-09-28,no,OurAirports
CEL,IATA,Canela Airport,-29.3700910,-50.8317290,active,2026-09-28,no,OurAirports
CEM,IATA,Central Airport,65.5738150,-144.7807070,active,2026-09-28,no,OurAirports
CEN,IATA,Ciudad Obregón International Airport,27.3925991,-109.8330002,active,2026-09-28,no,OurAirports
CEZ,IATA,Cortez Municipal Airport,37.3030010,-108.6279980,active,2026-09-28,no,OurAirports
CFB,IATA,Cabo Frio Airport,-22.9214850,-42.0718740,active,2026-09-28,no,OurAirports
CFE,IATA,Clermont-Ferrand Auvergne airport,45.7867010,3.1691700,active,2026-09-28,no,OurAirports
CFG,IATA,Jaime Gonzalez Airport,22.1499996,-80.4141998,active,2026-09-28,no,OurAirports
CFK,IATA,Chlef Aboubakr Belkaid International Airport,36.2166140,1.3411140,active,2026-09-28,no,OurAirports
CFN,IATA,Donegal Airport,55.0442009,-8.3409996,active,2026-09-28,no,OurAirports
CFR,IATA,Caen Carpiquet airport,49.1767800,-0.4548830,active,2026-09-28,no,OurAirports
CFS,IATA,Coffs Harbour Airport,-30.3206010,153.1159970,active,2026-09-28,no,OurAirports
CFU,IATA,Corfu Ioannis Kapodistrias International Airport,39.6014500,19.9121790,active,2026-09-28,no,OurAirports
CGA,IATA,Craig Seaplane Base,55.4788020,-133.1479950,active,2026-09-28,no,OurAirports
CGB,IATA,Várzea Grande–Marechal Rondon International Airport,-15.6529000,-56.1166990,active,2026-09-28,no,OurAirports
CGD,IATA,Changde Taohuayuan Airport,28.9189000,111.6399990,active,2026-09-28,no,OurAirports
CGH,IATA,Congonhas–Deputado Freitas Nobre Airport,-23.6276570,-46.6546010,active,2026-09-28,no,OurAirports
CGI,IATA,Cape Girardeau Regional Airport,37.2253000,-89.5708010,active,2026-09-28,no,OurAirports
CGK,IATA,Soekarno-Hatta International Airport,-6.1255700,106.6559980,active,2026-09-28,no,OurAirports
CGM,IATA,Camiguin Airport,9.2538940,124.7091150,active,2026-09-28,no,OurAirports
CGN,IATA,Cologne Bonn Airport,50.8658980,7.1427400,active,2026-09-28,no,OurAirports
CGO,IATA,Zhengzhou Xinzheng International Airport,34.5264970,113.8491650,active,2026-09-28,no,OurAirports
CGP,IATA,Shah Amanat International Airport,22.2495990,91.8133010,active,2026-09-28,no,OurAirports
CGQ,IATA,Changchun Longjia International Airport,43.9962010,125.6849980,active,2026-09-28,no,OurAirports
CGR,IATA,Campo Grande Airport,-20.4699980,-54.6739880,active,2026-09-28,no,OurAirports
CGY,IATA,Laguindingan International Airport,8.6122030,124.4564960,active,2026-09-28,no,OurAirports
CHA,IATA,Chattanooga Metropolitan Airport (Lovell Field),35.0353010,-85.2037960,active,2026-09-28,no,OurAirports
CHC,IATA,Christchurch International Airport,-43.4890290,172.5320650,active,2026-09-28,no,OurAirports
CHE,IATA,Tallinn Linnahall Heliport,59.4480150,24.7533130,active,2026-09-28,no,OurAirports
CHG,IATA,Chaoyang Airport,41.5381010,120.4349980,active,2026-09-28,no,OurAirports
CHH,IATA,Chachapoyas Airport,-6.2019110,-77.8561950,active,2026-09-28,no,OurAirports
CHM,IATA,FAP Lieutenant Jaime Andres de Montreuil Morales Airport,-9.1496100,-78.5238040,active,2026-09-28,no,OurAirports
CHO,IATA,Charlottesville Albemarle Airport,38.1385994,-78.4529037,active,2026-09-28,no,OurAirports
CHQ,IATA,Chania International Airport,35.5312070,24.1506730,active,2026-09-28,no,OurAirports
CHS,IATA,Charleston International Airport,32.8961590,-80.0381510,active,2026-09-28,no,OurAirports
CHT,IATA,Inia William Tuuta Memorial Airport,-43.8118900,-176.4651400,active,2026-09-28,no,OurAirports
CHU,IATA,Chuathbaluk Airport,61.5791020,-159.2160030,active,2026-09-28,no,OurAirports
CHX,IATA,Changuinola Captain Manuel Niño International Airport,9.4589620,-82.5150620,active,2026-09-28,no,OurAirports
CHY,IATA,Choiseul Bay Airport,-6.7119440,156.3961110,active,2026-09-28,no,OurAirports
CIA,IATA,Ciampino–G. B. Pastine International Airport,41.7987690,12.5953310,active,2026-09-28,no,OurAirports
CID,IATA,The Eastern Iowa Airport,41.8847010,-91.7108000,active,2026-09-28,no,OurAirports
CIF,IATA,Chifeng Yulong Airport,42.1597230,118.8409710,active,2026-09-28,no,OurAirports
CIH,IATA,Changzhi Wangcun Airport,36.2475010,113.1259990,active,2026-09-28,no,OurAirports
CIJ,IATA,Capitán Aníbal Arab Airport,-11.0391090,-68.7827740,active,2026-09-28,no,OurAirports
CIK,IATA,Chalkyitsik Airport,66.6449970,-143.7400050,active,2026-09-28,no,OurAirports
CIT,IATA,Shymkent International Airport,42.3650210,69.4756400,active,2026-09-28,no,OurAirports
CIU,IATA,Chippewa County International Airport,46.2420380,-84.4620820,active,2026-09-28,no,OurAirports
CIW,IATA,Canouan Airport,12.6990000,-61.3424000,active,2026-09-28,no,OurAirports
CIX,IATA,Capitán FAP José A. Quiñones González International Airport,-6.7892230,-79.8282540,active,2026-09-28,no,OurAirports
CIY,IATA,Comiso Airport,36.9958300,14.6088900,active,2026-09-28,no,OurAirports
CJA,IATA,Mayor General FAP Armando Revoredo Iglesias Airport,-7.1391800,-78.4894030,active,2026-09-28,no,OurAirports
CJB,IATA,Coimbatore International Airport,11.0300000,77.0434040,active,2026-09-28,no,OurAirports
CJC,IATA,El Loa Airport,-22.4981990,-68.9036030,active,2026-09-28,no,OurAirports
CJJ,IATA,Cheongju International Airport/Cheongju Air Base (K-59/G-513),36.7155600,127.5002890,active,2026-09-28,no,OurAirports
CJL,IATA,Chitral Airport,35.8862130,71.7999220,active,2026-09-28,no,OurAirports
CJM,IATA,Chumphon Airport,10.7112000,99.3617020,active,2026-09-28,no,OurAirports
CJN,IATA,Nusawiru Airport,-7.7198950,108.4889950,active,2026-09-28,no,OurAirports
CJS,IATA,Abraham González International Airport,31.6366730,-106.4285330,active,2026-09-28,no,OurAirports
CJU,IATA,Jeju International Airport,33.5120580,126.4925480,active,2026-09-28,no,OurAirports
CJZ,IATA,Pedro Vieira Moreira Airport,-6.8827000,-38.6158300,active,2026-09-28,no,OurAirports
CKB,IATA,North Central West Virginia Airport,39.2966000,-80.2281040,active,2026-09-28,no,OurAirports
CKD,IATA,Crooked Creek Airport,61.8703150,-158.1376360,active,2026-09-28,no,OurAirports
CKG,IATA,Chongqing Jiangbei International Airport,29.7122540,106.6518950,active,2026-09-28,no,OurAirports
CKH,IATA,Chokurdakh Airport,70.6231000,147.9019930,active,2026-09-28,no,OurAirports
CKS,IATA,Carajás Airport,-6.1178410,-50.0033720,active,2026-09-28,no,OurAirports
CKW,IATA,Christmas Creek Airport,-22.3543020,119.6426030,active,2026-09-28,no,OurAirports
CKX,IATA,Chicken Airport,64.0664950,-141.9513420,active,2026-09-28,no,OurAirports
CKY,IATA,Ahmed Sékou Touré International Airport,9.5768900,-13.6120000,active,2026-09-28,no,OurAirports
CKZ,IATA,Çanakkale Airport,40.1376991,26.4267998,active,2026-09-28,no,OurAirports
CLD,IATA,McClellan-Palomar Airport,33.1283000,-117.2799990,active,2026-09-28,no,OurAirports
CLE,IATA,Cleveland Hopkins International Airport,41.4117010,-81.8498000,active,2026-09-28,no,OurAirports
CLJ,IATA,Avram Iancu Cluj International Airport,46.7860420,23.6857330,active,2026-09-28,no,OurAirports
CLL,IATA,Easterwood Field,30.5886000,-96.3638000,active,2026-09-28,no,OurAirports
CLO,IATA,Alfonso Bonilla Aragon International Airport,3.5427170,-76.3818980,active,2026-09-28,no,OurAirports
CLP,IATA,Clarks Point Airport,58.8336980,-158.5290070,active,2026-09-28,no,OurAirports
CLQ,IATA,Licenciado Miguel de la Madrid International Airport,19.2770000,-103.5770020,active,2026-09-28,no,OurAirports
CLT,IATA,Charlotte Douglas International Airport,35.2140007,-80.9431000,active,2026-09-28,no,OurAirports
CLV,IATA,Nelson Ribeiro Guimarães Airport,-17.7250960,-48.6063240,active,2026-09-28,no,OurAirports
CLY,IATA,Calvi Sainte Catherine Airport,42.5304220,8.7929840,active,2026-09-28,no,OurAirports
CMA,IATA,Cunnamulla Airport,-28.0300007,145.6219940,active,2026-09-28,no,OurAirports
CMB,IATA,Bandaranaike International Colombo Airport,7.1807599,79.8841019,active,2026-09-28,no,OurAirports
CME,IATA,Ciudad del Carmen International Airport,18.6515160,-91.7993550,active,2026-09-28,no,OurAirports
CMF,IATA,Chambéry Aix les Bains airport,45.6381000,5.8802300,active,2026-09-28,no,OurAirports
CMG,IATA,Corumbá International Airport,-19.0119300,-57.6727720,active,2026-09-28,no,OurAirports
CMH,IATA,John Glenn Columbus International Airport,39.9980010,-82.8918990,active,2026-09-28,no,OurAirports
CMI,IATA,University of Illinois Willard Airport,40.0398190,-88.2762490,active,2026-09-28,no,OurAirports
CMN,IATA,Mohammed V International Airport,33.3675000,-7.5899700,active,2026-09-28,no,OurAirports
CMU,IATA,Chimbu Airport,-6.0242901,144.9709930,active,2026-09-28,no,OurAirports
CMW,IATA,Ignacio Agramonte International Airport,21.4199090,-77.8480390,active,2026-09-28,no,OurAirports
CMX,IATA,Houghton County Memorial Airport,47.1683998,-88.4890976,active,2026-09-28,no,OurAirports
CNB,IATA,Coonamble Airport,-30.9809460,148.3778330,active,2026-09-28,no,OurAirports
CNC,IATA,Coconut Island Airport,-10.0501390,143.0700070,active,2026-09-28,no,OurAirports
CND,IATA,Mihail Kogălniceanu International Airport,44.3622020,28.4883000,active,2026-09-28,no,OurAirports
CNF,IATA,Tancredo Neves International Airport,-19.6357100,-43.9669280,active,2026-09-28,no,OurAirports
CNI,IATA,Changhai Dachangshandao Airport,39.2664410,122.6669600,active,2026-09-28,no,OurAirports
CNJ,IATA,Cloncurry Airport,-20.6686001,140.5039978,active,2026-09-28,no,OurAirports
CNM,IATA,Cavern City Air Terminal,32.3375015,-104.2630005,active,2026-09-28,no,OurAirports
CNN,IATA,Kannur International Airport,11.9163430,75.5449790,active,2026-09-28,no,OurAirports
CNP,IATA,Neerlerit Inaat Airport,70.7431030,-22.6504990,active,2026-09-28,no,OurAirports
CNQ,IATA,Corrientes Airport,-27.4455000,-58.7619000,active,2026-09-28,no,OurAirports
CNS,IATA,Cairns International Airport,-16.8789210,145.7494800,active,2026-09-28,no,OurAirports
CNX,IATA,Chiang Mai International Airport,18.7667999,98.9626007,active,2026-09-28,no,OurAirports
CNY,IATA,Canyonlands Regional Airport,38.7550010,-109.7549970,active,2026-09-28,no,OurAirports
COD,IATA,Yellowstone Regional Airport,44.5201990,-109.0240020,active,2026-09-28,no,OurAirports
COK,IATA,Cochin International Airport,10.1510470,76.4008380,active,2026-09-28,no,OurAirports
COL,IATA,Coll Airport,56.6018980,-6.6177800,active,2026-09-28,no,OurAirports
COO,IATA,Cotonou Cadjehoun International Airport,6.3572300,2.3843500,active,2026-09-28,no,OurAirports
COQ,IATA,Choibalsan Airport,48.1353810,114.6472310,active,2026-09-28,no,OurAirports
COR,IATA,Ingeniero Aeronáutico Ambrosio L.V. Taravella International Airport,-31.3123460,-64.2083290,active,2026-09-28,no,OurAirports
COS,IATA,City of Colorado Springs Municipal Airport,38.8058010,-104.7009960,active,2026-09-28,no,OurAirports
COU,IATA,Columbia Regional Airport,38.8181000,-92.2195970,active,2026-09-28,no,OurAirports
COV,IATA,Çukurova International Airport,36.8914780,35.0712350,active,2026-09-28,no,OurAirports
CPC,IATA,Aviador C. Campos Airport,-40.0754010,-71.1372990,active,2026-09-28,no,OurAirports
CPD,IATA,Coober Pedy Airport,-29.0383120,134.7221660,active,2026-09-28,no,OurAirports
CPE,IATA,Ingeniero Alberto Acuña Ongay International Airport,19.8159690,-90.5001250,active,2026-09-28,no,OurAirports
CPH,IATA,Copenhagen Kastrup Airport,55.6179008,12.6560001,active,2026-09-28,no,OurAirports
CPO,IATA,Desierto de Atacama Airport,-27.2612000,-70.7791980,active,2026-09-28,no,OurAirports
CPR,IATA,Casper-Natrona County International Airport,42.9073810,-106.4616090,active,2026-09-28,no,OurAirports
CPT,IATA,Cape Town International Airport,-33.9740300,18.6043330,active,2026-09-28,no,OurAirports
CPV,IATA,Presidente João Suassuna Airport,-7.2696620,-35.8960570,active,2026-09-28,no,OurAirports
CPX,IATA,Benjamin Rivera Noriega Airport,18.3129540,-65.3038930,active,2026-09-28,no,OurAirports
CQW,IATA,Chongqing Xiannüshan Airport,29.4656580,107.6936640,active,2026-09-28,no,OurAirports
CRA,IATA,Craiova International Airport,44.3181000,23.8885990,active,2026-09-28,no,OurAirports
CRD,IATA,General Enrique Mosconi International Airport,-45.7869410,-67.4633550,active,2026-09-28,no,OurAirports
CRI,IATA,Colonel Hill Airport,22.7456000,-74.1824040,active,2026-09-28,no,OurAirports
CRK,IATA,Clark International Airport / Clark Air Base,15.1860000,120.5599980,active,2026-09-28,no,OurAirports
CRL,IATA,Brussels South Charleroi Airport,50.4619630,4.4595620,active,2026-09-28,no,OurAirports
CRM,IATA,Catarman National Airport,12.5016100,124.6352580,active,2026-09-28,no,OurAirports
CRP,IATA,Corpus Christi International Airport,27.7703990,-97.5011980,active,2026-09-28,no,OurAirports
CRU,IATA,Lauriston Airport,12.4761000,-61.4728010,active,2026-09-28,no,OurAirports
CRV,IATA,Crotone Sant'Anna Pythagoras Airport,38.9972000,17.0802000,active,2026-09-28,no,OurAirports
CRW,IATA,Yeager Airport,38.3731000,-81.5932010,active,2026-09-28,no,OurAirports
CRZ,IATA,Türkmenabat International Airport,38.9306620,63.5639820,active,2026-09-28,no,OurAirports
CSA,IATA,Colonsay Airstrip,56.0574990,-6.2430600,active,2026-09-28,no,OurAirports
CSG,IATA,Columbus Airport,32.5164150,-84.9396020,active,2026-09-28,no,OurAirports
CSH,IATA,Solovki Airport,65.0299960,35.7305580,active,2026-09-28,no,OurAirports
CSK,IATA,Cap Skirring Airport,12.3953300,-16.7480000,active,2026-09-28,no,OurAirports
CSW,IATA,Cabo San Lucas International Airport,22.9490720,-109.9394790,active,2026-09-28,no,OurAirports
CSX,IATA,Changsha Huanghua International Airport,28.1891990,113.2200010,active,2026-09-28,no,OurAirports
CSY,IATA,Cheboksary Airport,56.0903020,47.3473010,active,2026-09-28,no,OurAirports
CTA,IATA,Catania-Fontanarossa Airport,37.4668010,15.0664000,active,2026-09-28,no,OurAirports
CTC,IATA,Coronel Felipe Varela International Airport,-28.5931170,-65.7512000,active,2026-09-28,no,OurAirports
CTD,IATA,Alonso Valderrama Airport,7.9878400,-80.4098370,active,2026-09-28,no,OurAirports
CTG,IATA,Rafael Nuñez International Airport,10.4424000,-75.5130000,active,2026-09-28,no,OurAirports
CTL,IATA,Charleville Airport,-26.4132996,146.2619934,active,2026-09-28,no,OurAirports
CTM,IATA,Chetumal International Airport,18.5049850,-88.3280180,active,2026-09-28,no,OurAirports
CTN,IATA,Cooktown Airport,-15.4436490,145.1832210,active,2026-09-28,no,OurAirports
CTS,IATA,New Chitose Airport,42.7747530,141.6904140,active,2026-09-28,no,OurAirports
CTU,IATA,Chengdu Shuangliu International Airport,30.5582570,103.9459660,active,2026-09-28,no,OurAirports
CUA,IATA,Ciudad Constitución National Airport,25.0538010,-111.6149980,active,2026-09-28,no,OurAirports
CUC,IATA,Camilo Daza International Airport,7.9275700,-72.5115000,active,2026-09-28,no,OurAirports
CUE,IATA,Mariscal Lamar Airport,-2.8894700,-78.9843980,active,2026-09-28,no,OurAirports
CUF,IATA,Cuneo International Airport,44.5474580,7.6230450,active,2026-09-28,no,OurAirports
CUK,IATA,Caye Caulker Airport,17.7350150,-88.0328620,active,2026-09-28,no,OurAirports
CUL,IATA,Bachigualato Federal International Airport,24.7650400,-107.4752280,active,2026-09-28,no,OurAirports
CUM,IATA,Antonio José de Sucre Airport,10.4503330,-64.1304700,active,2026-09-28,no,OurAirports
CUN,IATA,Cancún International Airport,21.0408170,-86.8734700,active,2026-09-28,no,OurAirports
CUP,IATA,General Francisco Bermúdez Airport,10.6600140,-63.2616810,active,2026-09-28,no,OurAirports
CUQ,IATA,Coen Airport,-13.7611330,143.1133110,active,2026-09-28,no,OurAirports
CUR,IATA,Hato International Airport,12.1889000,-68.9598010,active,2026-09-28,no,OurAirports
CUU,IATA,General Roberto Fierro Villalobos International Airport,28.7026490,-105.9637640,active,2026-09-28,no,OurAirports
CUZ,IATA,Alejandro Velasco Astete International Airport,-13.5356998,-71.9387970,active,2026-09-28,no,OurAirports
CVG,IATA,Cincinnati Northern Kentucky International Airport,39.0488010,-84.6678010,active,2026-09-28,no,OurAirports
CVM,IATA,General Pedro Jose Mendez International Airport,23.7033000,-98.9564970,active,2026-09-28,no,OurAirports
CVN,IATA,Clovis Municipal Airport,34.4265940,-103.0787940,active,2026-09-28,no,OurAirports
CVQ,IATA,Carnarvon Airport,-24.8843370,113.6663930,active,2026-09-28,no,OurAirports
CVU,IATA,Corvo Airport,39.6715010,-31.1136000,active,2026-09-28,no,OurAirports
CWA,IATA,Central Wisconsin Airport,44.7774480,-89.6702380,active,2026-09-28,no,OurAirports
CWB,IATA,Curitiba-Afonso Pena International Airport,-25.5285000,-49.1758000,active,2026-09-28,no,OurAirports
CWJ,IATA,Cangyuan Washan Airport,23.2763310,99.3731690,active,2026-09-28,no,OurAirports
CWL,IATA,Cardiff International Airport,51.3967020,-3.3433300,active,2026-09-28,no,OurAirports
CWS,IATA,Center Island Airport,48.4900460,-122.8316120,active,2026-09-28,no,OurAirports
CXB,IATA,Cox's Bazar Airport,21.4575170,91.9632630,active,2026-09-28,no,OurAirports
CXH,IATA,Vancouver Harbour Water Aerodrome,49.2907390,-123.1185410,active,2026-09-28,no,OurAirports
CXI,IATA,Cassidy International Airport,1.9862780,-157.3500110,active,2026-09-28,no,OurAirports
CXJ,IATA,Hugo Cantergiani Regional Airport,-29.1971830,-51.1876470,active,2026-09-28,no,OurAirports
CXP,IATA,Tunggul Wulung Airport,-7.6450600,109.0339970,active,2026-09-28,no,OurAirports
CXR,IATA,Cam Ranh International Airport / Cam Ranh Air Base,11.9982000,109.2190020,active,2026-09-28,no,OurAirports
CYA,IATA,Antoine-Simon International Airport,18.2710990,-73.7883000,active,2026-09-28,no,OurAirports
CYB,IATA,Charles Kirkconnell International Airport,19.6870000,-79.8827970,active,2026-09-28,no,OurAirports
CYC,IATA,Caye Chapel Airport,17.6837920,-88.0449850,active,2026-09-28,no,OurAirports
CYF,IATA,Chefornak Airport,60.1366670,-164.2791670,active,2026-09-28,no,OurAirports
CYI,IATA,Chiayi Airport,23.4625770,120.3905440,active,2026-09-28,no,OurAirports
CYM,IATA,Chatham Seaplane Base,57.5149000,-134.9459990,active,2026-09-28,no,OurAirports
CYO,IATA,Vilo Acuña International Airport,21.6165009,-81.5459976,active,2026-09-28,no,OurAirports
CYP,IATA,Calbayog Airport,12.0725740,124.5450800,active,2026-09-28,no,OurAirports
CYS,IATA,Cheyenne Regional Jerry Olson Field,41.1557010,-104.8119970,active,2026-09-28,no,OurAirports
CYT,IATA,Yakataga Airport,60.0809740,-142.4945410,active,2026-09-28,no,OurAirports
CYU,IATA,Cuyo Airport,10.8581000,121.0690000,active,2026-09-28,no,OurAirports
CYX,IATA,Cherskiy Airport,68.7406010,161.3379970,active,2026-09-28,no,OurAirports
CYZ,IATA,Cauayan Airport,16.9298992,121.7529984,active,2026-09-28,no,OurAirports
CZE,IATA,José Leonardo Chirinos Airport,11.4149440,-69.6809010,active,2026-09-28,no,OurAirports
CZH,IATA,Corozal Airport,18.3822000,-88.4119030,active,2026-09-28,no,OurAirports
CZL,IATA,Mohamed Boudiaf International Airport,36.2760010,6.6203900,active,2026-09-28,no,OurAirports
CZM,IATA,Cozumel International Airport,20.5149220,-86.9285380,active,2026-09-28,no,OurAirports
CZS,IATA,Cruzeiro do Sul Airport,-7.5999100,-72.7695010,active,2026-09-28,no,OurAirports
CZU,IATA,Las Brujas Airport,9.3327400,-75.2856000,active,2026-09-28,no,OurAirports
CZX,IATA,Changzhou Benniu International Airport,31.9204850,119.7754600,active,2026-09-28,no,OurAirports
DAB,IATA,Daytona Beach International Airport,29.1825500,-81.0594640,active,2026-09-28,no,OurAirports
DAC,IATA,Hazrat Shahjalal International Airport,23.8433470,90.3977830,active,2026-09-28,no,OurAirports
DAD,IATA,Da Nang International Airport,16.0439000,108.1989970,active,2026-09-28,no,OurAirports
DAL,IATA,Dallas Love Field,32.8447760,-96.8476530,active,2026-09-28,no,OurAirports
DAM,IATA,Damascus International Airport,33.4114990,36.5155983,active,2026-09-28,no,OurAirports
DAR,IATA,Julius Nyerere International Airport,-6.8734990,39.2072880,active,2026-09-28,no,OurAirports
DAT,IATA,Datong Yungang International Airport,40.0613900,113.4805090,active,2026-09-28,no,OurAirports
DAU,IATA,Daru Airport,-9.0867600,143.2079930,active,2026-09-28,no,OurAirports
DAV,IATA,Enrique Malek International Airport,8.3889830,-82.4364250,active,2026-09-28,no,OurAirports
DAX,IATA,Dachuan Airport,31.1302000,107.4295000,active,2026-09-28,no,OurAirports
DAY,IATA,James M. Cox Dayton International Airport,39.9024010,-84.2193980,active,2026-09-28,no,OurAirports
DBA,IATA,Dalbandin Airport,28.8782997,64.3998032,active,2026-09-28,no,OurAirports
DBB,IATA,El Alamein International Airport,30.9243240,28.4616100,active,2026-09-28,no,OurAirports
DBC,IATA,Baicheng Chang'an Airport,45.5052780,123.0197220,active,2026-09-28,no,OurAirports
DBM,IATA,Debre Markos Airport,10.3215010,37.7418870,active,2026-09-28,no,OurAirports
DBO,IATA,Dubbo City Regional Airport,-32.2167015,148.5749969,active,2026-09-28,no,OurAirports
DBQ,IATA,Dubuque Regional Airport,42.4020000,-90.7095030,active,2026-09-28,no,OurAirports
DBR,IATA,Darbhanga Airport,26.1928010,85.9169010,active,2026-09-28,no,OurAirports
DBV,IATA,Dubrovnik Ruđer Bošković Airport,42.5622470,18.2655430,active,2026-09-28,no,OurAirports
DCA,IATA,Ronald Reagan Washington National Airport,38.8521000,-77.0376970,active,2026-09-28,no,OurAirports
DCF,IATA,Canefield Airport,15.3366930,-61.3921080,active,2026-09-28,no,OurAirports
DCM,IATA,Castres Mazamet Airport,43.5563010,2.2891800,active,2026-09-28,no,OurAirports
DCY,IATA,Daocheng Yading Airport,29.3163200,100.0603170,active,2026-09-28,no,OurAirports
DDC,IATA,Dodge City Regional Airport,37.7634010,-99.9655991,active,2026-09-28,no,OurAirports
DDG,IATA,Dandong Langtou International Airport,40.0254530,124.2866900,active,2026-09-28,no,OurAirports
DDR,IATA,Shigatse Tingri Airport,28.6045670,86.7980000,active,2026-09-28,no,OurAirports
DEA,IATA,Dera Ghazi Khan Airport,29.9610004,70.4859009,active,2026-09-28,no,OurAirports
DEB,IATA,Debrecen International Airport,47.4894690,21.6162780,active,2026-09-28,no,OurAirports
DEC,IATA,Decatur Airport,39.8345985,-88.8656998,active,2026-09-28,no,OurAirports
DED,IATA,Dehradun Jolly Grant Airport,30.1892430,78.1766510,active,2026-09-28,no,OurAirports
DEE,IATA,Yuzhno-Kurilsk Mendeleyevo Airport,43.9610660,145.6849770,active,2026-09-28,no,OurAirports
DEF,IATA,Dezful Airport,32.4343990,48.3975980,active,2026-09-28,no,OurAirports
DEL,IATA,Indira Gandhi International Airport,28.5556300,77.0951900,active,2026-09-28,no,OurAirports
DEM,IATA,Dembidollo Airport,8.5540000,34.8580020,active,2026-09-28,no,OurAirports
DEN,IATA,Denver International Airport,39.8600270,-104.6737920,active,2026-09-28,no,OurAirports
DEX,IATA,Nop Goliat Dekai Airport,-4.8557000,139.4820060,active,2026-09-28,no,OurAirports
DFW,IATA,Dallas Fort Worth International Airport,32.8968010,-97.0380020,active,2026-09-28,no,OurAirports
DGA,IATA,Dangriga Airport,16.9825100,-88.2309880,active,2026-09-28,no,OurAirports
DGH,IATA,Deoghar Airport,24.4468420,86.7049550,active,2026-09-28,no,OurAirports
DGO,IATA,General Guadalupe Victoria International Airport,24.1254680,-104.5279380,active,2026-09-28,no,OurAirports
DGT,IATA,Sibulan Airport,9.3341830,123.3019100,active,2026-09-28,no,OurAirports
DHB,IATA,Deer Harbor SPB,48.6166670,-123.0027780,active,2026-09-28,no,OurAirports
DHM,IATA,Kangra Airport,32.1649020,76.2630180,active,2026-09-28,no,OurAirports
DHN,IATA,Dothan Regional Airport,31.3213005,-85.4496002,active,2026-09-28,no,OurAirports
DHX,IATA,Dhoho International Airport,-7.7495270,111.9468310,active,2026-09-28,no,OurAirports
DIA,IATA,Doha International Airport,25.2594310,51.5655280,active,2026-09-28,no,OurAirports
DIB,IATA,Dibrugarh Airport,27.4839001,95.0168991,active,2026-09-28,no,OurAirports
DIE,IATA,Arrachart Airport,-12.3494000,49.2916980,active,2026-09-28,no,OurAirports
DIG,IATA,Diqing Shangri-La Airport,27.7936000,99.6772000,active,2026-09-28,no,OurAirports
DIK,IATA,Dickinson Theodore Roosevelt Regional Airport,46.7975330,-102.8019050,active,2026-09-28,no,OurAirports
DIL,IATA,Presidente Nicolau Lobato International Airport,-8.5465620,125.5245070,active,2026-09-28,no,OurAirports
DIN,IATA,Dien Bien Phu Airport,21.3974991,103.0080032,active,2026-09-28,no,OurAirports
DIO,IATA,Diomede Heliport,65.7583670,-168.9536760,active,2026-09-28,no,OurAirports
DIR,IATA,Aba Tenna Dejazmach Yilma International Airport,9.6235490,41.8550270,active,2026-09-28,no,OurAirports
DIU,IATA,Diu Airport,20.7141850,70.9218550,active,2026-09-28,no,OurAirports
DIY,IATA,Diyarbakır Airport,37.8939020,40.2010000,active,2026-09-28,no,OurAirports
DJB,IATA,Sultan Thaha Airport,-1.6386850,103.6450630,active,2026-09-28,no,OurAirports
DJE,IATA,Djerba Zarzis International Airport,33.8737190,10.7773000,active,2026-09-28,no,OurAirports
DJG,IATA,Tiska Djanet Airport,24.2854480,9.4636520,active,2026-09-28,no,OurAirports
DJJ,IATA,Dortheys Hiyo Eluay International Airport,-2.5796270,140.5198570,active,2026-09-28,no,OurAirports
DJT,IATA,President Donald J. Trump International Airport,26.6832010,-80.0955960,active,2026-09-28,no,OurAirports
DKA,IATA,Umaru Musa Yar'adua Airport,13.0078000,7.6604500,active,2026-09-28,no,OurAirports
DLA,IATA,Douala International Airport,4.0060800,9.7194800,active,2026-09-28,no,OurAirports
DLC,IATA,Dalian Zhoushuizi International Airport,38.9657190,121.5384770,active,2026-09-28,no,OurAirports
DLE,IATA,Dole Tavaux Airport,47.0389550,5.4275890,active,2026-09-28,no,OurAirports
DLG,IATA,Dillingham Airport,59.0447006,-158.5050049,active,2026-09-28,no,OurAirports
DLH,IATA,Duluth International Airport,46.8418730,-92.1987460,active,2026-09-28,no,OurAirports
DLI,IATA,Lien Khuong Airport,11.7505560,108.3669970,active,2026-09-28,no,OurAirports
DLM,IATA,Dalaman International Airport,36.7131000,28.7925000,active,2026-09-28,no,OurAirports
DLR,IATA,Dalnerechensk Airport,45.8798570,133.7376290,active,2026-09-28,no,OurAirports
DLU,IATA,Dali Fengyi Airport,25.6494010,100.3190000,active,2026-09-28,no,OurAirports
DLZ,IATA,Dalanzadgad Airport,43.6086280,104.3677340,active,2026-09-28,no,OurAirports
DMB,IATA,Taraz International Airport,42.8536000,71.3035960,active,2026-09-28,no,OurAirports
DMD,IATA,Doomadgee Airport,-17.9403000,138.8220060,active,2026-09-28,no,OurAirports
DME,IATA,Domodedovo International Airport,55.4087980,37.9063000,active,2026-09-28,no,OurAirports
DMK,IATA,Don Mueang International Airport,13.9126000,100.6070020,active,2026-09-28,no,OurAirports
DMM,IATA,King Fahd International Airport,26.4691000,49.7982090,active,2026-09-28,no,OurAirports
DMU,IATA,Dimapur Airport,25.8838997,93.7711029,active,2026-09-28,no,OurAirports
DND,IATA,Dundee Airport,56.4524990,-3.0258300,active,2026-09-28,no,OurAirports
DNH,IATA,Dunhuang Mogao International Airport,40.1619530,94.8128270,active,2026-09-28,no,OurAirports
DNZ,IATA,Çardak Airport,37.7855988,29.7012997,active,2026-09-28,no,OurAirports
DOD,IATA,Dodoma Airport,-6.1705590,35.7560360,active,2026-09-28,no,OurAirports
DOG,IATA,Dongola Airport,19.1536660,30.4300690,active,2026-09-28,no,OurAirports
DOH,IATA,Hamad International Airport,25.2730560,51.6080560,active,2026-09-28,no,OurAirports
DOL,IATA,Deauville Normandie airport,49.3652370,0.1544810,active,2026-09-28,no,OurAirports
DOM,IATA,Douglas-Charles Airport,15.5466730,-61.3010820,active,2026-09-28,no,OurAirports
DOP,IATA,Dolpa Airport,28.9856590,82.8187030,active,2026-09-28,no,OurAirports
DOV,IATA,Dover Civil Air Terminal/Dover Air Force Base,39.1295010,-75.4660030,active,2026-09-28,no,OurAirports
DOY,IATA,Dongying Shengli Airport,37.5013700,118.7898630,active,2026-09-28,no,OurAirports
DPL,IATA,Dipolog Airport,8.6019830,123.3418750,active,2026-09-28,no,OurAirports
DPO,IATA,Devonport Airport,-41.1697006,146.4299927,active,2026-09-28,no,OurAirports
DPS,IATA,Denpasar I Gusti Ngurah Rai International Airport,-8.7484090,115.1671230,active,2026-09-28,no,OurAirports
DPT,IATA,Deputatskiy Airport,69.3925030,139.8900120,active,2026-09-28,no,OurAirports
DQA,IATA,Daqing Sartu Airport,46.7508830,125.1386420,active,2026-09-28,no,OurAirports
DQM,IATA,Duqm International Airport,19.5019440,57.6341670,active,2026-09-28,no,OurAirports
DRG,IATA,Deering Airport,66.0689010,-162.7669140,active,2026-09-28,no,OurAirports
DRJ,IATA,Drietabbetje Airport,4.1113590,-54.6727660,active,2026-09-28,no,OurAirports
DRO,IATA,Durango La Plata County Airport,37.1515010,-107.7539980,active,2026-09-28,no,OurAirports
DRP,IATA,Bicol International Airport,13.1119150,123.6768290,active,2026-09-28,no,OurAirports
DRS,IATA,Dresden Airport,51.1341230,13.7678310,active,2026-09-28,no,OurAirports
DRV,IATA,Dharavandhoo Airport,5.1561000,73.1302000,active,2026-09-28,no,OurAirports
DRW,IATA,Darwin International Airport / RAAF Darwin,-12.4149700,130.8818500,active,2026-09-28,no,OurAirports
DSD,IATA,La Désirade Airport,16.2969020,-61.0844000,active,2026-09-28,no,OurAirports
DSE,IATA,Kombolcha Airport,11.1097500,39.7259110,active,2026-09-28,no,OurAirports
DSI,IATA,Destin Executive Airport,30.4001010,-86.4714970,active,2026-09-28,no,OurAirports
DSM,IATA,Des Moines International Airport,41.5340270,-93.6567190,active,2026-09-28,no,OurAirports
DSN,IATA,Ordos Ejin Horo International Airport,39.4935140,109.8599000,active,2026-09-28,no,OurAirports
DSO,IATA,Sondok Airport,39.7452010,127.4739990,active,2026-09-28,no,OurAirports
DSS,IATA,Blaise Diagne International Airport,14.6708780,-17.0728290,active,2026-09-28,no,OurAirports
DSY,IATA,Dara Sakor International Airport,10.9142440,103.2266520,active,2026-09-28,no,OurAirports
DTB,IATA,Silangit Airport,2.2597300,98.9918980,active,2026-09-28,no,OurAirports
DTD,IATA,Datadawai Airport,0.8070280,114.5290520,active,2026-09-28,no,OurAirports
DTM,IATA,Dortmund Airport,51.5182990,7.6122400,active,2026-09-28,no,OurAirports
DTR,IATA,Decatur Shores Airport,48.5001710,-122.8139730,active,2026-09-28,no,OurAirports
DTU,IATA,Wudalianchi Dedu Airport,48.4410370,126.1283740,active,2026-09-28,no,OurAirports
DTW,IATA,Detroit Metropolitan Wayne County Airport,42.2137700,-83.3537860,active,2026-09-28,no,OurAirports
DUB,IATA,Dublin Airport,53.4287130,-6.2621210,active,2026-09-28,no,OurAirports
DUD,IATA,Dunedin International Airport,-45.9290170,170.1977580,active,2026-09-28,no,OurAirports
DUE,IATA,Dundo Airport,-7.4008899,20.8185005,active,2026-09-28,no,OurAirports
DUJ,IATA,DuBois Regional Airport,41.1782989,-78.8986969,active,2026-09-28,no,OurAirports
DUM,IATA,Pinang Kampai Airport,1.6090260,101.4334930,active,2026-09-28,no,OurAirports
DUR,IATA,King Shaka International Airport,-29.6144444,31.1197222,active,2026-09-28,no,OurAirports
DUS,IATA,Düsseldorf Airport,51.2895010,6.7667800,active,2026-09-28,no,OurAirports
DUT,IATA,Tom Madsen (Dutch Harbor) Airport,53.8988100,-166.5449960,active,2026-09-28,no,OurAirports
DVL,IATA,Devils Lake Regional Airport,48.1154540,-98.9087960,active,2026-09-28,no,OurAirports
DVO,IATA,Francisco Bangoy International Airport,7.1255200,125.6460040,active,2026-09-28,no,OurAirports
DWB,IATA,Soalala Airport,-16.1016900,45.3588370,active,2026-09-28,no,OurAirports
DWC,IATA,Al Maktoum International Airport,24.8961710,55.1623500,active,2026-09-28,no,OurAirports
DWD,IATA,Dawadmi Domestic Airport,24.4499000,44.1212010,active,2026-09-28,no,OurAirports
DWO,IATA,Diyawanna Oya Seaplane Base,6.9065850,79.9090000,active,2026-09-28,no,OurAirports
DXB,IATA,Dubai International Airport,25.2497900,55.3709920,active,2026-09-28,no,OurAirports
DXJ,IATA,Xiangxi Biancheng Airport,28.4972000,109.5218000,active,2026-09-28,no,OurAirports
DXN,IATA,Noida International Airport,28.1798680,77.6118430,active,2026-09-28,no,OurAirports
DYG,IATA,Zhangjiajie Hehua International Airport,29.1047490,110.4427860,active,2026-09-28,no,OurAirports
DYR,IATA,Ugolny Yuri Ryktheu Airport,64.7349020,177.7409970,active,2026-09-28,no,OurAirports
DYU,IATA,Dushanbe International Airport,38.5437460,68.8229770,active,2026-09-28,no,OurAirports
DZA,IATA,Dzaoudzi Pamandzi International Airport,-12.8093190,45.2818150,active,2026-09-28,no,OurAirports
DZH,IATA,Dazhou Jinya Airport,31.0488150,107.4356460,active,2026-09-28,no,OurAirports
DZN,IATA,Zhezkazgan National Airport,47.7089530,67.7380940,active,2026-09-28,no,OurAirports
EAA,IATA,Eagle Airport,64.7780030,-141.1504550,active,2026-09-28,no,OurAirports
EAM,IATA,Najran Domestic Airport,17.6114010,44.4192010,active,2026-09-28,no,OurAirports
EAR,IATA,Kearney Regional Airport,40.7270010,-99.0067980,active,2026-09-28,no,OurAirports
EAS,IATA,San Sebastián Airport,43.3564990,-1.7906100,active,2026-09-28,no,OurAirports
EAT,IATA,Pangborn Memorial Airport,47.3988990,-120.2070010,active,2026-09-28,no,OurAirports
EAU,IATA,Chippewa Valley Regional Airport,44.8657990,-91.4842987,active,2026-09-28,no,OurAirports
EAX,IATA,Eduard Alexander Gummels Airport,5.8638070,-55.1895040,active,2026-09-28,no,OurAirports
EBA,IATA,Marina di Campo Airport,42.7608710,10.2398110,active,2026-09-28,no,OurAirports
EBB,IATA,Entebbe International Airport,0.0423860,32.4435010,active,2026-09-28,no,OurAirports
EBD,IATA,El-Obeid Airport,13.1532000,30.2327000,active,2026-09-28,no,OurAirports
EBH,IATA,El Bayadh Airport,33.7216670,1.0925000,active,2026-09-28,no,OurAirports
EBJ,IATA,Esbjerg Airport,55.5259020,8.5534000,active,2026-09-28,no,OurAirports
EBL,IATA,Erbil International Airport,36.2360470,43.9466150,active,2026-09-28,no,OurAirports
ECN,IATA,Ercan International Airport,35.1530640,33.5073520,active,2026-09-28,no,OurAirports
ECP,IATA,Northwest Florida Beaches International Airport,30.3571060,-85.7954140,active,2026-09-28,no,OurAirports
EDA,IATA,Edna Bay Seaplane Base,55.9496530,-133.6610120,active,2026-09-28,no,OurAirports
EDI,IATA,Edinburgh Airport,55.9501450,-3.3722880,active,2026-09-28,no,OurAirports
EDL,IATA,Eldoret International Airport,0.4044580,35.2388990,active,2026-09-28,no,OurAirports
EDO,IATA,Balıkesir Koca Seyit Airport,39.5525330,27.0101920,active,2026-09-28,no,OurAirports
EDR,IATA,Pormpuraaw Airport,-14.8964510,141.6090800,active,2026-09-28,no,OurAirports
EEK,IATA,Eek Airport,60.2131730,-162.0440480,active,2026-09-28,no,OurAirports
EFL,IATA,Kefallinia Airport,38.1200981,20.5004997,active,2026-09-28,no,OurAirports
EGC,IATA,Bergerac Dordogne-Périgord airport,44.8252980,0.5186110,active,2026-09-28,no,OurAirports
EGE,IATA,Eagle County Regional Airport,39.6426010,-106.9179993,active,2026-09-28,no,OurAirports
EGS,IATA,Egilsstaðir Airport,65.2833023,-14.4013996,active,2026-09-28,no,OurAirports
EGX,IATA,Egegik Airport,58.1843860,-157.3748730,active,2026-09-28,no,OurAirports
EHU,IATA,Ezhou Huahu International Airport,30.3411780,115.0392600,active,2026-09-28,no,OurAirports
EIE,IATA,Yeniseysk Airport,58.4742010,92.1125030,active,2026-09-28,no,OurAirports
EIN,IATA,Eindhoven Airport,51.4500999,5.3745298,active,2026-09-28,no,OurAirports
EIS,IATA,Terrance B. Lettsome International Airport,18.4454920,-64.5417070,active,2026-09-28,no,OurAirports
EJA,IATA,Yariguíes Airport,7.0243300,-73.8068000,active,2026-09-28,no,OurAirports
EJH,IATA,Al Wajh Domestic Airport,26.1986010,36.4763980,active,2026-09-28,no,OurAirports
EJT,IATA,Enejit Airport,6.0404000,171.9846000,active,2026-09-28,no,OurAirports
EKO,IATA,Elko Regional Airport,40.8249016,-115.7919998,active,2026-09-28,no,OurAirports
EKS,IATA,Shakhtyorsk Airport,49.1903000,142.0829930,active,2026-09-28,no,OurAirports
ELC,IATA,Elcho Island Airport,-12.0193996,135.5709991,active,2026-09-28,no,OurAirports
ELD,IATA,South Arkansas Regional Airport at Goodwin Field,33.2210010,-92.8133010,active,2026-09-28,no,OurAirports
ELF,IATA,El Fasher Airport,13.6148996,25.3246002,active,2026-09-28,no,OurAirports
ELG,IATA,El Golea Airport,30.5807320,2.8615950,active,2026-09-28,no,OurAirports
ELH,IATA,North Eleuthera Airport,25.4758230,-76.6807840,active,2026-09-28,no,OurAirports
ELI,IATA,Elim Airport,64.6147000,-162.2720030,active,2026-09-28,no,OurAirports
ELM,IATA,Elmira Corning Regional Airport,42.1599007,-76.8916016,active,2026-09-28,no,OurAirports
ELP,IATA,El Paso International Airport,31.8099080,-106.3756070,active,2026-09-28,no,OurAirports
ELQ,IATA,Prince Naif bin Abdulaziz International Airport,26.3027990,43.7743990,active,2026-09-28,no,OurAirports
ELS,IATA,King Phalo Airport,-33.0355990,27.8258990,active,2026-09-28,no,OurAirports
ELU,IATA,Guemar Airport - مطار قمار بالوادي,33.5113980,6.7767900,active,2026-09-28,no,OurAirports
ELV,IATA,Elfin Cove Seaplane Base,58.1952019,-136.3470001,active,2026-09-28,no,OurAirports
EMA,IATA,East Midlands Airport,52.8311000,-1.3280600,active,2026-09-28,no,OurAirports
EMD,IATA,Emerald Airport,-23.5674992,148.1790009,active,2026-09-28,no,OurAirports
EME,IATA,Emden Airport,53.3911090,7.2275000,active,2026-09-28,no,OurAirports
EMK,IATA,Emmonak Airport,62.7860985,-164.4909973,active,2026-09-28,no,OurAirports
ENA,IATA,Kenai Municipal Airport,60.5709460,-151.2451740,active,2026-09-28,no,OurAirports
ENE,IATA,H. Hasan Aroeboesman (Ende) Airport,-8.8491140,121.6610100,active,2026-09-28,no,OurAirports
ENF,IATA,Enontekio Airport,68.3626022,23.4242992,active,2026-09-28,no,OurAirports
ENH,IATA,Enshi Xujiaping Airport,30.3202990,109.4850010,active,2026-09-28,no,OurAirports
ENI,IATA,El Nido Airport,11.2023990,119.4160870,active,2026-09-28,no,OurAirports
ENO,IATA,Teniente Ramon A. Ayub Gonzalez International Airport,-27.2275370,-55.8375840,active,2026-09-28,no,OurAirports
ENT,IATA,Eniwetok Airport,11.3407001,162.3280029,active,2026-09-28,no,OurAirports
ENU,IATA,Akanu Ibiam International Airport,6.4737180,7.5604630,active,2026-09-28,no,OurAirports
ENY,IATA,Yan'an Nanniwan Airport,36.4794130,109.4640830,active,2026-09-28,no,OurAirports
EOH,IATA,Enrique Olaya Herrera Airport,6.2196860,-75.5905970,active,2026-09-28,no,OurAirports
EOI,IATA,Eday Airport,59.1906013,-2.7722199,active,2026-09-28,no,OurAirports
EPR,IATA,Esperance Airport,-33.6843990,121.8229980,active,2026-09-28,no,OurAirports
EPU,IATA,Pärnu Airport,58.4189987,24.4727993,active,2026-09-28,no,OurAirports
EQS,IATA,Esquel Brigadier Antonio Parodi International Airport,-42.9080010,-71.1395030,active,2026-09-28,no,OurAirports
ERC,IATA,Erzincan Airport,39.7102013,39.5270004,active,2026-09-28,no,OurAirports
ERF,IATA,Erfurt-Weimar Airport,50.9782810,10.9607130,active,2026-09-28,no,OurAirports
ERH,IATA,Moulay Ali Cherif Airport,31.9475002,-4.3983302,active,2026-09-28,no,OurAirports
ERI,IATA,Erie International Tom Ridge Field,42.0831270,-80.1738670,active,2026-09-28,no,OurAirports
ERL,IATA,Erenhot Saiwusu International Airport,43.4240790,112.0910810,active,2026-09-28,no,OurAirports
ERS,IATA,Eros Airport,-22.6049200,17.0790020,active,2026-09-28,no,OurAirports
ERZ,IATA,Erzurum International Airport,39.9565010,41.1702000,active,2026-09-28,no,OurAirports
ESB,IATA,Esenboğa International Airport,40.1281010,32.9950980,active,2026-09-28,no,OurAirports
ESC,IATA,Delta County Airport,45.7231990,-87.0886230,active,2026-09-28,no,OurAirports
ESD,IATA,Orcas Island Airport,48.7081990,-122.9100040,active,2026-09-28,no,OurAirports
ESL,IATA,Elista Airport,46.3739010,44.3308980,active,2026-09-28,no,OurAirports
ESM,IATA,Carlos Concha Torres International Airport,0.9785190,-79.6266020,active,2026-09-28,no,OurAirports
ESR,IATA,Ricardo García Posada Airport,-26.3111000,-69.7651980,active,2026-09-28,no,OurAirports
ESU,IATA,Essaouira-Mogador Airport,31.3974990,-9.6816700,active,2026-09-28,no,OurAirports
ETM,IATA,Ramon International Airport,29.7270090,35.0141160,active,2026-09-28,no,OurAirports
ETR,IATA,Santa Rosa - Artillery Colonel Victor Larrea International Airport,-3.4419860,-79.9969570,active,2026-09-28,no,OurAirports
ETZ,IATA,Metz-Nancy-Lorraine Airport,48.9821010,6.2513200,active,2026-09-28,no,OurAirports
EUA,IATA,Kaufana Airport,-21.3782997,-174.9579926,active,2026-09-28,no,OurAirports
EUG,IATA,Eugene Airport,44.1245990,-123.2119980,active,2026-09-28,no,OurAirports
EUN,IATA,Laayoune Hassan I International Airport,27.1424670,-13.2249470,active,2026-09-28,no,OurAirports
EUX,IATA,F. D. Roosevelt Airport,17.4965000,-62.9794010,active,2026-09-28,no,OurAirports
EVE,IATA,Harstad/Narvik Airport,68.4913020,16.6781010,active,2026-09-28,no,OurAirports
EVG,IATA,Sveg Airport,62.0477980,14.4229000,active,2026-09-28,no,OurAirports
EVN,IATA,Zvartnots International Airport,40.1489410,44.3978870,active,2026-09-28,no,OurAirports
EVV,IATA,Evansville Regional Airport,38.0369987,-87.5324020,active,2026-09-28,no,OurAirports
EWB,IATA,New Bedford Regional Airport,41.6761017,-70.9569016,active,2026-09-28,no,OurAirports
EWN,IATA,Coastal Carolina Regional Airport,35.0730019,-77.0429001,active,2026-09-28,no,OurAirports
EWR,IATA,Newark Liberty International Airport,40.6894000,-74.1705450,active,2026-09-28,no,OurAirports
EXI,IATA,Excursion Inlet Seaplane Base,58.4205020,-135.4490050,active,2026-09-28,no,OurAirports
EXT,IATA,Exeter International Airport,50.7342610,-3.4139840,active,2026-09-28,no,OurAirports
EYK,IATA,Beloyarskiy Airport,63.6869010,66.6986010,active,2026-09-28,no,OurAirports
EYP,IATA,El Alcaravan - Yopal Airport,5.3191100,-72.3840000,active,2026-09-28,no,OurAirports
EYW,IATA,Key West International Airport,24.5561190,-81.7595790,active,2026-09-28,no,OurAirports
EZE,IATA,Ezeiza International Airport - Ministro Pistarini,-34.8222000,-58.5358000,active,2026-09-28,no,OurAirports
EZS,IATA,Elazığ Airport,38.5979740,39.2834800,active,2026-09-28,no,OurAirports
FAE,IATA,Vágar Airport,62.0632560,-7.2757820,active,2026-09-28,no,OurAirports
FAI,IATA,Fairbanks International Airport,64.8151020,-147.8560030,active,2026-09-28,no,OurAirports
FAO,IATA,Faro - Gago Coutinho International Airport,37.0159090,-7.9709390,active,2026-09-28,no,OurAirports
FAR,IATA,Hector International Airport,46.9207000,-96.8158040,active,2026-09-28,no,OurAirports
FAT,IATA,Fresno Yosemite International Airport,36.7757670,-119.7180180,active,2026-09-28,no,OurAirports
FAV,IATA,Fakarava Airport,-16.0541000,-145.6569977,active,2026-09-28,no,OurAirports
FAY,IATA,Fayetteville Regional Airport - Grannis Field,34.9911990,-78.8803020,active,2026-09-28,no,OurAirports
FBD,IATA,Fayzabad Airport,37.1221480,70.5201000,active,2026-09-28,no,OurAirports
FBE,IATA,Paulo Abdala Airport,-26.0593800,-53.0638270,active,2026-09-28,no,OurAirports
FBM,IATA,Lubumbashi International Airport,-11.5914940,27.5307530,active,2026-09-28,no,OurAirports
FBS,IATA,Friday Harbor Seaplane Base,48.5373000,-123.0100020,active,2026-09-28,no,OurAirports
FCA,IATA,Glacier Park International Airport,48.3105010,-114.2559970,active,2026-09-28,no,OurAirports
FCN,IATA,Sea-Airport Cuxhaven/Nordholz / Nordholz Naval Airbase,53.7676890,8.6592010,active,2026-09-28,no,OurAirports
FCO,IATA,Rome–Fiumicino Leonardo da Vinci International Airport,41.8045320,12.2519980,active,2026-09-28,no,OurAirports
FDE,IATA,"Førde Airport, Bringeland",61.3911020,5.7569400,active,2026-09-28,no,OurAirports
FDF,IATA,Martinique Aimé Césaire International Airport,14.5910000,-61.0032010,active,2026-09-28,no,OurAirports
FDH,IATA,Bodensee Airport Friedrichshafen,47.6712990,9.5114900,active,2026-09-28,no,OurAirports
FDU,IATA,Bandundu Airport,-3.3113200,17.3817010,active,2026-09-28,no,OurAirports
FEG,IATA,Fergana International Airport,40.3587990,71.7450030,active,2026-09-28,no,OurAirports
FEN,IATA,Fernando de Noronha Airport,-3.8545340,-32.4230170,active,2026-09-28,no,OurAirports
FEZ,IATA,Fes Saïss International Airport,33.9272990,-4.9779600,active,2026-09-28,no,OurAirports
FGU,IATA,Fangatau Airport,-15.8200440,-140.8880710,active,2026-09-28,no,OurAirports
FHZ,IATA,Fakahina Airport,-15.9922590,-140.1642460,active,2026-09-28,no,OurAirports
FIE,IATA,Fair Isle Airport,59.5347210,-1.6285090,active,2026-09-28,no,OurAirports
FIH,IATA,Ndjili International Airport,-4.3857500,15.4446000,active,2026-09-28,no,OurAirports
FIZ,IATA,Fitzroy Crossing Airport,-18.1835960,125.5597830,active,2026-09-28,no,OurAirports
FJR,IATA,Fujairah International Airport,25.1084110,56.3280610,active,2026-09-28,no,OurAirports
FKB,IATA,Karlsruhe Baden-Baden Airport,48.7794000,8.0805000,active,2026-09-28,no,OurAirports
FKI,IATA,Bangoka International Airport,0.4816390,25.3379990,active,2026-09-28,no,OurAirports
FKQ,IATA,Fakfak Airport,-2.9205080,132.2670110,active,2026-09-28,no,OurAirports
FKS,IATA,Fukushima Airport,37.2274017,140.4309998,active,2026-09-28,no,OurAirports
FLA,IATA,Gustavo Artunduaga Paredes Airport,1.5891900,-75.5644000,active,2026-09-28,no,OurAirports
FLG,IATA,Flagstaff Pulliam Airport,35.1397570,-111.6698260,active,2026-09-28,no,OurAirports
FLL,IATA,Fort Lauderdale Hollywood International Airport,26.0725990,-80.1527020,active,2026-09-28,no,OurAirports
FLN,IATA,Hercílio Luz International Airport,-27.6702790,-48.5525020,active,2026-09-28,no,OurAirports
FLO,IATA,Florence Regional Airport,34.1853981,-79.7238998,active,2026-09-28,no,OurAirports
FLR,IATA,"Florence Airport, Peretola",43.8085580,11.2028220,active,2026-09-28,no,OurAirports
FLS,IATA,Flinders Island Airport,-40.0917020,147.9929960,active,2026-09-28,no,OurAirports
FLW,IATA,Flores Airport,39.4552994,-31.1313992,active,2026-09-28,no,OurAirports
FLZ,IATA,Dr. Ferdinand Lumban Tobing Airport,1.5571270,98.8871450,active,2026-09-28,no,OurAirports
FMA,IATA,Formosa National Airport,-26.2127000,-58.2281000,active,2026-09-28,no,OurAirports
FMI,IATA,Kalemie Airport,-5.8755600,29.2500000,active,2026-09-28,no,OurAirports
FMM,IATA,Memmingen Allgau Airport,47.9880920,10.2382480,active,2026-09-28,no,OurAirports
FMO,IATA,Münster Osnabrück Airport,52.1338160,7.6884820,active,2026-09-28,no,OurAirports
FMT,IATA,Faresmaathoda Airport,0.1926470,73.1967550,active,2026-09-28,no,OurAirports
FNA,IATA,Lungi International Airport,8.6164400,-13.1955000,active,2026-09-28,no,OurAirports
FNC,IATA,Cristiano Ronaldo International Airport,32.6978120,-16.7746130,active,2026-09-28,no,OurAirports
FND,IATA,Funadhoo Airport,6.1624430,73.2875200,active,2026-09-28,no,OurAirports
FNI,IATA,Nîmes-Arles-Camargue Airport,43.7574010,4.4163500,active,2026-09-28,no,OurAirports
FNJ,IATA,Pyongyang Sunan International Airport,39.2240980,125.6699980,active,2026-09-28,no,OurAirports
FNR,IATA,Funter Bay Seaplane Base,58.2543983,-134.8979950,active,2026-09-28,no,OurAirports
FNT,IATA,Bishop International Airport,42.9692940,-83.7433550,active,2026-09-28,no,OurAirports
FOA,IATA,Foula Airfield,60.1219160,-2.0534390,active,2026-09-28,no,OurAirports
FOC,IATA,Fuzhou Changle International Airport,25.9292540,119.6725240,active,2026-09-28,no,OurAirports
FOD,IATA,Fort Dodge Regional Airport,42.5526240,-94.1912370,active,2026-09-28,no,OurAirports
FOG,IATA,Foggia Gino Lisa Airport,41.4335960,15.5345660,active,2026-09-28,no,OurAirports
FON,IATA,La Fortuna Arenal Airport,10.4693110,-84.5790730,active,2026-09-28,no,OurAirports
FOR,IATA,Pinto Martins International Airport,-3.7758330,-38.5322220,active,2026-09-28,no,OurAirports
FPO,IATA,Grand Bahama International Airport,26.5579960,-78.6955830,active,2026-09-28,no,OurAirports
FRA,IATA,Frankfurt Main Airport,50.0267060,8.5583500,active,2026-09-28,no,OurAirports
FRD,IATA,Friday Harbor Airport,48.5236540,-123.0246450,active,2026-09-28,no,OurAirports
FRE,IATA,Fera/Maringe Airport,-8.1075000,159.5769960,active,2026-09-28,no,OurAirports
FRL,IATA,Forlì-Luigi Ridolfi International Airport,44.1948010,12.0701000,active,2026-09-28,no,OurAirports
FRO,IATA,Florø Airport,61.5835991,5.0247202,active,2026-09-28,no,OurAirports
FRS,IATA,Mundo Maya International Airport,16.9137070,-89.8661430,active,2026-09-28,no,OurAirports
FRW,IATA,Phillip Gaonwe Matante International Airport,-21.1591830,27.4688260,active,2026-09-28,no,OurAirports
FSC,IATA,Figari Sud-Corse Airport,41.5018500,9.0970920,active,2026-09-28,no,OurAirports
FSD,IATA,Sioux Falls Regional Airport,43.5854630,-96.7411520,active,2026-09-28,no,OurAirports
FSH,IATA,Syekh Hamzah Fansyuri Airport,2.2696140,97.9678630,active,2026-09-28,no,OurAirports
FSM,IATA,Fort Smith Regional Airport,35.3366010,-94.3674010,active,2026-09-28,no,OurAirports
FSP,IATA,Saint-Pierre Pointe-Blanche Airport,46.7626510,-56.1749900,active,2026-09-28,no,OurAirports
FSZ,IATA,Mount Fuji Shizuoka Airport,34.7950220,138.1909760,active,2026-09-28,no,OurAirports
FTA,IATA,Futuna Airport,-19.5163994,170.2319946,active,2026-09-28,no,OurAirports
FTE,IATA,El Calafate - Commander Armando Tola International Airport,-50.2802670,-72.0534010,active,2026-09-28,no,OurAirports
FTI,IATA,Fitiuta Airport,-14.2161310,-169.4237710,active,2026-09-28,no,OurAirports
FTU,IATA,Tôlanaro Airport,-25.0380990,46.9561000,active,2026-09-28,no,OurAirports
FTW,IATA,Fort Worth Meacham International Airport,32.8199190,-97.3608180,active,2026-09-28,no,OurAirports
FUE,IATA,Fuerteventura Airport,28.4527000,-13.8638000,active,2026-09-28,no,OurAirports
FUG,IATA,Fuyang Xiguan Airport,32.8821570,115.7343640,active,2026-09-28,no,OurAirports
FUJ,IATA,Fukue Airport,32.6663020,128.8329930,active,2026-09-28,no,OurAirports
FUK,IATA,Fukuoka Airport,33.5858994,130.4510040,active,2026-09-28,no,OurAirports
FUN,IATA,Funafuti International Airport,-8.5238850,179.1969760,active,2026-09-28,no,OurAirports
FUO,IATA,Foshan Shadi Airport,23.0825000,113.0708330,active,2026-09-28,no,OurAirports
FUT,IATA,Pointe Vele Airport,-14.3115650,-178.0664920,active,2026-09-28,no,OurAirports
FWA,IATA,Fort Wayne International Airport,40.9788960,-85.1944650,active,2026-09-28,no,OurAirports
FYJ,IATA,Fuyuan Dongji Airport,48.1972190,134.3629800,active,2026-09-28,no,OurAirports
FYN,IATA,Fuyun Koktokay Airport,46.8041690,89.5120060,active,2026-09-28,no,OurAirports
FYU,IATA,Fort Yukon Airport,66.5716510,-145.2499870,active,2026-09-28,no,OurAirports
GAJ,IATA,Yamagata Airport,38.4119000,140.3710020,active,2026-09-28,no,OurAirports
GAL,IATA,Edward G. Pitka Sr Airport,64.7361980,-156.9369970,active,2026-09-28,no,OurAirports
GAM,IATA,Gambell Airport,63.7676940,-171.7333030,active,2026-09-28,no,OurAirports
GAN,IATA,Gan International Airport,-0.6929750,73.1526270,active,2026-09-28,no,OurAirports
GAQ,IATA,Gao International Airport,16.2484660,-0.0053890,active,2026-09-28,no,OurAirports
GAU,IATA,Lokpriya Gopinath Bordoloi International Airport,26.1066540,91.5852260,active,2026-09-28,no,OurAirports
GAX,IATA,Gamba Airport,-2.7852780,10.0472220,active,2026-09-28,no,OurAirports
GAY,IATA,Gaya Airport,24.7443010,84.9512020,active,2026-09-28,no,OurAirports
GBB,IATA,Gabala International Airport,40.8086170,47.7253890,active,2026-09-28,no,OurAirports
GBE,IATA,Sir Seretse Khama International Airport,-24.5552010,25.9182000,active,2026-09-28,no,OurAirports
GBI,IATA,Kalaburagi Airport,17.3081540,76.9652460,active,2026-09-28,no,OurAirports
GBJ,IATA,Marie-Galante Airport,15.8689250,-61.2700870,active,2026-09-28,no,OurAirports
GBZ,IATA,Great Barrier Aerodrome,-36.2414020,175.4720000,active,2026-09-28,no,OurAirports
GCC,IATA,Northeast Wyoming Regional Airport,44.3489000,-105.5390010,active,2026-09-28,no,OurAirports
GCH,IATA,Gachsaran Airport,30.3338690,50.8337960,active,2026-09-28,no,OurAirports
GCI,IATA,Guernsey Airport,49.4350010,-2.6019700,active,2026-09-28,no,OurAirports
GCK,IATA,Garden City Regional Airport,37.9275017,-100.7239990,active,2026-09-28,no,OurAirports
GCM,IATA,Owen Roberts International Airport,19.2928010,-81.3576970,active,2026-09-28,no,OurAirports
GCN,IATA,Grand Canyon National Park Airport,35.9524000,-112.1470030,active,2026-09-28,no,OurAirports
GDB,IATA,Gondia Airport,21.5268170,80.2903470,active,2026-09-28,no,OurAirports
GDE,IATA,Gode Airport,5.9351301,43.5786018,active,2026-09-28,no,OurAirports
GDL,IATA,Guadalajara International Airport,20.5233420,-103.3101080,active,2026-09-28,no,OurAirports
GDN,IATA,Gdańsk Lech Wałęsa Airport,54.3776020,18.4662000,active,2026-09-28,no,OurAirports
GDQ,IATA,Gondar Airport,12.5199000,37.4339980,active,2026-09-28,no,OurAirports
GDT,IATA,JAGS McCartney International Airport,21.4445000,-71.1423030,active,2026-09-28,no,OurAirports
GDV,IATA,Dawson Community Airport,47.1376580,-104.8069100,active,2026-09-28,no,OurAirports
GDX,IATA,Sokol Airport,59.9109993,150.7200012,active,2026-09-28,no,OurAirports
GDZ,IATA,Gelendzhik Airport,44.5820926,38.0124807,active,2026-09-28,no,OurAirports
GEA,IATA,Nouméa Magenta Airport,-22.2577060,166.4728220,active,2026-09-28,no,OurAirports
GEG,IATA,Spokane International Airport,47.6199000,-117.5339970,active,2026-09-28,no,OurAirports
GEL,IATA,Santo Ângelo Airport,-28.2825030,-54.1696230,active,2026-09-28,no,OurAirports
GEM,IATA,President Obiang Nguema International Airport,1.6764370,11.0249040,active,2026-09-28,no,OurAirports
GEO,IATA,Cheddi Jagan International Airport,6.4985500,-58.2541010,active,2026-09-28,no,OurAirports
GER,IATA,Rafael Cabrera Airport,21.8346996,-82.7837982,active,2026-09-28,no,OurAirports
GES,IATA,General Santos International Airport,6.0572080,125.0962430,active,2026-09-28,no,OurAirports
GET,IATA,Geraldton Airport,-28.7961010,114.7070010,active,2026-09-28,no,OurAirports
GEV,IATA,Gällivare Airport,67.1324005,20.8146000,active,2026-09-28,no,OurAirports
GFF,IATA,Griffith Airport,-34.2508011,146.0670013,active,2026-09-28,no,OurAirports
GFK,IATA,Grand Forks International Airport,47.9492990,-97.1761020,active,2026-09-28,no,OurAirports
GGF,IATA,Almeirim Airport,-1.4795240,-52.5782140,active,2026-09-28,no,OurAirports
GGG,IATA,East Texas Regional Airport,32.3839989,-94.7115021,active,2026-09-28,no,OurAirports
GGJ,IATA,Guaíra Airport,-24.0811000,-54.1917000,active,2026-09-28,no,OurAirports
GGR,IATA,Garowe Airport,8.4584740,48.5681360,active,2026-09-28,no,OurAirports
GGS,IATA,Gobernador Gregores Airport,-48.7831000,-70.1500020,active,2026-09-28,no,OurAirports
GGT,IATA,Exuma International Airport,23.5625990,-75.8779980,active,2026-09-28,no,OurAirports
GGW,IATA,Glasgow Valley County Airport Wokal Field,48.2125020,-106.6149980,active,2026-09-28,no,OurAirports
GHA,IATA,Noumérat - Moufdi Zakaria Airport,32.3841020,3.7941100,active,2026-09-28,no,OurAirports
GHB,IATA,Governor's Harbour Airport,25.2847000,-76.3310010,active,2026-09-28,no,OurAirports
GHV,IATA,Brașov-Ghimbav International Airport,45.7055800,25.5228710,active,2026-09-28,no,OurAirports
GIB,IATA,Gibraltar Airport,36.1516790,-5.3497800,active,2026-09-28,no,OurAirports
GIC,IATA,Boigu Island Airport,-9.2327800,142.2180020,active,2026-09-28,no,OurAirports
GID,IATA,Gitega Airport,-3.4172090,29.9113080,active,2026-09-28,no,OurAirports
GIG,IATA,Rio de Janeiro Galeão – Tom Jobim International Airport,-22.8099990,-43.2505570,active,2026-09-28,no,OurAirports
GIL,IATA,Gilgit Airport,35.9188004,74.3336029,active,2026-09-28,no,OurAirports
GIS,IATA,Gisborne Airport,-38.6633000,177.9779970,active,2026-09-28,no,OurAirports
GIZ,IATA,Jizan Regional Airport / King Abdullah bin Abdulaziz Airport,16.9011000,42.5858000,active,2026-09-28,no,OurAirports
GJA,IATA,La Laguna Airport,16.4454000,-85.9066010,active,2026-09-28,no,OurAirports
GJL,IATA,Jijel Ferhat Abbas Airport,36.7941250,5.8736520,active,2026-09-28,no,OurAirports
GJT,IATA,Grand Junction Regional Airport,39.1266630,-108.5293870,active,2026-09-28,no,OurAirports
GKA,IATA,Goroka Airport,-6.0816898,145.3919983,active,2026-09-28,no,OurAirports
GKK,IATA,Kooddoo Airport,0.7324000,73.4336000,active,2026-09-28,no,OurAirports
GKN,IATA,Gulkana Airport,62.1558590,-145.4546620,active,2026-09-28,no,OurAirports
GLA,IATA,Glasgow Airport,55.8718990,-4.4330600,active,2026-09-28,no,OurAirports
GLF,IATA,Golfito Airport,8.6540100,-83.1821980,active,2026-09-28,no,OurAirports
GLH,IATA,Mid Delta Regional Airport,33.4828990,-90.9856030,active,2026-09-28,no,OurAirports
GLK,IATA,Galcaio Airport,6.7808299,47.4547005,active,2026-09-28,no,OurAirports
GLT,IATA,Gladstone Airport,-23.8697630,151.2254390,active,2026-09-28,no,OurAirports
GLV,IATA,Golovin Airport,64.5504990,-163.0070040,active,2026-09-28,no,OurAirports
GMA,IATA,Gemena Airport,3.2353700,19.7712990,active,2026-09-28,no,OurAirports
GMB,IATA,Gambela Airport,8.1287600,34.5630990,active,2026-09-28,no,OurAirports
GME,IATA,Gomel Airport,52.5270004,31.0167007,active,2026-09-28,no,OurAirports
GMI,IATA,Gasmata Island Airport,-6.2711101,150.3309937,active,2026-09-28,no,OurAirports
GMO,IATA,Gombe Lawanti International Airport,10.2988890,10.9000000,active,2026-09-28,no,OurAirports
GMP,IATA,Seoul Gimpo International Airport,37.5583000,126.7910000,active,2026-09-28,no,OurAirports
GMQ,IATA,Golog Maqên Airport,34.4180660,100.3011440,active,2026-09-28,no,OurAirports
GMR,IATA,Totegegie Airport,-23.0799007,-134.8899994,active,2026-09-28,no,OurAirports
GMZ,IATA,La Gomera Airport,28.0296000,-17.2146000,active,2026-09-28,no,OurAirports
GNB,IATA,Grenoble Alpes Isère Airport,45.3629000,5.3293700,active,2026-09-28,no,OurAirports
GND,IATA,Maurice Bishop International Airport,12.0039960,-61.7853020,active,2026-09-28,no,OurAirports
GNJ,IATA,Ganja International Airport,40.7386920,46.3203830,active,2026-09-28,no,OurAirports
GNS,IATA,Binaka Airport,1.1662750,97.7051960,active,2026-09-28,no,OurAirports
GNU,IATA,Goodnews Airport,59.1175610,-161.5752410,active,2026-09-28,no,OurAirports
GNV,IATA,Gainesville Regional Airport,29.6900997,-82.2717972,active,2026-09-28,no,OurAirports
GNY,IATA,Şanlıurfa GAP Airport,37.4456630,38.8955920,active,2026-09-28,no,OurAirports
GOA,IATA,Genoa Cristoforo Colombo Airport,44.4120390,8.8407320,active,2026-09-28,no,OurAirports
GOH,IATA,Nuuk International Airport,64.1910660,-51.6791400,active,2026-09-28,no,OurAirports
GOI,IATA,Goa Dabolim International Airport,15.3800620,73.8333280,active,2026-09-28,no,OurAirports
GOJ,IATA,Nizhny Novgorod / Strigino International Airport,56.2273510,43.7851520,active,2026-09-28,no,OurAirports
GOM,IATA,Goma International Airport,-1.6667580,29.2380370,active,2026-09-28,no,OurAirports
GOP,IATA,Gorakhpur Airport,26.7397003,83.4496994,active,2026-09-28,no,OurAirports
GOQ,IATA,Golmud Airport,36.4006000,94.7861020,active,2026-09-28,no,OurAirports
GOT,IATA,Göteborg Landvetter Airport,57.6628000,12.2798000,active,2026-09-28,no,OurAirports
GOU,IATA,Garoua International Airport,9.3347850,13.3721290,active,2026-09-28,no,OurAirports
GOV,IATA,Gove Airport,-12.2693996,136.8179932,active,2026-09-28,no,OurAirports
GOX,IATA,Manohar International Airport,15.7442570,73.8606250,active,2026-09-28,no,OurAirports
GOY,IATA,Tura Mountain Airport,64.3335110,100.4328920,active,2026-09-28,no,OurAirports
GPA,IATA,Patras Araxos Agamemnon Airport,38.1511000,21.4256000,active,2026-09-28,no,OurAirports
GPI,IATA,Guapi Airport,2.5701300,-77.8979690,active,2026-09-28,no,OurAirports
GPS,IATA,Seymour Galapagos Ecological Airport,-0.4537580,-90.2659000,active,2026-09-28,no,OurAirports
GPT,IATA,Gulfport Biloxi International Airport,30.4055820,-89.0698360,active,2026-09-28,no,OurAirports
GRB,IATA,Austin Straubel International Airport,44.4834590,-88.1308050,active,2026-09-28,no,OurAirports
GRI,IATA,Central Nebraska Regional Airport,40.9674988,-98.3096008,active,2026-09-28,no,OurAirports
GRJ,IATA,George Airport,-34.0056000,22.3789020,active,2026-09-28,no,OurAirports
GRK,IATA,Killeen Regional Airport / Robert Gray Army Airfield,31.0672000,-97.8289030,active,2026-09-28,no,OurAirports
GRO,IATA,Girona-Costa Brava Airport,41.9046390,2.7617740,active,2026-09-28,no,OurAirports
GRQ,IATA,Groningen Airport Eelde,53.1191070,6.5776520,active,2026-09-28,no,OurAirports
GRR,IATA,Gerald R. Ford International Airport,42.8807980,-85.5227970,active,2026-09-28,no,OurAirports
GRU,IATA,São Paulo/Guarulhos–Governor André Franco Montoro International Airport,-23.4312740,-46.4699540,active,2026-09-28,no,OurAirports
GRV,IATA,Akhmat Kadyrov Grozny International Airport,43.3881060,45.6997720,active,2026-09-28,no,OurAirports
GRW,IATA,Graciosa Airport,39.0922012,-28.0298004,active,2026-09-28,no,OurAirports
GRX,IATA,F.G.L. Airport Granada-Jaén Airport,37.1887020,-3.7773600,active,2026-09-28,no,OurAirports
GRY,IATA,Grímsey Airport,66.5458000,-18.0173000,active,2026-09-28,no,OurAirports
GRZ,IATA,Graz Airport,46.9911000,15.4396000,active,2026-09-28,no,OurAirports
GSM,IATA,Qeshm International Airport,26.7546390,55.9023530,active,2026-09-28,no,OurAirports
GSO,IATA,Piedmont Triad International Airport,36.0993700,-79.9372620,active,2026-09-28,no,OurAirports
GSP,IATA,Greenville-Spartanburg International Airport,34.8956990,-82.2189030,active,2026-09-28,no,OurAirports
GST,IATA,Gustavus Airport,58.4253006,-135.7070007,active,2026-09-28,no,OurAirports
GSV,IATA,Gagarin International Airport,51.7127780,46.1711110,active,2026-09-28,no,OurAirports
GTA,IATA,Gatokae Aerodrome,-8.7383580,158.2028360,active,2026-09-28,no,OurAirports
GTE,IATA,Groote Eylandt Airport,-13.9724050,136.4585530,active,2026-09-28,no,OurAirports
GTF,IATA,Great Falls International Airport,47.4819980,-111.3710020,active,2026-09-28,no,OurAirports
GTO,IATA,Jalaluddin Airport,0.6371190,122.8499980,active,2026-09-28,no,OurAirports
GTR,IATA,Golden Triangle Regional Airport,33.4502980,-88.5914000,active,2026-09-28,no,OurAirports
GUA,IATA,La Aurora International Airport,14.5828960,-90.5275150,active,2026-09-28,no,OurAirports
GUB,IATA,Guerrero Negro Airport,28.0261000,-114.0240020,active,2026-09-28,no,OurAirports
GUC,IATA,Gunnison Crested Butte Regional Airport,38.5346720,-106.9345660,active,2026-09-28,no,OurAirports
GUM,IATA,Antonio B. Won Pat International Airport,13.4850000,144.7972820,active,2026-09-28,no,OurAirports
GUP,IATA,Gallup Municipal Airport,35.5116530,-108.7881660,active,2026-09-28,no,OurAirports
GUR,IATA,Gurney Airport,-10.3114996,150.3339996,active,2026-09-28,no,OurAirports
GUW,IATA,Atyrau International Airport,47.1213180,51.8203430,active,2026-09-28,no,OurAirports
GUZ,IATA,Guarapari Airport,-20.6465000,-40.4919010,active,2026-09-28,no,OurAirports
GVA,IATA,Geneva International Airport,46.2380980,6.1089500,active,2026-09-28,no,OurAirports
GVR,IATA,Coronel Altino Machado Airport,-18.8958820,-41.9828690,active,2026-09-28,no,OurAirports
GWD,IATA,New Gwadar International Airport,25.2967330,62.4988220,active,2026-09-28,no,OurAirports
GWL,IATA,Gwalior Airport,26.2933006,78.2277985,active,2026-09-28,no,OurAirports
GWT,IATA,Westerland Sylt Airport,54.9132000,8.3404700,active,2026-09-28,no,OurAirports
GXF,IATA,Seiyun Hadhramaut International Airport,15.9658870,48.7881460,active,2026-09-28,no,OurAirports
GXG,IATA,Negage Airport,-7.7545099,15.2876997,active,2026-09-28,no,OurAirports
GXH,IATA,Gannan Xiahe Airport,34.8190140,102.6222610,active,2026-09-28,no,OurAirports
GYA,IATA,Guayaramerín Airport,-10.8885600,-65.3809550,active,2026-09-28,no,OurAirports
GYD,IATA,Heydar Aliyev International Airport,40.4727800,50.0509310,active,2026-09-28,no,OurAirports
GYE,IATA,José Joaquín de Olmedo International Airport,-2.1574200,-79.8835980,active,2026-09-28,no,OurAirports
GYM,IATA,General José María Yáñez International Airport,27.9689999,-110.9250031,active,2026-09-28,no,OurAirports
GYN,IATA,Santa Genoveva International Airport,-16.6320000,-49.2206990,active,2026-09-28,no,OurAirports
GYS,IATA,Guangyuan Panlong Airport,32.3902540,105.6945710,active,2026-09-28,no,OurAirports
GYU,IATA,Guyuan Liupanshan Airport,36.0788890,106.2169440,active,2026-09-28,no,OurAirports
GYY,IATA,Gary/Chicago International Airport,41.6170870,-87.4132060,active,2026-09-28,no,OurAirports
GYZ,IATA,Gruyere Airport,-28.0345480,123.8150600,active,2026-09-28,no,OurAirports
GZG,IATA,Garze Gesar Airport,31.7575000,99.5541670,active,2026-09-28,no,OurAirports
GZM,IATA,Xewkija Heliport,36.0271990,14.2728000,active,2026-09-28,no,OurAirports
GZO,IATA,Nusatupe Airport,-8.0977802,156.8639984,active,2026-09-28,no,OurAirports
GZP,IATA,Gazipaşa-Alanya Airport,36.2988320,32.2970170,active,2026-09-28,no,OurAirports
GZT,IATA,Gaziantep Oğuzeli International Airport,36.9472010,37.4786990,active,2026-09-28,no,OurAirports
HAA,IATA,Hasvik Airport,70.4867020,22.1397000,active,2026-09-28,no,OurAirports
HAC,IATA,Hachijojima Airport,33.1148430,139.7856450,active,2026-09-28,no,OurAirports
HAD,IATA,Halmstad Airport,56.6911011,12.8202000,active,2026-09-28,no,OurAirports
HAH,IATA,Prince Said Ibrahim International Airport,-11.5337000,43.2719000,active,2026-09-28,no,OurAirports
HAJ,IATA,Hannover Airport,52.4611020,9.6850800,active,2026-09-28,no,OurAirports
HAK,IATA,Haikou Meilan International Airport,19.9349000,110.4590000,active,2026-09-28,no,OurAirports
HAL,IATA,Halali Airport,-19.0285000,16.4585000,active,2026-09-28,no,OurAirports
HAM,IATA,Hamburg Helmut Schmidt Airport,53.6304020,9.9882300,active,2026-09-28,no,OurAirports
HAN,IATA,Noi Bai International Airport,21.2212010,105.8069990,active,2026-09-28,no,OurAirports
HAQ,IATA,Hanimaadhoo International Airport,6.7432350,73.1670720,active,2026-09-28,no,OurAirports
HAS,IATA,Hail International Airport,27.4379010,41.6862980,active,2026-09-28,no,OurAirports
HAU,IATA,"Haugesund Airport, Karmøy",59.3452990,5.2083600,active,2026-09-28,no,OurAirports
HAV,IATA,José Martí International Airport,22.9892006,-82.4091034,active,2026-09-28,no,OurAirports
HBA,IATA,Hobart International Airport,-42.8370320,147.5130220,active,2026-09-28,no,OurAirports
HBE,IATA,Alexandria International Airport,30.9324900,29.6964370,active,2026-09-28,no,OurAirports
HBQ,IATA,Haibei Qilian Airport,38.0080680,100.6450650,active,2026-09-28,no,OurAirports
HBT,IATA,Hambantota Seaplane Base,6.1240430,81.1030000,active,2026-09-28,no,OurAirports
HBX,IATA,Hubballi Airport,15.3610840,75.0820960,active,2026-09-28,no,OurAirports
HCJ,IATA,Hechi Jinchengjiang Airport,24.8043440,107.7108190,active,2026-09-28,no,OurAirports
HCR,IATA,Holy Cross Airport,62.1883011,-159.7749939,active,2026-09-28,no,OurAirports
HCZ,IATA,Chenzhou Beihu Airport,25.7534190,112.8454040,active,2026-09-28,no,OurAirports
HDD,IATA,Hyderabad Airport,25.3181000,68.3660960,active,2026-09-28,no,OurAirports
HDF,IATA,Heringsdorf Airport,53.8787000,14.1523000,active,2026-09-28,no,OurAirports
HDG,IATA,Handan Airport,36.5248240,114.4241260,active,2026-09-28,no,OurAirports
HDK,IATA,Kulhudhuffushi Airport,6.6307620,73.0678150,active,2026-09-28,no,OurAirports
HDM,IATA,Hamadan Airport,34.8664160,48.5606900,active,2026-09-28,no,OurAirports
HDN,IATA,Yampa Valley Airport,40.4812010,-107.2180020,active,2026-09-28,no,OurAirports
HDO,IATA,Hindon Airport / Hindon Air Force Station,28.7077010,77.3589020,active,2026-09-28,no,OurAirports
HDS,IATA,Eastgate Airport / Air Force Base Hoedspruit,-24.3618640,31.0529210,active,2026-09-28,no,OurAirports
HDY,IATA,Hat Yai International Airport,6.9332100,100.3929980,active,2026-09-28,no,OurAirports
HEA,IATA,Herat - Khwaja Abdullah Ansari International Airport,34.2099990,62.2282980,active,2026-09-28,no,OurAirports
HEH,IATA,Heho Airport,20.7471400,96.7920290,active,2026-09-28,no,OurAirports
HEI,IATA,Heide-Büsum Airport,54.1533320,8.9016670,active,2026-09-28,no,OurAirports
HEK,IATA,Heihe Aihui Airport,50.1716210,127.3088840,active,2026-09-28,no,OurAirports
HEL,IATA,Helsinki Vantaa Airport,60.3183630,24.9633410,active,2026-09-28,no,OurAirports
HER,IATA,Heraklion International Nikos Kazantzakis Airport,35.3396990,25.1803000,active,2026-09-28,no,OurAirports
HET,IATA,Hohhot Baita International Airport,40.8496580,111.8245980,active,2026-09-28,no,OurAirports
HFA,IATA,Uri Michaeli Haifa International Airport,32.8102190,35.0437190,active,2026-09-28,no,OurAirports
HFE,IATA,Hefei Xinqiao International Airport,31.9877900,116.9769000,active,2026-09-28,no,OurAirports
HFN,IATA,Hornafjörður Airport,64.2956010,-15.2272000,active,2026-09-28,no,OurAirports
HFS,IATA,Hagfors Airport,60.0201000,13.5789000,active,2026-09-28,no,OurAirports
HFT,IATA,Hammerfest Airport,70.6797030,23.6686000,active,2026-09-28,no,OurAirports
HGA,IATA,Egal International Airport,9.5140820,44.0834690,active,2026-09-28,no,OurAirports
HGD,IATA,Hughenden Airport,-20.8150010,144.2250060,active,2026-09-28,no,OurAirports
HGH,IATA,Hangzhou Xiaoshan International Airport,30.2360900,120.4288650,active,2026-09-28,no,OurAirports
HGI,IATA,Itanagar Donyi Polo Hollongi Airport,26.9668300,93.6387920,active,2026-09-28,no,OurAirports
HGL,IATA,Helgoland-Düne Airport,54.1852800,7.9158330,active,2026-09-28,no,OurAirports
HGN,IATA,Mae Hong Son Airport,19.3013000,97.9758000,active,2026-09-28,no,OurAirports
HGO,IATA,Korhogo Airport,9.3871800,-5.5566600,active,2026-09-28,no,OurAirports
HGR,IATA,Hagerstown Regional Richard A Henson Field,39.7087710,-77.7280140,active,2026-09-28,no,OurAirports
HGU,IATA,Mount Hagen Kagamuga Airport,-5.8282120,144.2994120,active,2026-09-28,no,OurAirports
HHH,IATA,Hilton Head Airport,32.2244000,-80.6975020,active,2026-09-28,no,OurAirports
HHN,IATA,Frankfurt-Hahn Airport,49.9463530,7.2617340,active,2026-09-28,no,OurAirports
HHP,IATA,Shun Tak Heliport,22.2888680,114.1523690,active,2026-09-28,no,OurAirports
HHQ,IATA,Hua Hin Airport,12.6362000,99.9514999,active,2026-09-28,no,OurAirports
HHR,IATA,Jack Northrop Field Hawthorne Municipal Airport,33.9227980,-118.3349990,active,2026-09-28,no,OurAirports
HHZ,IATA,Hikueru Airport,-17.5482970,-142.6120370,active,2026-09-28,no,OurAirports
HIA,IATA,Huai'an Lianshui Airport,33.7927120,119.1266570,active,2026-09-28,no,OurAirports
HIB,IATA,Range Regional Airport,47.3848310,-92.8369050,active,2026-09-28,no,OurAirports
HID,IATA,Horn Island Airport,-10.5856360,142.2927700,active,2026-09-28,no,OurAirports
HII,IATA,Lake Havasu City Airport,34.5705060,-114.3577450,active,2026-09-28,no,OurAirports
HIJ,IATA,Hiroshima Airport,34.4361000,132.9190060,active,2026-09-28,no,OurAirports
HIL,IATA,Shilavo Airport,6.0775450,44.7637360,active,2026-09-28,no,OurAirports
HIN,IATA,Sacheon Airport / Sacheon Air Base,35.0885910,128.0717470,active,2026-09-28,no,OurAirports
HIR,IATA,Honiara International Airport,-9.4280000,160.0549930,active,2026-09-28,no,OurAirports
HIS,IATA,Hayman Island Resort Seaplane Base,-20.0599995,148.8809967,active,2026-09-28,no,OurAirports
HJB,IATA,Hejing Bayinbuluke Airport,42.9763950,83.9955430,active,2026-09-28,no,OurAirports
HJJ,IATA,Huaihua Zhijiang Airport,27.4430870,109.7046660,active,2026-09-28,no,OurAirports
HJR,IATA,Khajuraho Airport,24.8172000,79.9186020,active,2026-09-28,no,OurAirports
HKD,IATA,Hakodate Airport,41.7700000,140.8220060,active,2026-09-28,no,OurAirports
HKG,IATA,Hong Kong International Airport,22.3118400,113.9148620,active,2026-09-28,no,OurAirports
HKK,IATA,Hokitika Airfield,-42.7136002,170.9850006,active,2026-09-28,no,OurAirports
HKN,IATA,Hoskins Airport,-5.4638460,150.4073270,active,2026-09-28,no,OurAirports
HKT,IATA,Phuket International Airport,8.1132570,98.3174000,active,2026-09-28,no,OurAirports
HLA,IATA,Lanseria International Airport,-25.9389640,27.9266420,active,2026-09-28,no,OurAirports
HLD,IATA,Hulunbuir Hailar Airport,49.2086160,119.8223010,active,2026-09-28,no,OurAirports
HLE,IATA,Saint Helena International Airport,-15.9588980,-5.6460660,active,2026-09-28,no,OurAirports
HLH,IATA,Ulanhot Yilelite Airport,46.1953330,122.0083330,active,2026-09-28,no,OurAirports
HLN,IATA,Helena Regional Airport,46.6068000,-111.9830020,active,2026-09-28,no,OurAirports
HLP,IATA,Halim Perdanakusuma International Airport,-6.2669890,106.8903180,active,2026-09-28,no,OurAirports
HLZ,IATA,Hamilton International Airport,-37.8669610,175.3319520,active,2026-09-28,no,OurAirports
HMA,IATA,Khanty Mansiysk Airport,61.0285000,69.0860980,active,2026-09-28,no,OurAirports
HMB,IATA,Suhaj International Airport,26.3425150,31.7430170,active,2026-09-28,no,OurAirports
HME,IATA,Hassi Messaoud-Oued Irara Krim Belkacem Airport,31.6730000,6.1404400,active,2026-09-28,no,OurAirports
HMI,IATA,Hami Airport,42.8414000,93.6691970,active,2026-09-28,no,OurAirports
HMO,IATA,General Ignacio L. Pesqueira International Airport,29.0928110,-111.0530150,active,2026-09-28,no,OurAirports
HMS,IATA,Haji Muhammad Sidik Airport,-1.0258100,114.9288100,active,2026-09-28,no,OurAirports
HMV,IATA,Hemavan Airport,65.8060990,15.0828000,active,2026-09-28,no,OurAirports
HNA,IATA,Iwate Hanamaki Airport,39.4286000,141.1349950,active,2026-09-28,no,OurAirports
HND,IATA,Tokyo Haneda International Airport,35.5496780,139.7869580,active,2026-09-28,no,OurAirports
HNH,IATA,Hoonah Airport,58.0961000,-135.4101110,active,2026-09-28,no,OurAirports
HNL,IATA,Daniel K. Inouye International Airport,21.3183870,-157.9256700,active,2026-09-28,no,OurAirports
HNM,IATA,Hana Airport,20.7956010,-156.0140080,active,2026-09-28,no,OurAirports
HNS,IATA,Haines Airport,59.2439210,-135.5239250,active,2026-09-28,no,OurAirports
HNY,IATA,Hengyang Nanyue Airport,26.7220800,112.6179580,active,2026-09-28,no,OurAirports
HOB,IATA,Lea County Regional Airport,32.6875000,-103.2170030,active,2026-09-28,no,OurAirports
HOF,IATA,Al-Ahsa International Airport,25.2852990,49.4851990,active,2026-09-28,no,OurAirports
HOG,IATA,Frank Pais International Airport,20.7851480,-76.3155260,active,2026-09-28,no,OurAirports
HOI,IATA,Hao Airport,-18.0748000,-140.9459990,active,2026-09-28,no,OurAirports
HOK,IATA,Hooker Creek Airport,-18.3367004,130.6380005,active,2026-09-28,no,OurAirports
HOM,IATA,Homer Airport,59.6444560,-151.4792350,active,2026-09-28,no,OurAirports
HOR,IATA,Horta Airport,38.5199013,-28.7159004,active,2026-09-28,no,OurAirports
HOT,IATA,Memorial Field Airport,34.4788000,-93.0962620,active,2026-09-28,no,OurAirports
HOU,IATA,William P. Hobby Airport,29.6453360,-95.2768120,active,2026-09-28,no,OurAirports
HOV,IATA,"Ørsta-Volda Airport, Hovden",62.1800003,6.0741000,active,2026-09-28,no,OurAirports
HPA,IATA,Lifuka Island Airport,-19.7770004,-174.3410034,active,2026-09-28,no,OurAirports
HPB,IATA,Hooper Bay Airport,61.5238990,-166.1470030,active,2026-09-28,no,OurAirports
HPG,IATA,Shennongjia Hongping Airport,31.6260000,110.3400000,active,2026-09-28,no,OurAirports
HPH,IATA,Cat Bi International Airport,20.8174280,106.7243150,active,2026-09-28,no,OurAirports
HPN,IATA,Westchester County Airport,41.0670013,-73.7076035,active,2026-09-28,no,OurAirports
HQL,IATA,Tashikuergan Hongqilafu Airport,37.6613330,75.2888770,active,2026-09-28,no,OurAirports
HQQ,IATA,Anyang Hongqiqu Airport,35.8708330,114.4619440,active,2026-09-28,no,OurAirports
HRB,IATA,Harbin Taiping International Airport,45.6234020,126.2500000,active,2026-09-28,no,OurAirports
HRE,IATA,Robert Gabriel Mugabe International Airport,-17.9318010,31.0928000,active,2026-09-28,no,OurAirports
HRF,IATA,Hoarafushi Airport,6.9696700,72.8962870,active,2026-09-28,no,OurAirports
HRG,IATA,Hurghada International Airport,27.1767760,33.7966920,active,2026-09-28,no,OurAirports
HRI,IATA,Mattala Rajapaksa International Airport,6.2838780,81.1241630,active,2026-09-28,no,OurAirports
HRL,IATA,Valley International Airport,26.2285004,-97.6544037,active,2026-09-28,no,OurAirports
HRO,IATA,Boone County Airport,36.2615013,-93.1547012,active,2026-09-28,no,OurAirports
HSA,IATA,Hazrat Sultan International Airport,43.3110870,68.5503520,active,2026-09-28,no,OurAirports
HSC,IATA,Shaoguan Danxia Airport,24.9786000,113.4209980,active,2026-09-28,no,OurAirports
HSG,IATA,Kyushu Saga International Airport,33.1497000,130.3020020,active,2026-09-28,no,OurAirports
HSL,IATA,Huslia Airport,65.6978990,-156.3509980,active,2026-09-28,no,OurAirports
HSN,IATA,Zhoushan Putuoshan International Airport,29.9338740,122.3623070,active,2026-09-28,no,OurAirports
HSR,IATA,Rajkot International Airport,22.3788240,71.0393910,active,2026-09-28,no,OurAirports
HSS,IATA,Maharaja Agrasen International Airport,29.1860650,75.7414200,active,2026-09-28,no,OurAirports
HSV,IATA,Huntsville International Airport,34.6362440,-86.7743780,active,2026-09-28,no,OurAirports
HTA,IATA,Chita-Kadala International Airport,52.0248410,113.3058390,active,2026-09-28,no,OurAirports
HTG,IATA,Khatanga Airport,71.9781036,102.4909973,active,2026-09-28,no,OurAirports
HTI,IATA,Hamilton Island Airport,-20.3581009,148.9519959,active,2026-09-28,no,OurAirports
HTN,IATA,Hotan Airport,37.0385017,79.8648987,active,2026-09-28,no,OurAirports
HTS,IATA,Tri-State Airport / Milton J. Ferguson Field,38.3666990,-82.5579990,active,2026-09-28,no,OurAirports
HTT,IATA,Huatugou Airport,38.2016450,90.8378430,active,2026-09-28,no,OurAirports
HTY,IATA,Hatay Airport,36.3607900,36.2855890,active,2026-09-28,no,OurAirports
HUE,IATA,Humera Airport,13.8301200,36.8823700,active,2026-09-28,no,OurAirports
HUG,IATA,Huehuetenango Airport,15.3166670,-91.5055560,active,2026-09-28,no,OurAirports
HUH,IATA,Huahine-Fare Airport,-16.6870840,-151.0215930,active,2026-09-28,no,OurAirports
HUI,IATA,Phu Bai International Airport,16.4005810,107.7040940,active,2026-09-28,no,OurAirports
HUN,IATA,Hualien Chiashan Airport,24.0231630,121.6179910,active,2026-09-28,no,OurAirports
HUO,IATA,Holingol Huolinhe Airport,45.4872220,119.4072220,active,2026-09-28,no,OurAirports
HUS,IATA,Hughes Airport,66.0410995,-154.2630005,active,2026-09-28,no,OurAirports
HUU,IATA,Alferez Fap David Figueroa Fernandini Airport,-9.8788099,-76.2048035,active,2026-09-28,no,OurAirports
HUX,IATA,Bahías de Huatulco International Airport,15.7754370,-96.2604560,active,2026-09-28,no,OurAirports
HUY,IATA,Humberside Airport,53.5761520,-0.3495400,active,2026-09-28,no,OurAirports
HUZ,IATA,Huizhou Pingtan Airport,23.0499990,114.5999980,active,2026-09-28,no,OurAirports
HVB,IATA,Hervey Bay Airport,-25.3201270,152.8806620,active,2026-09-28,no,OurAirports
HVD,IATA,Khovd Airport,47.9541020,91.6281970,active,2026-09-28,no,OurAirports
HVG,IATA,"Honningsvåg Airport, Valan",71.0096970,25.9836010,active,2026-09-28,no,OurAirports
HVN,IATA,Tweed New Haven Airport,41.2628690,-72.8876940,active,2026-09-28,no,OurAirports
HVR,IATA,Havre City County Airport,48.5413870,-109.7628590,active,2026-09-28,no,OurAirports
HWR,IATA,Halwara International Airport,30.7485010,75.6297990,active,2026-09-28,no,OurAirports
HXD,IATA,Haixi Delingha Airport,37.1252860,97.2686580,active,2026-09-28,no,OurAirports
HYA,IATA,Cape Cod Gateway Airport,41.6693000,-70.2804030,active,2026-09-28,no,OurAirports
HYD,IATA,Rajiv Gandhi International Airport,17.2313180,78.4298550,active,2026-09-28,no,OurAirports
HYG,IATA,Hydaburg Seaplane Base,55.2052270,-132.8302860,active,2026-09-28,no,OurAirports
HYL,IATA,Hollis Clark Bay Seaplane Base,55.4815290,-132.6460080,active,2026-09-28,no,OurAirports
HYN,IATA,Taizhou Luqiao Airport,28.5622010,121.4290010,active,2026-09-28,no,OurAirports
HYS,IATA,Hays Regional Airport,38.8445210,-99.2731480,active,2026-09-28,no,OurAirports
HZA,IATA,Heze Mudan Airport,35.2129720,115.7367480,active,2026-09-28,no,OurAirports
HZG,IATA,Hanzhong Chenggu Airport,33.1335270,107.2038170,active,2026-09-28,no,OurAirports
HZH,IATA,Liping Airport,26.3221700,109.1499000,active,2026-09-28,no,OurAirports
IAA,IATA,Igarka Airport,67.4372020,86.6219020,active,2026-09-28,no,OurAirports
IAD,IATA,Washington Dulles International Airport,38.9445000,-77.4558030,active,2026-09-28,no,OurAirports
IAG,IATA,Niagara Falls International Airport,43.1073000,-78.9461980,active,2026-09-28,no,OurAirports
IAH,IATA,George Bush Intercontinental Airport,29.9844000,-95.3414000,active,2026-09-28,no,OurAirports
IAM,IATA,Zarzaitine - In Aménas Airport,28.0515000,9.6429100,active,2026-09-28,no,OurAirports
IAN,IATA,Bob Baker Memorial Airport,66.9761280,-160.4390140,active,2026-09-28,no,OurAirports
IAO,IATA,Siargao Airport,9.8591000,126.0140000,active,2026-09-28,no,OurAirports
IAR,IATA,Golden Ring Yaroslavl International Airport,57.5606990,40.1573980,active,2026-09-28,no,OurAirports
IAS,IATA,Iaşi International Airport,47.1796330,27.6214310,active,2026-09-28,no,OurAirports
IBA,IATA,Ibadan Airport,7.3624601,3.9783299,active,2026-09-28,no,OurAirports
IBB,IATA,General Villamil Airport,-0.9426280,-90.9530030,active,2026-09-28,no,OurAirports
IBE,IATA,Perales Airport,4.4216100,-75.1333000,active,2026-09-28,no,OurAirports
IBR,IATA,Ibaraki Airport,36.1814560,140.4144340,active,2026-09-28,no,OurAirports
IBZ,IATA,Ibiza Airport,38.8728980,1.3731200,active,2026-09-28,no,OurAirports
ICC,IATA,Andrés Miguel Salazar Marcano Airport,10.7944320,-63.9815900,active,2026-09-28,no,OurAirports
ICI,IATA,Cicia Airport,-17.7432995,-179.3419952,active,2026-09-28,no,OurAirports
ICN,IATA,Incheon International Airport,37.4691010,126.4509960,active,2026-09-28,no,OurAirports
ICT,IATA,Wichita Dwight D. Eisenhower National Airport,37.6503140,-97.4285830,active,2026-09-28,no,OurAirports
IDA,IATA,Idaho Falls Regional Airport,43.5145990,-112.0709990,active,2026-09-28,no,OurAirports
IDR,IATA,Devi Ahilya Bai Holkar International Airport,22.7214040,75.8005100,active,2026-09-28,no,OurAirports
IEG,IATA,Zielona Góra-Babimost Airport,52.1385000,15.7986000,active,2026-09-28,no,OurAirports
IFJ,IATA,Ísafjörður Airport,66.0580980,-23.1353000,active,2026-09-28,no,OurAirports
IFN,IATA,Isfahan Shahid Beheshti International Airport,32.7551420,51.8838770,active,2026-09-28,no,OurAirports
IGA,IATA,Inagua Airport,20.9750000,-73.6669010,active,2026-09-28,no,OurAirports
IGD,IATA,Iğdır Airport,39.9766270,43.8766480,active,2026-09-28,no,OurAirports
IGG,IATA,Igiugig Airport,59.3240010,-155.9019930,active,2026-09-28,no,OurAirports
IGR,IATA,Cataratas Del Iguazú International Airport,-25.7373010,-54.4734000,active,2026-09-28,no,OurAirports
IGT,IATA,Magas Airport,43.3232680,45.0125680,active,2026-09-28,no,OurAirports
IGU,IATA,Cataratas International Airport,-25.5941670,-54.4894440,active,2026-09-28,no,OurAirports
IIA,IATA,Inishmaan Aerodrome,53.0929990,-9.5680600,active,2026-09-28,no,OurAirports
IJK,IATA,Izhevsk Airport,56.8345240,53.4621720,active,2026-09-28,no,OurAirports
IKA,IATA,Imam Khomeini International Airport,35.4160995,51.1521988,active,2026-09-28,no,OurAirports
IKE,IATA,Ikerasak Heliport,70.4981450,-51.3030840,active,2026-09-28,no,OurAirports
IKG,IATA,Karakol International Airport,42.5080990,78.4077990,active,2026-09-28,no,OurAirports
IKI,IATA,Iki Airport,33.7490005,129.7850037,active,2026-09-28,no,OurAirports
IKO,IATA,Nikolski Air Station,52.9415520,-168.8494780,active,2026-09-28,no,OurAirports
IKS,IATA,Tiksi Airport,71.6977005,128.9029999,active,2026-09-28,no,OurAirports
IKT,IATA,Irkutsk International Airport,52.2667070,104.3955630,active,2026-09-28,no,OurAirports
IKU,IATA,Issyk-Kul International Airport,42.5855840,76.7011810,active,2026-09-28,no,OurAirports
ILD,IATA,Lleida-Alguaire Airport,41.7281850,0.5350230,active,2026-09-28,no,OurAirports
ILF,IATA,Ilford Airport,56.0516220,-95.6188200,active,2026-09-28,no,OurAirports
ILG,IATA,Wilmington Airport,39.6786990,-75.6064990,active,2026-09-28,no,OurAirports
ILI,IATA,Iliamna Airport,59.7543980,-154.9109960,active,2026-09-28,no,OurAirports
ILM,IATA,Wilmington International Airport,34.2723450,-77.9051170,active,2026-09-28,no,OurAirports
ILO,IATA,Iloilo International Airport,10.8330170,122.4933580,active,2026-09-28,no,OurAirports
ILP,IATA,Île des Pins Airport,-22.5889000,167.4559940,active,2026-09-28,no,OurAirports
ILQ,IATA,General Jorge Fernandez Maldon Airport,-17.6950000,-71.3440020,active,2026-09-28,no,OurAirports
ILR,IATA,General Tunde Idiagbon International Airport,8.4402100,4.4939200,active,2026-09-28,no,OurAirports
ILS,IATA,Ilopango International Airport,13.6995000,-89.1199040,active,2026-09-28,no,OurAirports
ILY,IATA,Islay Airport,55.6827080,-6.2575250,active,2026-09-28,no,OurAirports
IMF,IATA,Bir Tikendrajit International Airport,24.7600000,93.8966980,active,2026-09-28,no,OurAirports
IMK,IATA,Simikot Airport,29.9711000,81.8189010,active,2026-09-28,no,OurAirports
IMP,IATA,Prefeito Renato Moreira Airport,-5.5312900,-47.4599990,active,2026-09-28,no,OurAirports
IMT,IATA,Ford Airport,45.8191100,-88.1145570,active,2026-09-28,no,OurAirports
INB,IATA,Independence Airport,16.5345600,-88.4416150,active,2026-09-28,no,OurAirports
INC,IATA,Yinchuan Hedong International Airport,38.3227580,106.3932140,active,2026-09-28,no,OurAirports
IND,IATA,Indianapolis International Airport,39.7173000,-86.2944030,active,2026-09-28,no,OurAirports
INH,IATA,Inhambane Airport,-23.8764000,35.4085010,active,2026-09-28,no,OurAirports
INI,IATA,Niš Constantine the Great Airport,43.3365380,21.8562420,active,2026-09-28,no,OurAirports
INL,IATA,Falls International Airport,48.5662003,-93.4030991,active,2026-09-28,no,OurAirports
INN,IATA,Innsbruck Airport,47.2602010,11.3440000,active,2026-09-28,no,OurAirports
INO,IATA,Inongo Airport,-1.9472200,18.2858010,active,2026-09-28,no,OurAirports
INQ,IATA,Inisheer Aerodrome,53.0647010,-9.5109000,active,2026-09-28,no,OurAirports
INU,IATA,Nauru International Airport,-0.5478930,166.9195250,active,2026-09-28,no,OurAirports
INV,IATA,Inverness Airport,57.5425000,-4.0475000,active,2026-09-28,no,OurAirports
INZ,IATA,In Salah Airport,27.2509990,2.5120200,active,2026-09-28,no,OurAirports
IOA,IATA,Ioannina King Pyrrhus National Airport,39.6964000,20.8225000,active,2026-09-28,no,OurAirports
IOM,IATA,Isle of Man Airport,54.0830810,-4.6238710,active,2026-09-28,no,OurAirports
IOQ,IATA,Isortoq Heliport,65.5477920,-38.9765520,active,2026-09-28,no,OurAirports
IOR,IATA,Inishmore Aerodrome,53.1067009,-9.6536102,active,2026-09-28,no,OurAirports
IOS,IATA,Bahia - Jorge Amado Airport,-14.8159290,-39.0334580,active,2026-09-28,no,OurAirports
IOT,IATA,Illorsuit Heliport,71.2419440,-53.5628770,active,2026-09-28,no,OurAirports
IPC,IATA,Mataveri International Airport,-27.1654110,-109.4210270,active,2026-09-28,no,OurAirports
IPH,IATA,Sultan Azlan Shah Airport,4.5673300,101.0916430,active,2026-09-28,no,OurAirports
IPI,IATA,San Luis Airport,0.8619460,-77.6717830,active,2026-09-28,no,OurAirports
IPL,IATA,Imperial County Airport,32.8353900,-115.5740260,active,2026-09-28,no,OurAirports
IPN,IATA,Usiminas Airport,-19.4706990,-42.4875980,active,2026-09-28,no,OurAirports
IPT,IATA,Williamsport Regional Airport,41.2421260,-76.9224500,active,2026-09-28,no,OurAirports
IQM,IATA,Qiemo Yudu Airport,38.2345160,85.4654620,active,2026-09-28,no,OurAirports
IQN,IATA,Qingyang Xifeng Airport,35.8026380,107.5988960,active,2026-09-28,no,OurAirports
IQQ,IATA,Diego Aracena International Airport,-20.5362730,-70.1813730,active,2026-09-28,no,OurAirports
IQT,IATA,Coronel FAP Francisco Secada Vignetta International Airport,-3.7847400,-73.3088000,active,2026-09-28,no,OurAirports
IRA,IATA,Ngorangora Airport,-10.4497004,161.8979950,active,2026-09-28,no,OurAirports
IRC,IATA,Circle City (New) Airport,65.8276730,-144.0761950,active,2026-09-28,no,OurAirports
IRG,IATA,Lockhart River Airport,-12.7869000,143.3049930,active,2026-09-28,no,OurAirports
IRJ,IATA,Capitan V A Almonacid Airport,-29.3815990,-66.7957990,active,2026-09-28,no,OurAirports
IRK,IATA,Kirksville Regional Airport,40.0934982,-92.5448990,active,2026-09-28,no,OurAirports
IRP,IATA,Matari Airport,2.8276100,27.5883010,active,2026-09-28,no,OurAirports
IRZ,IATA,Tapuruquara Airport,-0.3786040,-64.9925580,active,2026-09-28,no,OurAirports
ISA,IATA,Mount Isa Airport,-20.6663800,139.4884680,active,2026-09-28,no,OurAirports
ISB,IATA,Islamabad International Airport,33.5490000,72.8256600,active,2026-09-28,no,OurAirports
ISC,IATA,St. Mary's Airport,49.9133750,-6.2918940,active,2026-09-28,no,OurAirports
ISE,IATA,Süleyman Demirel International Airport,37.8554000,30.3684010,active,2026-09-28,no,OurAirports
ISG,IATA,New Ishigaki Airport,24.3963890,124.2450000,active,2026-09-28,no,OurAirports
ISK,IATA,Nashik International Airport,20.1191010,73.9129030,active,2026-09-28,no,OurAirports
ISP,IATA,Long Island MacArthur Airport,40.7963240,-73.1017030,active,2026-09-28,no,OurAirports
IST,IATA,İstanbul Airport,41.2748740,28.7321360,active,2026-09-28,no,OurAirports
ISU,IATA,Jalal Talabani International Airport,35.5604870,45.3151370,active,2026-09-28,no,OurAirports
ITB,IATA,Itaituba Airport,-4.2421310,-56.0006510,active,2026-09-28,no,OurAirports
ITH,IATA,Ithaca Tompkins Regional Airport,42.4910011,-76.4583969,active,2026-09-28,no,OurAirports
ITM,IATA,Osaka Itami International Airport,34.7808530,135.4408290,active,2026-09-28,no,OurAirports
ITO,IATA,Hilo International Airport,19.7213500,-155.0454280,active,2026-09-28,no,OurAirports
ITU,IATA,Iturup Airport,45.2563890,147.9554900,active,2026-09-28,no,OurAirports
IUE,IATA,Niue International Airport,-19.0801090,-169.9234930,active,2026-09-28,no,OurAirports
IUI,IATA,Innarsuit Heliport,73.1998950,-56.0108170,active,2026-09-28,no,OurAirports
IVC,IATA,Invercargill Airport,-46.4123993,168.3130035,active,2026-09-28,no,OurAirports
IVL,IATA,Ivalo Airport,68.6073000,27.4053000,active,2026-09-28,no,OurAirports
IWA,IATA,Ivanovo South Airport,56.9393997,40.9407997,active,2026-09-28,no,OurAirports
IWD,IATA,Gogebic Iron County Airport,46.5252980,-90.1315780,active,2026-09-28,no,OurAirports
IWJ,IATA,Iwami Airport,34.6763992,131.7899933,active,2026-09-28,no,OurAirports
IWK,IATA,Iwakuni Kintaikyo Airport,34.1463330,132.2472380,active,2026-09-28,no,OurAirports
IXA,IATA,Agartala - Maharaja Bir Bikram Airport,23.8869990,91.2404020,active,2026-09-28,no,OurAirports
IXB,IATA,Bagdogra Airport,26.6812000,88.3285980,active,2026-09-28,no,OurAirports
IXC,IATA,Shaheed Bhagat Singh International Airport,30.6735000,76.7884980,active,2026-09-28,no,OurAirports
IXD,IATA,Prayagraj Airport,25.4401000,81.7339020,active,2026-09-28,no,OurAirports
IXE,IATA,Mangaluru International Airport,12.9547100,74.8868120,active,2026-09-28,no,OurAirports
IXG,IATA,Belagavi Airport,15.8593000,74.6183010,active,2026-09-28,no,OurAirports
IXI,IATA,Lilabari North Lakhimpur Airport,27.2956820,94.0972660,active,2026-09-28,no,OurAirports
IXJ,IATA,Jammu Airport,32.6888490,74.8381520,active,2026-09-28,no,OurAirports
IXK,IATA,Keshod Airport,21.3171010,70.2704010,active,2026-09-28,no,OurAirports
IXL,IATA,Leh Kushok Bakula Rimpochee Airport,34.1358990,77.5465010,active,2026-09-28,no,OurAirports
IXM,IATA,Madurai Airport,9.8345098,78.0933990,active,2026-09-28,no,OurAirports
IXP,IATA,Pathankot Airport,32.2336110,75.6344440,active,2026-09-28,no,OurAirports
IXR,IATA,Birsa Munda Airport,23.3143005,85.3217010,active,2026-09-28,no,OurAirports
IXS,IATA,Silchar Airport,24.9129009,92.9786987,active,2026-09-28,no,OurAirports
IXU,IATA,Aurangabad Airport,19.8628750,75.3963120,active,2026-09-28,no,OurAirports
IXY,IATA,Kandla Airport,23.1127000,70.1003040,active,2026-09-28,no,OurAirports
IXZ,IATA,Veer Savarkar International Airport / INS Utkrosh,11.6401940,92.7290200,active,2026-09-28,no,OurAirports
IZA,IATA,Presidente Itamar Franco Airport,-21.5130860,-43.1730690,active,2026-09-28,no,OurAirports
IZO,IATA,Izumo Enmusubi Airport,35.4136010,132.8899990,active,2026-09-28,no,OurAirports
IZT,IATA,General Antonio Cárdenas Rodríguez National Airport / Ixtepec Air Base,16.4459610,-95.0937080,active,2026-09-28,no,OurAirports
JAC,IATA,Jackson Hole Airport,43.6073000,-110.7379990,active,2026-09-28,no,OurAirports
JAE,IATA,Shumba Airport,-5.5924800,-78.7740020,active,2026-09-28,no,OurAirports
JAF,IATA,Jaffna International Airport,9.7923300,80.0700990,active,2026-09-28,no,OurAirports
JAI,IATA,Jaipur International Airport,26.8242000,75.8122020,active,2026-09-28,no,OurAirports
JAN,IATA,Jackson-Medgar Wiley Evers International Airport,32.3111990,-90.0758970,active,2026-09-28,no,OurAirports
JAU,IATA,Francisco Carle Airport,-11.7831001,-75.4733963,active,2026-09-28,no,OurAirports
JAV,IATA,Ilulissat Airport,69.2432020,-51.0570980,active,2026-09-28,no,OurAirports
JAX,IATA,Jacksonville International Airport,30.4924690,-81.6878130,active,2026-09-28,no,OurAirports
JBB,IATA,Notohadinegoro Airport,-8.2424940,113.6934760,active,2026-09-28,no,OurAirports
JBK,IATA,Qitai Jiangbulake Airport,44.1660860,89.5501400,active,2026-09-28,no,OurAirports
JBQ,IATA,La Isabela International Airport,18.5725002,-69.9856033,active,2026-09-28,no,OurAirports
JBR,IATA,Jonesboro Municipal Airport,35.8316994,-90.6464005,active,2026-09-28,no,OurAirports
JCH,IATA,Qasigiannguit Heliport,68.8228160,-51.1734470,active,2026-09-28,no,OurAirports
JCK,IATA,Julia Creek Airport,-20.6683006,141.7230072,active,2026-09-28,no,OurAirports
JCL,IATA,České Budějovice South Bohemian Airport,48.9481710,14.4283200,active,2026-09-28,no,OurAirports
JCU,IATA,Ceuta Heliport,35.8926570,-5.3063210,active,2026-09-28,no,OurAirports
JDF,IATA,Francisco de Assis Airport,-21.7914820,-43.3860720,active,2026-09-28,no,OurAirports
JDH,IATA,Jodhpur Airport,26.2511005,73.0488968,active,2026-09-28,no,OurAirports
JDO,IATA,Orlando Bezerra de Menezes Airport,-7.2193200,-39.2690960,active,2026-09-28,no,OurAirports
JDZ,IATA,Jingdezhen Luojia Airport,29.3386000,117.1760030,active,2026-09-28,no,OurAirports
JED,IATA,King Abdulaziz International Airport,21.6802410,39.1574360,active,2026-09-28,no,OurAirports
JEE,IATA,Jérémie Airport,18.6630990,-74.1703030,active,2026-09-28,no,OurAirports
JEG,IATA,Aasiaat Airport,68.7218020,-52.7846980,active,2026-09-28,no,OurAirports
JEJ,IATA,Jeh Airport,7.5653501,168.9620056,active,2026-09-28,no,OurAirports
JER,IATA,Jersey Airport,49.2079010,-2.1955100,active,2026-09-28,no,OurAirports
JFK,IATA,John F. Kennedy International Airport,40.6394470,-73.7793170,active,2026-09-28,no,OurAirports
JFR,IATA,Paamiut Airport,62.0147360,-49.6709370,active,2026-09-28,no,OurAirports
JGA,IATA,Jamnagar Airport,22.4654999,70.0126038,active,2026-09-28,no,OurAirports
JGB,IATA,Jagdalpur Airport,19.0743010,82.0367970,active,2026-09-28,no,OurAirports
JGD,IATA,Daxing'anling Elunchun Airport,50.3713890,124.1175000,active,2026-09-28,no,OurAirports
JGN,IATA,Jiayuguan International Airport,39.8590520,98.3393440,active,2026-09-28,no,OurAirports
JGO,IATA,Qeqertarsuaq Heliport,69.2511820,-53.5148760,active,2026-09-28,no,OurAirports
JGR,IATA,Kangilinnguit Heliport,61.2289600,-48.0969800,active,2026-09-28,no,OurAirports
JGS,IATA,Jinggangshan Airport,26.8568990,114.7370000,active,2026-09-28,no,OurAirports
JHB,IATA,Senai International Airport,1.6413100,103.6699980,active,2026-09-28,no,OurAirports
JHG,IATA,Xishuangbanna Gasa International Airport,21.9746480,100.7622240,active,2026-09-28,no,OurAirports
JHM,IATA,Kapalua Airport,20.9629000,-156.6730040,active,2026-09-28,no,OurAirports
JHS,IATA,Sisimiut Airport,66.9513020,-53.7293010,active,2026-09-28,no,OurAirports
JIB,IATA,Djibouti-Ambouli Airport,11.5473000,43.1595000,active,2026-09-28,no,OurAirports
JIC,IATA,Jinchang Jinchuan Airport,38.5422220,102.3483330,active,2026-09-28,no,OurAirports
JIJ,IATA,Gerad Wilwal International Airport,9.3319070,42.9118110,active,2026-09-28,no,OurAirports
JIK,IATA,Ikaria Airport,37.6827011,26.3470993,active,2026-09-28,no,OurAirports
JIM,IATA,Jimma Airport,7.6660900,36.8166008,active,2026-09-28,no,OurAirports
JIO,IATA,Jos Orno Imsula Airport,-8.1406830,127.9096690,active,2026-09-28,no,OurAirports
JIQ,IATA,Qianjiang Wulingshan Airport,29.5133333,108.8311111,active,2026-09-28,no,OurAirports
JIU,IATA,Jiujiang Lushan Airport,29.4769440,115.8011110,active,2026-09-28,no,OurAirports
JJD,IATA,Comandante Ariston Pessoa Airport,-2.9064250,-40.3573380,active,2026-09-28,no,OurAirports
JJG,IATA,Humberto Ghizzo Bortoluzzi Regional Airport,-28.6753000,-49.0596000,active,2026-09-28,no,OurAirports
JJM,IATA,Mulika Lodge Airport,0.1650830,38.1951410,active,2026-09-28,no,OurAirports
JJN,IATA,Quanzhou Jinjiang International Airport,24.7958550,118.5885990,active,2026-09-28,no,OurAirports
JJU,IATA,Qaqortoq Airport,60.7638300,-46.0650010,active,2026-09-28,no,OurAirports
JKG,IATA,Jönköping Airport,57.7575989,14.0686998,active,2026-09-28,no,OurAirports
JKH,IATA,Chios Island National Airport,38.3432007,26.1406002,active,2026-09-28,no,OurAirports
JKL,IATA,Kalymnos Airport,36.9632988,26.9405994,active,2026-09-28,no,OurAirports
JKR,IATA,Janakpur Airport,26.7087990,85.9224010,active,2026-09-28,no,OurAirports
JLG,IATA,Jalgaon Airport,20.9626780,75.6274920,active,2026-09-28,no,OurAirports
JLN,IATA,Joplin Regional Airport,37.1517980,-94.4982990,active,2026-09-28,no,OurAirports
JLR,IATA,Jabalpur Airport,23.1777990,80.0520020,active,2026-09-28,no,OurAirports
JMJ,IATA,Lancang Jingmai Airport,22.4177330,99.7840120,active,2026-09-28,no,OurAirports
JMK,IATA,Mykonos Island National Airport,37.4351010,25.3481010,active,2026-09-28,no,OurAirports
JMO,IATA,Jomsom Airport,28.7804260,83.7230000,active,2026-09-28,no,OurAirports
JMS,IATA,Jamestown Regional Airport,46.9296989,-98.6781998,active,2026-09-28,no,OurAirports
JMU,IATA,Jiamusi Songjiang International Airport,46.8427930,130.4642600,active,2026-09-28,no,OurAirports
JNB,IATA,O.R. Tambo International Airport,-26.1400810,28.2468010,active,2026-09-28,no,OurAirports
JNG,IATA,Jining Da'an Airport,35.6473580,116.7432690,active,2026-09-28,no,OurAirports
JNH,IATA,Jiaxing Nanhu Airport,30.6980560,120.6630560,active,2026-09-28,no,OurAirports
JNN,IATA,Nanortalik Heliport,60.1418840,-45.2329770,active,2026-09-28,no,OurAirports
JNS,IATA,Narsaq Heliport,60.9172830,-46.0599230,active,2026-09-28,no,OurAirports
JNU,IATA,Juneau International Airport,58.3549350,-134.5744160,active,2026-09-28,no,OurAirports
JNX,IATA,Naxos Island National Airport,37.0811000,25.3680990,active,2026-09-28,no,OurAirports
JNZ,IATA,Jinzhou Bay Airport,40.9360320,121.2771140,active,2026-09-28,no,OurAirports
JOE,IATA,Joensuu Airport,62.6588150,29.6193980,active,2026-09-28,no,OurAirports
JOG,IATA,Adisutjipto International Airport,-7.7881800,110.4319990,active,2026-09-28,no,OurAirports
JOI,IATA,Lauro Carneiro de Loyola Airport,-26.2245010,-48.7974010,active,2026-09-28,no,OurAirports
JOL,IATA,Jolo Airport,6.0536700,121.0110020,active,2026-09-28,no,OurAirports
JOS,IATA,Yakubu Gowon Airport,9.6398296,8.8690500,active,2026-09-28,no,OurAirports
JPA,IATA,Presidente Castro Pinto International Airport,-7.1486910,-34.9505540,active,2026-09-28,no,OurAirports
JPE,IATA,Nagib Demachki Airport,-3.0197980,-47.3164740,active,2026-09-28,no,OurAirports
JPR,IATA,Ji-Paraná Airport,-10.8707430,-61.8466750,active,2026-09-28,no,OurAirports
JQA,IATA,Qaarsut Airport,70.7342000,-52.6962010,active,2026-09-28,no,OurAirports
JRA,IATA,West 30th Street Heliport,40.7551070,-74.0068960,active,2026-09-28,no,OurAirports
JRG,IATA,Jharsuguda Airport,21.9135000,84.0504000,active,2026-09-28,no,OurAirports
JRH,IATA,Jorhat Airport,26.7304560,94.1754160,active,2026-09-28,no,OurAirports
JRO,IATA,Kilimanjaro International Airport,-3.4270490,37.0735300,active,2026-09-28,no,OurAirports
JSA,IATA,Jaisalmer Airport,26.8887000,70.8649980,active,2026-09-28,no,OurAirports
JSH,IATA,Sitia Airport,35.2160988,26.1012993,active,2026-09-28,no,OurAirports
JSI,IATA,Skiathos Island National Airport,39.1771010,23.5037000,active,2026-09-28,no,OurAirports
JSJ,IATA,Jiansanjiang Shidi Airport,47.1082480,132.6579200,active,2026-09-28,no,OurAirports
JSK,IATA,Jask Airport,25.6547570,57.8017180,active,2026-09-28,no,OurAirports
JSR,IATA,Jessore Airport,23.1838000,89.1607970,active,2026-09-28,no,OurAirports
JST,IATA,John Murtha Johnstown Cambria County Airport,40.3161011,-78.8339005,active,2026-09-28,no,OurAirports
JSU,IATA,Maniitsoq Airport,65.4124980,-52.9394000,active,2026-09-28,no,OurAirports
JSY,IATA,Syros Airport,37.4227982,24.9508991,active,2026-09-28,no,OurAirports
JTC,IATA,Bauru/Arealva–Moussa Nakhal Tobias State Airport,-22.1607550,-49.0703250,active,2026-09-28,no,OurAirports
JTR,IATA,Santorini International Airport,36.4000450,25.4786380,active,2026-09-28,no,OurAirports
JTY,IATA,Astypalaia Airport,36.5798988,26.3757992,active,2026-09-28,no,OurAirports
JUB,IATA,Juba International Airport,4.8720100,31.6011010,active,2026-09-28,no,OurAirports
JUH,IATA,Chizhou Jiuhuashan Airport,30.7403000,117.6856000,active,2026-09-28,no,OurAirports
JUI,IATA,Juist Airport,53.6814210,7.0563980,active,2026-09-28,no,OurAirports
JUJ,IATA,Gobernador Horacio Guzman International Airport,-24.3927990,-65.0978010,active,2026-09-28,no,OurAirports
JUK,IATA,Ukkusissat Heliport,71.0494380,-51.8900160,active,2026-09-28,no,OurAirports
JUL,IATA,Inca Manco Capac International Airport,-15.4676890,-70.1565300,active,2026-09-28,no,OurAirports
JUM,IATA,Jumla Airport,29.2742000,82.1932980,active,2026-09-28,no,OurAirports
JUU,IATA,Nuugaatsiaq Heliport,71.5387690,-53.2050380,active,2026-09-28,no,OurAirports
JUV,IATA,Upernavik Airport,72.7901990,-56.1306000,active,2026-09-28,no,OurAirports
JUZ,IATA,Quzhou Airport,28.9661300,118.8987930,active,2026-09-28,no,OurAirports
JXA,IATA,Jixi Xingkaihu Airport,45.2930000,131.1930000,active,2026-09-28,no,OurAirports
JYV,IATA,Jyväskylä Airport,62.3995020,25.6783010,active,2026-09-28,no,OurAirports
JZH,IATA,Jiuzhai Huanglong Airport,32.8533330,103.6822220,active,2026-09-28,no,OurAirports
KAA,IATA,Kasama Airport,-10.2101690,31.1230450,active,2026-09-28,no,OurAirports
KAB,IATA,Kariba Airport,-16.5198000,28.8850000,active,2026-09-28,no,OurAirports
KAC,IATA,Qamishli International Airport,37.0205990,41.1913990,active,2026-09-28,no,OurAirports
KAD,IATA,Kaduna International Airport,10.6960000,7.3201100,active,2026-09-28,no,OurAirports
KAE,IATA,Kake Seaplane Base,56.9730000,-133.9459990,active,2026-09-28,no,OurAirports
KAI,IATA,Kaieteur Airport,5.1773490,-59.4889800,active,2026-09-28,no,OurAirports
KAJ,IATA,Kajaani Airport,64.2855000,27.6924000,active,2026-09-28,no,OurAirports
KAL,IATA,Kaltag Airport,64.3186400,-158.7419700,active,2026-09-28,no,OurAirports
KAN,IATA,Mallam Aminu Kano International Airport,12.0456130,8.5235660,active,2026-09-28,no,OurAirports
KAO,IATA,Kuusamo Airport,65.9876020,29.2394010,active,2026-09-28,no,OurAirports
KAT,IATA,Kaitaia Airport,-35.0698370,173.2870530,active,2026-09-28,no,OurAirports
KAW,IATA,Kawthoung Airport,10.0493002,98.5380020,active,2026-09-28,no,OurAirports
KAX,IATA,Kalbarri Airport,-27.6928130,114.2591690,active,2026-09-28,no,OurAirports
KBC,IATA,Birch Creek Airport,66.2740021,-145.8240051,active,2026-09-28,no,OurAirports
KBL,IATA,Kabul International Airport,34.5658990,69.2123030,active,2026-09-28,no,OurAirports
KBR,IATA,Sultan Ismail Petra Airport,6.1668501,102.2929993,active,2026-09-28,no,OurAirports
KBU,IATA,Gusti Syamsir Alam Airport,-3.2947960,116.1638150,active,2026-09-28,no,OurAirports
KBV,IATA,Krabi International Airport,8.0955910,98.9889550,active,2026-09-28,no,OurAirports
KCA,IATA,Kuqa Qiuci Airport,41.6778560,82.8729170,active,2026-09-28,no,OurAirports
KCC,IATA,Coffman Cove Seaplane Base,56.0125860,-132.8350930,active,2026-09-28,no,OurAirports
KCG,IATA,Chignik Airport,56.3115010,-158.3730010,active,2026-09-28,no,OurAirports
KCH,IATA,Kuching International Airport,1.4873640,110.3528590,active,2026-09-28,no,OurAirports
KCM,IATA,Kahramanmaraş Airport,37.5388260,36.9535217,active,2026-09-28,no,OurAirports
KCQ,IATA,Chignik Lake Airport,56.2550010,-158.7749940,active,2026-09-28,no,OurAirports
KCT,IATA,Koggala Airport,5.9936800,80.3202972,active,2026-09-28,no,OurAirports
KCY,IATA,Krasnoyarsk Cheremshanka Airport,56.1775840,92.5458810,active,2026-09-28,no,OurAirports
KCZ,IATA,Kochi Ryoma Airport,33.5452170,133.6701660,active,2026-09-28,no,OurAirports
KDD,IATA,Khuzdar Airport,27.7905998,66.6473007,active,2026-09-28,no,OurAirports
KDH,IATA,Ahmad Shah Baba International Airport,31.5057690,65.8479630,active,2026-09-28,no,OurAirports
KDI,IATA,Haluoleo Airport,-4.0816100,122.4179990,active,2026-09-28,no,OurAirports
KDL,IATA,Kärdla Airport,58.9907990,22.8306999,active,2026-09-28,no,OurAirports
KDM,IATA,Kaadedhdhoo Airport,0.4881310,72.9969020,active,2026-09-28,no,OurAirports
KDO,IATA,Kadhdhoo Airport,1.8591700,73.5218964,active,2026-09-28,no,OurAirports
KDU,IATA,Skardu International Airport,35.3386600,75.5386480,active,2026-09-28,no,OurAirports
KDV,IATA,Vunisea Airport,-19.0580997,178.1569977,active,2026-09-28,no,OurAirports
KDZ,IATA,Polgolla Reservoir Seaplane Base,7.3251000,80.6422000,active,2026-09-28,no,OurAirports
KEB,IATA,Nanwalek Airport,59.3521000,-151.9250030,active,2026-09-28,no,OurAirports
KEF,IATA,Keflavik International Airport,63.9850010,-22.6056000,active,2026-09-28,no,OurAirports
KEH,IATA,Kenmore Air Harbor LLC Seaplane Base,47.7547990,-122.2590030,active,2026-09-28,no,OurAirports
KEJ,IATA,Alexei Leonov Kemerovo International Airport,55.2701000,86.1072010,active,2026-09-28,no,OurAirports
KEM,IATA,Kemi-Tornio Airport,65.7787018,24.5820999,active,2026-09-28,no,OurAirports
KEP,IATA,Nepalgunj Airport,28.1036000,81.6670000,active,2026-09-28,no,OurAirports
KER,IATA,Ayatollah Hashemi Rafsanjani International Airport,30.2712760,56.9496920,active,2026-09-28,no,OurAirports
KET,IATA,Kengtung Airport,21.3015995,99.6360016,active,2026-09-28,no,OurAirports
KEW,IATA,Keewaywin Airport,52.9911000,-92.8364030,active,2026-09-28,no,OurAirports
KFG,IATA,Kalkgurung Airport,-17.4319000,130.8079987,active,2026-09-28,no,OurAirports
KFP,IATA,False Pass Airport,54.8475100,-163.4071680,active,2026-09-28,no,OurAirports
KFS,IATA,Kastamonu Airport,41.3142010,33.7957990,active,2026-09-28,no,OurAirports
KGA,IATA,Kananga Airport,-5.9000500,22.4692000,active,2026-09-28,no,OurAirports
KGC,IATA,Kingscote Airport,-35.7139015,137.5209961,active,2026-09-28,no,OurAirports
KGD,IATA,Khrabrovo Airport,54.8916100,20.5985590,active,2026-09-28,no,OurAirports
KGE,IATA,Kaghau Airport,-7.3305000,157.5850000,active,2026-09-28,no,OurAirports
KGF,IATA,Sary-Arka Airport,49.6707990,73.3343960,active,2026-09-28,no,OurAirports
KGI,IATA,Kalgoorlie Boulder Airport,-30.7915430,121.4645860,active,2026-09-28,no,OurAirports
KGK,IATA,Koliganek Airport,59.7266006,-157.2590027,active,2026-09-28,no,OurAirports
KGL,IATA,Kigali International Airport,-1.9686300,30.1395000,active,2026-09-28,no,OurAirports
KGP,IATA,Kogalym International Airport,62.1903992,74.5337982,active,2026-09-28,no,OurAirports
KGQ,IATA,Kangersuatsiaq Heliport,72.3810920,-55.5365860,active,2026-09-28,no,OurAirports
KGS,IATA,"Kos International Airport ""Ippokratis""",36.7945230,27.0911500,active,2026-09-28,no,OurAirports
KGT,IATA,Kangding Airport,30.1424640,101.7387200,active,2026-09-28,no,OurAirports
KGX,IATA,Grayling Airport,62.8951870,-160.0662890,active,2026-09-28,no,OurAirports
KHD,IATA,Khoram Abad Airport,33.4353981,48.2829018,active,2026-09-28,no,OurAirports
KHG,IATA,Kashgar Laining International Airport,39.5422730,76.0202300,active,2026-09-28,no,OurAirports
KHH,IATA,Kaohsiung International Airport,22.5771010,120.3499980,active,2026-09-28,no,OurAirports
KHI,IATA,Jinnah International Airport,24.9065000,67.1607970,active,2026-09-28,no,OurAirports
KHK,IATA,Khark Airport,29.2605030,50.3221930,active,2026-09-28,no,OurAirports
KHM,IATA,Kanti Airport,25.9883000,95.6744000,active,2026-09-28,no,OurAirports
KHN,IATA,Nanchang Changbei International Airport,28.8648150,115.9027100,active,2026-09-28,no,OurAirports
KHS,IATA,Khasab Airport,26.1710000,56.2406010,active,2026-09-28,no,OurAirports
KHT,IATA,Khost International Airport,33.2846050,69.8073400,active,2026-09-28,no,OurAirports
KHV,IATA,Khabarovsk Novy Airport,48.5283380,135.1885880,active,2026-09-28,no,OurAirports
KHX,IATA,Savannah Airstrip,-0.7165000,29.6997000,active,2026-09-28,no,OurAirports
KHZ,IATA,Kauehi Airport,-15.7806220,-145.1284430,active,2026-09-28,no,OurAirports
KIE,IATA,Aropa Airport,-6.3057270,155.7282490,active,2026-09-28,no,OurAirports
KIF,IATA,Kingfisher Lake Airport,53.0125008,-89.8553009,active,2026-09-28,no,OurAirports
KIH,IATA,Kish International Airport,26.5254270,53.9804620,active,2026-09-28,no,OurAirports
KIJ,IATA,Niigata Airport,37.9541660,139.1121890,active,2026-09-28,no,OurAirports
KIK,IATA,Kirkuk International Airport,35.4695010,44.3489000,active,2026-09-28,no,OurAirports
KIM,IATA,Kimberley Airport,-28.8054010,24.7648720,active,2026-09-28,no,OurAirports
KIN,IATA,Norman Manley International Airport,17.9356995,-76.7874985,active,2026-09-28,no,OurAirports
KIO,IATA,Kili Airport,5.6438600,169.1245860,active,2026-09-28,no,OurAirports
KIR,IATA,Kerry Airport,52.1809010,-9.5237800,active,2026-09-28,no,OurAirports
KIS,IATA,Kisumu International Airport,-0.0861390,34.7289010,active,2026-09-28,no,OurAirports
KIT,IATA,Kithira Airport,36.2739780,23.0167190,active,2026-09-28,no,OurAirports
KIX,IATA,Kansai International Airport,34.4272990,135.2440030,active,2026-09-28,no,OurAirports
KJA,IATA,Krasnoyarsk International Airport,56.1757430,92.4857880,active,2026-09-28,no,OurAirports
KJB,IATA,Kurnool Airport,15.7162880,78.1692300,active,2026-09-28,no,OurAirports
KJH,IATA,Kaili Huangping Airport,26.9720000,107.9880000,active,2026-09-28,no,OurAirports
KJI,IATA,Burqin Kanas Airport,48.2223000,86.9959000,active,2026-09-28,no,OurAirports
KJT,IATA,Kertajati International Airport,-6.6473840,108.1655610,active,2026-09-28,no,OurAirports
KKA,IATA,Koyuk Alfred Adams Airport,64.9394990,-161.1540070,active,2026-09-28,no,OurAirports
KKB,IATA,Kitoi Bay Seaplane Base,58.1908990,-152.3699950,active,2026-09-28,no,OurAirports
KKC,IATA,Khon Kaen Airport,16.4666004,102.7839966,active,2026-09-28,no,OurAirports
KKE,IATA,Kerikeri Airport,-35.2591480,173.9133170,active,2026-09-28,no,OurAirports
KKH,IATA,Kongiganak Airport,59.9608000,-162.8809970,active,2026-09-28,no,OurAirports
KKI,IATA,Akiachak Airport,60.9138090,-161.4933290,active,2026-09-28,no,OurAirports
KKJ,IATA,Kitakyushu Airport,33.8459010,131.0350040,active,2026-09-28,no,OurAirports
KKN,IATA,"Kirkenes Airport, Høybuktmoen",69.7258000,29.8913000,active,2026-09-28,no,OurAirports
KKR,IATA,Kaukura Airport,-15.6633000,-146.8849950,active,2026-09-28,no,OurAirports
KKS,IATA,Kashan Airport,33.8953020,51.5770000,active,2026-09-28,no,OurAirports
KKW,IATA,Kikwit Airport,-5.0357700,18.7856010,active,2026-09-28,no,OurAirports
KKX,IATA,Kikai Airport,28.3213005,129.9279938,active,2026-09-28,no,OurAirports
KLG,IATA,Kalskag Airport,61.5363007,-160.3410034,active,2026-09-28,no,OurAirports
KLH,IATA,Kolhapur Airport,16.6647000,74.2893980,active,2026-09-28,no,OurAirports
KLN,IATA,Larsen Bay Airport,57.5351600,-153.9764550,active,2026-09-28,no,OurAirports
KLO,IATA,Kalibo International Airport,11.6794000,122.3759990,active,2026-09-28,no,OurAirports
KLP,IATA,Seruyan Kuala Pembuang Airport,-3.3760620,112.5365210,active,2026-09-28,no,OurAirports
KLR,IATA,Kalmar Airport,56.6855010,16.2876000,active,2026-09-28,no,OurAirports
KLU,IATA,Klagenfurt Airport,46.6425020,14.3377000,active,2026-09-28,no,OurAirports
KLV,IATA,Karlovy Vary Airport,50.2029990,12.9150000,active,2026-09-28,no,OurAirports
KLW,IATA,Klawock Airport,55.5792010,-133.0760040,active,2026-09-28,no,OurAirports
KLX,IATA,Kalamata Airport,37.0682983,22.0254993,active,2026-09-28,no,OurAirports
KMA,IATA,Kerema Airport,-7.9636102,145.7709961,active,2026-09-28,no,OurAirports
KMC,IATA,King Khaled Military City Airport,27.9009000,45.5281980,active,2026-09-28,no,OurAirports
KME,IATA,Kamembe Airport,-2.4622400,28.9078999,active,2026-09-28,no,OurAirports
KMG,IATA,Kunming Changshui International Airport,25.1103130,102.9367430,active,2026-09-28,no,OurAirports
KMI,IATA,Miyazaki Airport,31.8771990,131.4490050,active,2026-09-28,no,OurAirports
KMJ,IATA,Kumamoto Airport,32.8372990,130.8549960,active,2026-09-28,no,OurAirports
KMN,IATA,Kamina City Airport,-8.7288780,24.9914070,active,2026-09-28,no,OurAirports
KMO,IATA,Manokotak Airport,58.9320560,-158.9018860,active,2026-09-28,no,OurAirports
KMQ,IATA,Komatsu Airport / JASDF Komatsu Air Base,36.3934070,136.4068950,active,2026-09-28,no,OurAirports
KMS,IATA,Prempeh I International Airport,6.7145600,-1.5908200,active,2026-09-28,no,OurAirports
KMW,IATA,Kostroma Sokerkino Airport,57.7969020,41.0194020,active,2026-09-28,no,OurAirports
KMY,IATA,Moser Bay Seaplane Base,57.0256000,-154.1459960,active,2026-09-28,no,OurAirports
KND,IATA,Kindu Airport,-2.9191799,25.9153996,active,2026-09-28,no,OurAirports
KNG,IATA,Utarom Airport,-3.6446000,133.6951160,active,2026-09-28,no,OurAirports
KNH,IATA,Kinmen Airport,24.4279000,118.3590010,active,2026-09-28,no,OurAirports
KNK,IATA,Kokhanok Airport,59.4332480,-154.8021700,active,2026-09-28,no,OurAirports
KNO,IATA,Kualanamu International Airport,3.6378470,98.8705660,active,2026-09-28,no,OurAirports
KNQ,IATA,Koné Airport,-21.0535510,164.8387680,active,2026-09-28,no,OurAirports
KNS,IATA,King Island Airport,-39.8774986,143.8780060,active,2026-09-28,no,OurAirports
KNU,IATA,Kanpur Airport,26.4043010,80.4101030,active,2026-09-28,no,OurAirports
KNW,IATA,New Stuyahok Airport,59.4518380,-157.3738290,active,2026-09-28,no,OurAirports
KNX,IATA,East Kimberley Regional (Kununurra) Airport,-15.7781000,128.7079930,active,2026-09-28,no,OurAirports
KOA,IATA,Ellison Onizuka Kona International Airport at Keāhole,19.7387830,-156.0456030,active,2026-09-28,no,OurAirports
KOC,IATA,Koumac Airport,-20.5463230,164.2556480,active,2026-09-28,no,OurAirports
KOE,IATA,El Tari Airport,-10.1716000,123.6709980,active,2026-09-28,no,OurAirports
KOI,IATA,Kirkwall Airport,58.9579030,-2.9050770,active,2026-09-28,no,OurAirports
KOJ,IATA,Kagoshima Airport,31.8034000,130.7189940,active,2026-09-28,no,OurAirports
KOK,IATA,Kokkola-Pietarsaari Airport,63.7211990,23.1431010,active,2026-09-28,no,OurAirports
KOP,IATA,Nakhon Phanom Airport,17.3838010,104.6429980,active,2026-09-28,no,OurAirports
KOS,IATA,Sihanouk International Airport,10.5705570,103.6320670,active,2026-09-28,no,OurAirports
KOT,IATA,Kotlik Airport,63.0306020,-163.5330050,active,2026-09-28,no,OurAirports
KOV,IATA,Kokshetau International Airport,53.3291020,69.5945970,active,2026-09-28,no,OurAirports
KOW,IATA,Ganzhou Huangjin Airport,25.8533330,114.7788890,active,2026-09-28,no,OurAirports
KOY,IATA,Olga Bay Seaplane Base,57.1614990,-154.2299960,active,2026-09-28,no,OurAirports
KOZ,IATA,Ouzinkie Airport,57.9420940,-152.4643140,active,2026-09-28,no,OurAirports
KPB,IATA,Point Baker Seaplane Base,56.3518980,-133.6230010,active,2026-09-28,no,OurAirports
KPN,IATA,Kipnuk Airport,59.9317960,-164.0281960,active,2026-09-28,no,OurAirports
KPO,IATA,Pohang Airport (G-815/K-3),35.9879550,129.4203830,active,2026-09-28,no,OurAirports
KPR,IATA,Port Williams Seaplane Base,58.4901010,-152.5820010,active,2026-09-28,no,OurAirports
KPV,IATA,Perryville Airport,55.9065000,-159.1609100,active,2026-09-28,no,OurAirports
KPW,IATA,Keperveem Airport,67.8450010,166.1399990,active,2026-09-28,no,OurAirports
KPY,IATA,Port Bailey Seaplane Base,57.9312570,-153.0408380,active,2026-09-28,no,OurAirports
KQA,IATA,Akutan Airport,54.1445900,-165.6043320,active,2026-09-28,no,OurAirports
KQH,IATA,Kishangarh Airport Ajmer,26.5910070,74.8129560,active,2026-09-28,no,OurAirports
KQR,IATA,Karara Airport,-29.2172230,116.6871540,active,2026-09-28,no,OurAirports
KQT,IATA,Bokhtar International Airport,37.8663150,68.8644750,active,2026-09-28,no,OurAirports
KRB,IATA,Karumba Airport,-17.4566994,140.8300018,active,2026-09-28,no,OurAirports
KRC,IATA,Departi Parbo Airport,-2.0940420,101.4702500,active,2026-09-28,no,OurAirports
KRE,IATA,Kirundo Airport,-2.5447720,30.0945750,active,2026-09-28,no,OurAirports
KRF,IATA,Kramfors-Sollefteå Höga Kusten Airport,63.0485990,17.7689000,active,2026-09-28,no,OurAirports
KRI,IATA,Kikori Airport,-7.4243800,144.2500760,active,2026-09-28,no,OurAirports
KRK,IATA,Kraków John Paul II International Airport,50.0777020,19.7848000,active,2026-09-28,no,OurAirports
KRL,IATA,Korla Licheng Airport,41.6149790,86.1408170,active,2026-09-28,no,OurAirports
KRN,IATA,Kiruna Airport,67.8219990,20.3368000,active,2026-09-28,no,OurAirports
KRO,IATA,Kurgan Airport,55.4753000,65.4156040,active,2026-09-28,no,OurAirports
KRP,IATA,Midtjyllands Airport / Air Base Karup,56.2971390,9.1043110,active,2026-09-28,no,OurAirports
KRR,IATA,Krasnodar Pashkovsky International Airport,45.0344650,39.1742150,active,2026-09-28,no,OurAirports
KRS,IATA,Kristiansand Airport,58.2042010,8.0853700,active,2026-09-28,no,OurAirports
KRT,IATA,Khartoum International Airport,15.5895000,32.5532000,active,2026-09-28,no,OurAirports
KRW,IATA,Turkmenbaşy International Airport,40.0628330,53.0050850,active,2026-09-28,no,OurAirports
KRY,IATA,Karamay Airport,45.4665500,84.9527000,active,2026-09-28,no,OurAirports
KSA,IATA,Kosrae International Airport,5.3569800,162.9579930,active,2026-09-28,no,OurAirports
KSC,IATA,Košice International Airport,48.6631010,21.2411000,active,2026-09-28,no,OurAirports
KSD,IATA,Karlstad Airport,59.4446980,13.3374000,active,2026-09-28,no,OurAirports
KSF,IATA,Kassel Airport,51.4183950,9.3916380,active,2026-09-28,no,OurAirports
KSH,IATA,Shahid Ashrafi Esfahani Airport,34.3459015,47.1581001,active,2026-09-28,no,OurAirports
KSJ,IATA,Kasos Airport,35.4213982,26.9099998,active,2026-09-28,no,OurAirports
KSL,IATA,Kassala Airport,15.3874998,36.3288002,active,2026-09-28,no,OurAirports
KSM,IATA,St Mary's Airport,62.0605010,-163.3020020,active,2026-09-28,no,OurAirports
KSN,IATA,Kostanay International Airport,53.2069020,63.5503010,active,2026-09-28,no,OurAirports
KSO,IATA,Kastoria National Airport Aristotle,40.4463010,21.2822000,active,2026-09-28,no,OurAirports
KSQ,IATA,Karshi Airport,38.8022460,65.7730680,active,2026-09-28,no,OurAirports
KSR,IATA,Selayar - Haji Aroeppala Airport,-6.1792100,120.4374790,active,2026-09-28,no,OurAirports
KSU,IATA,"Kristiansund Airport, Kvernberget",63.1118010,7.8245200,active,2026-09-28,no,OurAirports
KSY,IATA,Kars Airport,40.5621986,43.1150017,active,2026-09-28,no,OurAirports
KSZ,IATA,Kotlas Airport,61.2358017,46.6974983,active,2026-09-28,no,OurAirports
KTA,IATA,Karratha Airport,-20.7122002,116.7730026,active,2026-09-28,no,OurAirports
KTB,IATA,Thorne Bay Seaplane Base,55.6827620,-132.5328830,active,2026-09-28,no,OurAirports
KTD,IATA,Kitadaito Airport,25.9447002,131.3269959,active,2026-09-28,no,OurAirports
KTG,IATA,Rahadi Osman Airport,-1.8171650,109.9634690,active,2026-09-28,no,OurAirports
KTI,IATA,Techo International Airport,11.3599870,104.9212720,active,2026-09-28,no,OurAirports
KTM,IATA,Tribhuvan International Airport,27.6966000,85.3591000,active,2026-09-28,no,OurAirports
KTN,IATA,Ketchikan International Airport,55.3555985,-131.7140045,active,2026-09-28,no,OurAirports
KTP,IATA,Tinson Pen Airport,17.9885998,-76.8237991,active,2026-09-28,no,OurAirports
KTS,IATA,Brevig Mission Airport,65.3318260,-166.4678480,active,2026-09-28,no,OurAirports
KTT,IATA,Kittilä International Airport,67.7009960,24.8468000,active,2026-09-28,no,OurAirports
KTW,IATA,Katowice Wojciech Korfanty International Airport,50.4760150,19.0807050,active,2026-09-28,no,OurAirports
KUA,IATA,Kuantan Airport,3.7753899,103.2089996,active,2026-09-28,no,OurAirports
KUD,IATA,Kudat Airport,6.9241110,116.8370680,active,2026-09-28,no,OurAirports
KUF,IATA,Kurumoch International Airport,53.5049020,50.1642990,active,2026-09-28,no,OurAirports
KUG,IATA,Kubin Island Airport,-10.2264800,142.2196190,active,2026-09-28,no,OurAirports
KUH,IATA,Kushiro Airport,43.0410000,144.1929930,active,2026-09-28,no,OurAirports
KUK,IATA,Kasigluk Airport,60.8727470,-162.5247000,active,2026-09-28,no,OurAirports
KUL,IATA,Kuala Lumpur International Airport,2.7455800,101.7099990,active,2026-09-28,no,OurAirports
KUM,IATA,Yakushima Airport,30.3855990,130.6589970,active,2026-09-28,no,OurAirports
KUN,IATA,Kaunas International Airport,54.9639650,24.0858200,active,2026-09-28,no,OurAirports
KUO,IATA,Kuopio Airport,63.0070990,27.7978000,active,2026-09-28,no,OurAirports
KUS,IATA,Kulusuk Airport,65.5736010,-37.1236000,active,2026-09-28,no,OurAirports
KUT,IATA,David the Builder Kutaisi International Airport,42.1774480,42.4853530,active,2026-09-28,no,OurAirports
KUU,IATA,Kullu Manali Airport,31.8766990,77.1544040,active,2026-09-28,no,OurAirports
KUV,IATA,Gunsan Airport / Gunsan Air Base,35.9038010,126.6159970,active,2026-09-28,no,OurAirports
KUZ,IATA,Kuummiut Heliport,65.8639350,-36.9979190,active,2026-09-28,no,OurAirports
KVA,IATA,Kavala Alexander the Great International Airport,40.9133000,24.6192000,active,2026-09-28,no,OurAirports
KVC,IATA,King Cove Airport,55.1162990,-162.2660060,active,2026-09-28,no,OurAirports
KVG,IATA,Kavieng Airport,-2.5794001,150.8079987,active,2026-09-28,no,OurAirports
KVK,IATA,Kirovsk-Apatity Airport,67.4628510,33.5852940,active,2026-09-28,no,OurAirports
KVL,IATA,Kivalina Airport,67.7345650,-164.5599170,active,2026-09-28,no,OurAirports
KVM,IATA,Markovo Airport,64.6654460,170.4176260,active,2026-09-28,no,OurAirports
KVO,IATA,Morava Airport,43.8175190,20.5866620,active,2026-09-28,no,OurAirports
KVX,IATA,Pobedilovo Airport,58.5038830,49.3478310,active,2026-09-28,no,OurAirports
KWA,IATA,Bucholz Army Air Field,8.7201204,167.7319946,active,2026-09-28,no,OurAirports
KWB,IATA,Dewadaru Airport,-5.8009100,110.4783800,active,2026-09-28,no,OurAirports
KWE,IATA,Guiyang Longdongbao International Airport,26.5418050,106.8040200,active,2026-09-28,no,OurAirports
KWI,IATA,Kuwait International Airport,29.2244870,47.9698130,active,2026-09-28,no,OurAirports
KWJ,IATA,Gwangju Airport,35.1231730,126.8054440,active,2026-09-28,no,OurAirports
KWK,IATA,Kwigillingok Airport,59.8764990,-163.1690050,active,2026-09-28,no,OurAirports
KWL,IATA,Guilin Liangjiang International Airport,25.2198280,110.0395530,active,2026-09-28,no,OurAirports
KWM,IATA,Kowanyama Airport,-15.4853690,141.7525720,active,2026-09-28,no,OurAirports
KWN,IATA,Quinhagak Airport,59.7551000,-161.8450000,active,2026-09-28,no,OurAirports
KWP,IATA,West Point Village Seaplane Base,57.7700996,-153.5489960,active,2026-09-28,no,OurAirports
KWT,IATA,Kwethluk Airport,60.7902980,-161.4440000,active,2026-09-28,no,OurAirports
KWZ,IATA,Kolwezi Airport,-10.7659000,25.5056990,active,2026-09-28,no,OurAirports
KXA,IATA,Kasaan Seaplane Base,55.5373990,-132.3979950,active,2026-09-28,no,OurAirports
KXB,IATA,Sangia Nibandera Airport,-4.3381580,121.5240470,active,2026-09-28,no,OurAirports
KXF,IATA,Koro Island Airport,-17.3458004,179.4219971,active,2026-09-28,no,OurAirports
KXK,IATA,Komsomolsk-on-Amur Airport,50.4090000,136.9340060,active,2026-09-28,no,OurAirports
KXO,IATA,Kisoro Airport,-1.2837000,29.7197000,active,2026-09-28,no,OurAirports
KYA,IATA,Konya Airport,37.9790000,32.5619010,active,2026-09-28,no,OurAirports
KYD,IATA,Lanyu Airport,22.0270004,121.5350037,active,2026-09-28,no,OurAirports
KYK,IATA,Karluk Airport,57.5659190,-154.4537620,active,2026-09-28,no,OurAirports
KYP,IATA,Kyaukpyu Airport,19.4263992,93.5347977,active,2026-09-28,no,OurAirports
KYS,IATA,Kayes Dag Dag Airport,14.4825210,-11.3993350,active,2026-09-28,no,OurAirports
KYU,IATA,Koyukuk Airport,64.8760990,-157.7270050,active,2026-09-28,no,OurAirports
KYZ,IATA,Kyzyl Airport,51.6693990,94.4005970,active,2026-09-28,no,OurAirports
KZB,IATA,Zachar Bay Seaplane Base,57.5530010,-153.7460520,active,2026-09-28,no,OurAirports
KZI,IATA,Kozani National Airport Filippos,40.2860980,21.8407990,active,2026-09-28,no,OurAirports
KZN,IATA,Kazan International Airport,55.6062010,49.2787020,active,2026-09-28,no,OurAirports
KZO,IATA,Korkyt Ata International Airport,44.7069020,65.5924990,active,2026-09-28,no,OurAirports
KZR,IATA,Zafer Airport,39.1111070,30.1304050,active,2026-09-28,no,OurAirports
KZS,IATA,Kastelorizo Airport,36.1417010,29.5764010,active,2026-09-28,no,OurAirports
LAD,IATA,Quatro de Fevereiro International Airport,-8.8583700,13.2312000,active,2026-09-28,no,OurAirports
LAE,IATA,Nadzab Tomodachi International Airport,-6.5679950,146.7265440,active,2026-09-28,no,OurAirports
LAF,IATA,Purdue University Airport,40.4128750,-86.9393630,active,2026-09-28,no,OurAirports
LAJ,IATA,Lages Airport,-27.7821010,-50.2815020,active,2026-09-28,no,OurAirports
LAK,IATA,Aklavik/Freddie Carmichael Airport,68.2232970,-135.0059900,active,2026-09-28,no,OurAirports
LAL,IATA,Lakeland Linder International Airport,27.9892670,-82.0207150,active,2026-09-28,no,OurAirports
LAN,IATA,Capital Region International Airport,42.7775820,-84.5857210,active,2026-09-28,no,OurAirports
LAO,IATA,Laoag International Airport,18.1750890,120.5310060,active,2026-09-28,no,OurAirports
LAP,IATA,Manuel Márquez de León International Airport,24.0723310,-110.3626620,active,2026-09-28,no,OurAirports
LAQ,IATA,Al Abraq International Airport,32.7890360,21.9548640,active,2026-09-28,no,OurAirports
LAR,IATA,Laramie Regional Airport,41.3120995,-105.6750031,active,2026-09-28,no,OurAirports
LAS,IATA,Harry Reid International Airport,36.0833610,-115.1518170,active,2026-09-28,no,OurAirports
LAU,IATA,Manda Airport,-2.2524310,40.9128920,active,2026-09-28,no,OurAirports
LAW,IATA,Lawton Fort Sill Regional Airport,34.5676990,-98.4166030,active,2026-09-28,no,OurAirports
LAX,IATA,Los Angeles International Airport,33.9425010,-118.4079970,active,2026-09-28,no,OurAirports
LBA,IATA,Leeds Bradford Airport,53.8658980,-1.6605700,active,2026-09-28,no,OurAirports
LBB,IATA,Lubbock Preston Smith International Airport,33.6636010,-101.8229980,active,2026-09-28,no,OurAirports
LBC,IATA,Lübeck Blankensee Airport,53.8054010,10.7192000,active,2026-09-28,no,OurAirports
LBD,IATA,Khujand International Airport,40.2154010,69.6947020,active,2026-09-28,no,OurAirports
LBE,IATA,Arnold Palmer Regional Airport,40.2759020,-79.4048000,active,2026-09-28,no,OurAirports
LBF,IATA,North Platte Regional Airport Lee Bird Field,41.1262016,-100.6839981,active,2026-09-28,no,OurAirports
LBH,IATA,Palm Beach Seaplane Base,-33.5871000,151.3234000,active,2026-09-28,no,OurAirports
LBJ,IATA,Komodo Airport,-8.4806940,119.8883060,active,2026-09-28,no,OurAirports
LBL,IATA,Liberal Mid-America Regional Airport,37.0442009,-100.9599991,active,2026-09-28,no,OurAirports
LBP,IATA,Long Banga Airport,3.2021380,115.4018110,active,2026-09-28,no,OurAirports
LBR,IATA,Lábrea Airport,-7.2789700,-64.7695010,active,2026-09-28,no,OurAirports
LBS,IATA,Labasa Airport,-16.4667000,179.3399960,active,2026-09-28,no,OurAirports
LBU,IATA,Labuan Airport,5.3016670,115.2483330,active,2026-09-28,no,OurAirports
LBV,IATA,Libreville Leon M'ba International Airport,0.4589510,9.4121400,active,2026-09-28,no,OurAirports
LBW,IATA,Yuvai Semaring Airport,3.9004950,115.6900890,active,2026-09-28,no,OurAirports
LCA,IATA,Larnaca International Airport,34.8750990,33.6249010,active,2026-09-28,no,OurAirports
LCE,IATA,Golosón International Airport,15.7425000,-86.8529970,active,2026-09-28,no,OurAirports
LCG,IATA,A Coruña Airport,43.3021010,-8.3772600,active,2026-09-28,no,OurAirports
LCH,IATA,Lake Charles Regional Airport,30.1261005,-93.2232971,active,2026-09-28,no,OurAirports
LCJ,IATA,Łódź Władysław Reymont Airport,51.7219010,19.3981000,active,2026-09-28,no,OurAirports
LCK,IATA,Rickenbacker International Airport,39.8138010,-82.9278030,active,2026-09-28,no,OurAirports
LCR,IATA,Virgilio Barco Vargas (La Chorrera) Airport,-1.4563610,-72.8010860,active,2026-09-28,no,OurAirports
LCX,IATA,Liancheng Guanzhishan Airport,25.6759200,116.7459070,active,2026-09-28,no,OurAirports
LCY,IATA,London City Airport,51.5052990,0.0552780,active,2026-09-28,no,OurAirports
LDB,IATA,Governor José Richa Airport,-23.3343750,-51.1283650,active,2026-09-28,no,OurAirports
LDE,IATA,Tarbes-Lourdes-Pyrénées Airport,43.1786990,-0.0064390,active,2026-09-28,no,OurAirports
LDG,IATA,Leshukonskoye Airport,64.8960040,45.7230000,active,2026-09-28,no,OurAirports
LDH,IATA,Lord Howe Island Airport,-31.5382040,159.0754600,active,2026-09-28,no,OurAirports
LDS,IATA,Yichun Lindu Airport,47.7520560,129.0191250,active,2026-09-28,no,OurAirports
LDU,IATA,Lahad Datu Airport,5.0324100,118.3237600,active,2026-09-28,no,OurAirports
LDX,IATA,Saint-Laurent-du-Maroni Airport,5.4818910,-54.0349640,active,2026-09-28,no,OurAirports
LDY,IATA,City of Derry Airport,55.0428010,-7.1611100,active,2026-09-28,no,OurAirports
LEA,IATA,Learmonth Airport,-22.2352010,114.0900240,active,2026-09-28,no,OurAirports
LEB,IATA,Lebanon Municipal Airport,43.6260986,-72.3041992,active,2026-09-28,no,OurAirports
LEC,IATA,Coronel Horácio de Mattos Airport,-12.4823000,-41.2770000,active,2026-09-28,no,OurAirports
LED,IATA,Pulkovo Airport,59.8003010,30.2625010,active,2026-09-28,no,OurAirports
LEI,IATA,Almería Airport,36.8438990,-2.3701000,active,2026-09-28,no,OurAirports
LEJ,IATA,Leipzig/Halle Airport,51.4206570,12.2327050,active,2026-09-28,no,OurAirports
LEL,IATA,Lake Evella Airport,-12.4989004,135.8059998,active,2026-09-28,no,OurAirports
LEN,IATA,León Airport,42.5907090,-5.6534060,active,2026-09-28,no,OurAirports
LEQ,IATA,Land's End Airport,50.1027980,-5.6705600,active,2026-09-28,no,OurAirports
LER,IATA,Leinster Airport,-27.8432999,120.7030029,active,2026-09-28,no,OurAirports
LET,IATA,Alfredo Vásquez Cobo International Airport,-4.1911470,-69.9420030,active,2026-09-28,no,OurAirports
LEU,IATA,Pirineus - la Seu d'Urgel Airport,42.3386000,1.4091700,active,2026-09-28,no,OurAirports
LEV,IATA,Levuka Airfield,-17.7110996,178.7590027,active,2026-09-28,no,OurAirports
LEX,IATA,Blue Grass Airport,38.0350660,-84.6067380,active,2026-09-28,no,OurAirports
LFM,IATA,Lamerd Airport,27.3727000,53.1888010,active,2026-09-28,no,OurAirports
LFQ,IATA,Linfen Yaodu Airport,36.1326290,111.6412360,active,2026-09-28,no,OurAirports
LFT,IATA,Lafayette Regional Airport,30.2052990,-91.9876020,active,2026-09-28,no,OurAirports
LFW,IATA,Lomé–Tokoin International Airport,6.1656100,1.2545100,active,2026-09-28,no,OurAirports
LGA,IATA,LaGuardia Airport,40.7771990,-73.8725970,active,2026-09-28,no,OurAirports
LGB,IATA,Long Beach International Airport,33.8165230,-118.1498910,active,2026-09-28,no,OurAirports
LGG,IATA,Liège Airport,50.6385740,5.4438970,active,2026-09-28,no,OurAirports
LGI,IATA,Deadman's Cay Airport,23.1790009,-75.0935974,active,2026-09-28,no,OurAirports
LGK,IATA,Langkawi International Airport,6.3297300,99.7286990,active,2026-09-28,no,OurAirports
LGL,IATA,Long Lellang Airport,3.4210000,115.1539993,active,2026-09-28,no,OurAirports
LGW,IATA,London Gatwick Airport,51.1487440,-0.1857390,active,2026-09-28,no,OurAirports
LGZ,IATA,Shannan Longzi Airport,28.4224220,92.3480820,active,2026-09-28,no,OurAirports
LHE,IATA,Allama Iqbal International Airport,31.5216010,74.4036030,active,2026-09-28,no,OurAirports
LHG,IATA,Lightning Ridge Airport,-29.4528570,147.9771460,active,2026-09-28,no,OurAirports
LHL,IATA,Lachin International Airport,39.8837870,46.3631370,active,2026-09-28,no,OurAirports
LHR,IATA,London Heathrow Airport,51.4707480,-0.4599090,active,2026-09-28,no,OurAirports
LHS,IATA,Las Heras Airport,-46.5385170,-68.9653230,active,2026-09-28,no,OurAirports
LHW,IATA,Lanzhou Zhongchuan International Airport,36.5152020,103.6200030,active,2026-09-28,no,OurAirports
LIF,IATA,Lifou Airport,-20.7745630,167.2393280,active,2026-09-28,no,OurAirports
LIG,IATA,Limoges Airport,45.8628010,1.1794400,active,2026-09-28,no,OurAirports
LIH,IATA,Lihue Airport,21.9743930,-159.3371460,active,2026-09-28,no,OurAirports
LIK,IATA,Likiep Airport,9.8231600,169.3079990,active,2026-09-28,no,OurAirports
LIL,IATA,Lille Airport,50.5665640,3.1024290,active,2026-09-28,no,OurAirports
LIM,IATA,Jorge Chávez International Airport,-12.0219000,-77.1143050,active,2026-09-28,no,OurAirports
LIN,IATA,Milano Linate Airport,45.4450990,9.2767400,active,2026-09-28,no,OurAirports
LIO,IATA,Limón International Airport,9.9579600,-83.0220030,active,2026-09-28,no,OurAirports
LIR,IATA,Daniel Oduber Quirós International Airport,10.5933000,-85.5444030,active,2026-09-28,no,OurAirports
LIS,IATA,Lisbon Humberto Delgado Airport,38.7813000,-9.1359200,active,2026-09-28,no,OurAirports
LIT,IATA,Bill & Hillary Clinton National Airport/Adams Field,34.7292220,-92.2235910,active,2026-09-28,no,OurAirports
LIW,IATA,Loikaw Airport,19.6914997,97.2147980,active,2026-09-28,no,OurAirports
LJG,IATA,Lijiang Sanyi International Airport,26.6774830,100.2449440,active,2026-09-28,no,OurAirports
LJU,IATA,Ljubljana Jože Pučnik Airport,46.2237010,14.4576000,active,2026-09-28,no,OurAirports
LKA,IATA,Larantuka Gewayentana Airport,-8.2744240,123.0020000,active,2026-09-28,no,OurAirports
LKB,IATA,Lakeba Island Airport,-18.1991997,-178.8170013,active,2026-09-28,no,OurAirports
LKE,IATA,Kenmore Air Harbor Seaplane Base,47.6290020,-122.3389970,active,2026-09-28,no,OurAirports
LKI,IATA,Lasikin Airport,2.4113280,96.3277220,active,2026-09-28,no,OurAirports
LKL,IATA,"Lakselv Airport, Banak",70.0688020,24.9734990,active,2026-09-28,no,OurAirports
LKM,IATA,Bolaang Mongondow Airport,0.8885500,124.0336340,active,2026-09-28,no,OurAirports
LKN,IATA,Leknes Airport,68.1524963,13.6093998,active,2026-09-28,no,OurAirports
LKO,IATA,Chaudhary Charan Singh International Airport,26.7605990,80.8892970,active,2026-09-28,no,OurAirports
LLA,IATA,Luleå Airport,65.5438000,22.1220000,active,2026-09-28,no,OurAirports
LLB,IATA,Libo Airport,25.4525000,107.9616670,active,2026-09-28,no,OurAirports
LLF,IATA,Yongzhou Lingling Airport,26.3386610,111.6100430,active,2026-09-28,no,OurAirports
LLK,IATA,Lankaran International Airport,38.7579190,48.8070420,active,2026-09-28,no,OurAirports
LLO,IATA,Bua - Palopo Lagaligo Airport,-3.0822700,120.2448230,active,2026-09-28,no,OurAirports
LLU,IATA,Alluitsup Paa Heliport,60.4644500,-45.5691700,active,2026-09-28,no,OurAirports
LLV,IATA,Lüliang Dawu Airport,37.6833330,111.1427780,active,2026-09-28,no,OurAirports
LLW,IATA,Kamuzu International Airport,-13.7894000,33.7809980,active,2026-09-28,no,OurAirports
LMA,IATA,Minchumina Airport,63.8860020,-152.3020020,active,2026-09-28,no,OurAirports
LMC,IATA,La Macarena Airport,2.1756500,-73.7867400,active,2026-09-28,no,OurAirports
LMM,IATA,Valle del Fuerte International Airport,25.6855030,-109.0811590,active,2026-09-28,no,OurAirports
LMN,IATA,Limbang Airport,4.8083000,115.0100021,active,2026-09-28,no,OurAirports
LMP,IATA,Lampedusa Airport,35.4978980,12.6181000,active,2026-09-28,no,OurAirports
LMY,IATA,Lake Murray Airport,-7.0099200,141.4940030,active,2026-09-28,no,OurAirports
LNB,IATA,Lamen Bay Airport,-16.5841999,168.1589966,active,2026-09-28,no,OurAirports
LNE,IATA,Lonorore Airport,-15.8655996,168.1719971,active,2026-09-28,no,OurAirports
LNJ,IATA,Lincang Boshang Airport,23.7381000,100.0250020,active,2026-09-28,no,OurAirports
LNK,IATA,Lincoln Airport,40.8448820,-96.7617800,active,2026-09-28,no,OurAirports
LNL,IATA,Longnan Chengzhou Airport,33.7899180,105.7900140,active,2026-09-28,no,OurAirports
LNO,IATA,Leonora Airport,-28.8780994,121.3150024,active,2026-09-28,no,OurAirports
LNS,IATA,Lancaster Airport,40.1217003,-76.2960968,active,2026-09-28,no,OurAirports
LNU,IATA,Robert Atty Bessing,3.5752560,116.6197690,active,2026-09-28,no,OurAirports
LNV,IATA,Londolovit Airport,-3.0436101,152.6289978,active,2026-09-28,no,OurAirports
LNY,IATA,Lanai Airport,20.7856750,-156.9513240,active,2026-09-28,no,OurAirports
LNZ,IATA,Linz-Hörsching Airport,48.2353620,14.1881280,active,2026-09-28,no,OurAirports
LOD,IATA,Longana Airport,-15.3066998,167.9669952,active,2026-09-28,no,OurAirports
LOE,IATA,Loei Airport,17.4391003,101.7220001,active,2026-09-28,no,OurAirports
LOH,IATA,Ciudad de Catamayo Airport,-3.9956060,-79.3719020,active,2026-09-28,no,OurAirports
LOO,IATA,Laghouat - Molay Ahmed Medeghri Airport,33.7644000,2.9283400,active,2026-09-28,no,OurAirports
LOP,IATA,Lombok International Airport,-8.7599620,116.2781690,active,2026-09-28,no,OurAirports
LOS,IATA,Murtala Muhammed International Airport,6.5773700,3.3211600,active,2026-09-28,no,OurAirports
LPA,IATA,Gran Canaria Airport,27.9319000,-15.3866000,active,2026-09-28,no,OurAirports
LPB,IATA,El Alto International Airport,-16.5102720,-68.1894160,active,2026-09-28,no,OurAirports
LPD,IATA,La Pedrera Airport,-1.3248820,-69.5812940,active,2026-09-28,no,OurAirports
LPF,IATA,Liupanshui Yuezhao Airport,26.6094170,104.9790000,active,2026-09-28,no,OurAirports
LPI,IATA,Linköping City Airport,58.4049090,15.6844990,active,2026-09-28,no,OurAirports
LPL,IATA,Liverpool John Lennon Airport,53.3348630,-2.8496370,active,2026-09-28,no,OurAirports
LPM,IATA,Lamap Airport,-16.4611228,167.8292530,active,2026-09-28,no,OurAirports
LPP,IATA,Lappeenranta Airport,61.0446010,28.1447430,active,2026-09-28,no,OurAirports
LPQ,IATA,Luang Phabang International Airport,19.9042730,102.1671910,active,2026-09-28,no,OurAirports
LPS,IATA,Lopez Island Airport,48.4838982,-122.9380035,active,2026-09-28,no,OurAirports
LPT,IATA,Lampang Airport,18.2709007,99.5042038,active,2026-09-28,no,OurAirports
LPU,IATA,Long Apung Airport,1.7069320,114.9699340,active,2026-09-28,no,OurAirports
LPY,IATA,Le Puy-Loudes Airfield,45.0807000,3.7628900,active,2026-09-28,no,OurAirports
LQM,IATA,Caucaya Airport,-0.1822780,-74.7708000,active,2026-09-28,no,OurAirports
LRD,IATA,Laredo International Airport,27.5438000,-99.4616010,active,2026-09-28,no,OurAirports
LRE,IATA,Longreach Airport,-23.4320200,144.2774920,active,2026-09-28,no,OurAirports
LRH,IATA,La Rochelle Île de Ré Airport,46.1791990,-1.1952800,active,2026-09-28,no,OurAirports
LRM,IATA,Casa De Campo International Airport,18.4522220,-68.9111110,active,2026-09-28,no,OurAirports
LRR,IATA,Lar Airport,27.6747000,54.3833010,active,2026-09-28,no,OurAirports
LRS,IATA,Leros Airport,37.1848980,26.8003010,active,2026-09-28,no,OurAirports
LRU,IATA,Las Cruces International Airport,32.2893980,-106.9219970,active,2026-09-28,no,OurAirports
LRV,IATA,Los Roques Airport,11.9469350,-66.6683330,active,2026-09-28,no,OurAirports
LSA,IATA,Losuia Airport,-8.5058203,151.0809937,active,2026-09-28,no,OurAirports
LSC,IATA,La Florida Airport,-29.9162010,-71.1995010,active,2026-09-28,no,OurAirports
LSE,IATA,La Crosse Regional Airport,43.8790020,-91.2566990,active,2026-09-28,no,OurAirports
LSG,IATA,Leshan Airport,29.4386270,103.7492180,active,2026-09-28,no,OurAirports
LSH,IATA,Lashio Airport,22.9778996,97.7521973,active,2026-09-28,no,OurAirports
LSI,IATA,Sumburgh Airport,59.8788990,-1.2955600,active,2026-09-28,no,OurAirports
LSP,IATA,Josefa Camejo International Airport,11.7807750,-70.1514970,active,2026-09-28,no,OurAirports
LSR,IATA,Alas Leuser Airport,3.3914560,97.8637260,active,2026-09-28,no,OurAirports
LST,IATA,Launceston Airport,-41.5449350,147.2107850,active,2026-09-28,no,OurAirports
LSW,IATA,Malikus Saleh Airport,5.2266800,96.9503020,active,2026-09-28,no,OurAirports
LSY,IATA,Lismore Airport,-28.8306890,153.2584190,active,2026-09-28,no,OurAirports
LTD,IATA,Ghadames Airport,30.1454840,9.7020950,active,2026-09-28,no,OurAirports
LTI,IATA,Altai Airport,46.3764000,96.2210999,active,2026-09-28,no,OurAirports
LTK,IATA,Latakia International Airport,35.4011000,35.9487000,active,2026-09-28,no,OurAirports
LTM,IATA,Lethem Airport,3.3727600,-59.7893980,active,2026-09-28,no,OurAirports
LTN,IATA,London Luton Airport,51.8746990,-0.3683330,active,2026-09-28,no,OurAirports
LTO,IATA,Loreto International Airport,25.9895490,-111.3484080,active,2026-09-28,no,OurAirports
LTT,IATA,La Môle Airport,43.2053990,6.4820000,active,2026-09-28,no,OurAirports
LTU,IATA,Murod Kond Airport,18.4115010,76.4646990,active,2026-09-28,no,OurAirports
LTX,IATA,Cotopaxi International Airport,-0.9068330,-78.6157990,active,2026-09-28,no,OurAirports
LUA,IATA,Tenzing-Hillary Airport,27.6867680,86.7294790,active,2026-09-28,no,OurAirports
LUD,IATA,Luderitz Airport,-26.6874008,15.2428999,active,2026-09-28,no,OurAirports
LUG,IATA,Lugano Airport,46.0042990,8.9105800,active,2026-09-28,no,OurAirports
LUK,IATA,Cincinnati Municipal Airport Lunken Field,39.1023570,-84.4189450,active,2026-09-28,no,OurAirports
LUM,IATA,Dehong Mangshi International Airport,24.4011000,98.5317000,active,2026-09-28,no,OurAirports
LUN,IATA,Kenneth Kaunda International Airport,-15.3308330,28.4527220,active,2026-09-28,no,OurAirports
LUP,IATA,Kalaupapa Airport,21.2110000,-156.9739990,active,2026-09-28,no,OurAirports
LUQ,IATA,Brigadier Mayor D Cesar Raul Ojeda Airport,-33.2732010,-66.3564000,active,2026-09-28,no,OurAirports
LUR,IATA,Cape Lisburne LRRS Airport,68.8750990,-166.1100010,active,2026-09-28,no,OurAirports
LUV,IATA,Karel Sadsuitubun Airport,-5.7602780,132.7594440,active,2026-09-28,no,OurAirports
LUX,IATA,Luxembourg-Findel International Airport,49.6268450,6.2121340,active,2026-09-28,no,OurAirports
LUZ,IATA,Lublin Airport,51.2401570,22.7134610,active,2026-09-28,no,OurAirports
LVI,IATA,Harry Mwanga Nkumbula International Airport,-17.8215240,25.8196420,active,2026-09-28,no,OurAirports
LVO,IATA,Laverton Airport,-28.6142670,122.4286730,active,2026-09-28,no,OurAirports
LWB,IATA,Greenbrier Valley Airport,37.8579140,-80.4004380,active,2026-09-28,no,OurAirports
LWK,IATA,Lerwick / Tingwall Airport,60.1922000,-1.2436100,active,2026-09-28,no,OurAirports
LWN,IATA,Shirak International Airport,40.7504010,43.8592990,active,2026-09-28,no,OurAirports
LWS,IATA,Lewiston Nez Perce County Airport,46.3745003,-117.0149994,active,2026-09-28,no,OurAirports
LWY,IATA,Lawas Airport,4.8491700,115.4079970,active,2026-09-28,no,OurAirports
LXA,IATA,Lhasa Gonggar International Airport,29.2980010,90.9119510,active,2026-09-28,no,OurAirports
LXG,IATA,Luang Namtha Airport,20.9669990,101.4000020,active,2026-09-28,no,OurAirports
LXR,IATA,Luxor International Airport,25.6710180,32.7064460,active,2026-09-28,no,OurAirports
LXS,IATA,Limnos Airport,39.9170990,25.2362995,active,2026-09-28,no,OurAirports
LYA,IATA,Luoyang Beijiao Airport,34.7411000,112.3880000,active,2026-09-28,no,OurAirports
LYC,IATA,Lycksele Airport,64.5483020,18.7162000,active,2026-09-28,no,OurAirports
LYG,IATA,Lianyungang Huaguoshan International Airport,34.4140600,119.1789900,active,2026-09-28,no,OurAirports
LYH,IATA,Lynchburg Regional Airport - Preston Glenn Field,37.3266980,-79.2004010,active,2026-09-28,no,OurAirports
LYI,IATA,Linyi Qiyang Airport,35.0529180,118.4118280,active,2026-09-28,no,OurAirports
LYP,IATA,Faisalabad International Airport,31.3649230,72.9953190,active,2026-09-28,no,OurAirports
LYR,IATA,"Svalbard Airport, Longyear",78.2461010,15.4656000,active,2026-09-28,no,OurAirports
LYS,IATA,Lyon Saint-Exupéry Airport,45.7259960,5.0901390,active,2026-09-28,no,OurAirports
LZG,IATA,Langzhong Gucheng Airport,31.5019100,106.0344170,active,2026-09-28,no,OurAirports
LZH,IATA,Liuzhou Bailian Airport / Bailian Air Base,24.2075000,109.3909990,active,2026-09-28,no,OurAirports
LZN,IATA,Matsu Nangan Airport,26.1596560,119.9583760,active,2026-09-28,no,OurAirports
LZO,IATA,Luzhou Yunlong Airport,29.0303570,105.4684070,active,2026-09-28,no,OurAirports
LZY,IATA,Nyingchi Mainling Airport,29.3033010,94.3352970,active,2026-09-28,no,OurAirports
MAA,IATA,Chennai International Airport,12.9900050,80.1692960,active,2026-09-28,no,OurAirports
MAB,IATA,João Correa da Rocha Airport,-5.3685900,-49.1380000,active,2026-09-28,no,OurAirports
MAD,IATA,Adolfo Suárez Madrid–Barajas Airport,40.4934070,-3.5722490,active,2026-09-28,no,OurAirports
MAF,IATA,Midland International Air and Space Port,31.9424990,-102.2020030,active,2026-09-28,no,OurAirports
MAG,IATA,Madang Airport,-5.2070799,145.7890015,active,2026-09-28,no,OurAirports
MAH,IATA,Menorca Airport,39.8625980,4.2186500,active,2026-09-28,no,OurAirports
MAJ,IATA,Marshall Islands International Airport,7.0651100,171.2716560,active,2026-09-28,no,OurAirports
MAK,IATA,Malakal International Airport,9.5587390,31.6519370,active,2026-09-28,no,OurAirports
MAM,IATA,General Servando Canales International Airport,25.7698994,-97.5252991,active,2026-09-28,no,OurAirports
MAN,IATA,Manchester Airport,53.3493750,-2.2795210,active,2026-09-28,no,OurAirports
MAO,IATA,Eduardo Gomes International Airport,-3.0386100,-60.0497020,active,2026-09-28,no,OurAirports
MAQ,IATA,Mae Sot Airport,16.6998997,98.5450974,active,2026-09-28,no,OurAirports
MAR,IATA,La Chinita International Airport,10.5575420,-71.7293070,active,2026-09-28,no,OurAirports
MAS,IATA,Momote Airport,-2.0618900,147.4239960,active,2026-09-28,no,OurAirports
MAU,IATA,Maupiti Airport,-16.4265003,-152.2440033,active,2026-09-28,no,OurAirports
MAZ,IATA,Eugenio Maria De Hostos Airport,18.2556990,-67.1484990,active,2026-09-28,no,OurAirports
MBA,IATA,Moi International Airport,-4.0348300,39.5942000,active,2026-09-28,no,OurAirports
MBD,IATA,Mmabatho International Airport,-25.7984009,25.5480003,active,2026-09-28,no,OurAirports
MBE,IATA,Monbetsu Airport,44.3039017,143.4040070,active,2026-09-28,no,OurAirports
MBI,IATA,Songwe Airport,-8.9199420,33.2739810,active,2026-09-28,no,OurAirports
MBJ,IATA,Sangster International Airport,18.5034200,-77.9132300,active,2026-09-28,no,OurAirports
MBL,IATA,Manistee County Blacker Airport,44.2727070,-86.2464950,active,2026-09-28,no,OurAirports
MBS,IATA,MBS International Airport,43.5331810,-84.0831040,active,2026-09-28,no,OurAirports
MBT,IATA,Moises R. Espinosa Airport,12.3696820,123.6300950,active,2026-09-28,no,OurAirports
MBW,IATA,Melbourne Moorabbin Airport,-37.9777650,145.0997990,active,2026-09-28,no,OurAirports
MBX,IATA,Maribor Edvard Rusjan Airport,46.4799000,15.6861000,active,2026-09-28,no,OurAirports
MCE,IATA,Merced Regional Macready Field,37.2846980,-120.5140000,active,2026-09-28,no,OurAirports
MCG,IATA,McGrath Airport,62.9528999,-155.6060028,active,2026-09-28,no,OurAirports
MCI,IATA,Kansas City International Airport,39.3016990,-94.7138930,active,2026-09-28,no,OurAirports
MCK,IATA,McCook Ben Nelson Regional Airport,40.2077870,-100.5927940,active,2026-09-28,no,OurAirports
MCM,IATA,Monaco Heliport,43.7257980,7.4196730,active,2026-09-28,no,OurAirports
MCN,IATA,Middle Georgia Regional Airport,32.6927986,-83.6492004,active,2026-09-28,no,OurAirports
MCO,IATA,Orlando International Airport,28.4293995,-81.3089981,active,2026-09-28,no,OurAirports
MCP,IATA,Macapá - Alberto Alcolumbre International Airport,0.0506640,-51.0722010,active,2026-09-28,no,OurAirports
MCT,IATA,Muscat International Airport,23.6002180,58.2852680,active,2026-09-28,no,OurAirports
MCV,IATA,McArthur River Mine Airport,-16.4424992,136.0839996,active,2026-09-28,no,OurAirports
MCW,IATA,Mason City Municipal Airport,43.1598010,-93.3297160,active,2026-09-28,no,OurAirports
MCX,IATA,Makhachkala Uytash International Airport,42.8167990,47.6523020,active,2026-09-28,no,OurAirports
MCY,IATA,Sunshine Coast Airport,-26.5933240,153.0831900,active,2026-09-28,no,OurAirports
MCZ,IATA,Zumbi dos Palmares International Airport,-9.5125590,-35.7918390,active,2026-09-28,no,OurAirports
MDC,IATA,Sam Ratulangi International Airport,1.5485910,124.9262500,active,2026-09-28,no,OurAirports
MDE,IATA,Jose Maria Córdova International Airport,6.1645400,-75.4231000,active,2026-09-28,no,OurAirports
MDG,IATA,Mudanjiang Hailang International Airport,44.5251720,129.5686340,active,2026-09-28,no,OurAirports
MDI,IATA,Makurdi Airport,7.7038800,8.6139400,active,2026-09-28,no,OurAirports
MDK,IATA,Mbandaka Airport,0.0226000,18.2887001,active,2026-09-28,no,OurAirports
MDL,IATA,Mandalay International Airport,21.7021999,95.9778976,active,2026-09-28,no,OurAirports
MDQ,IATA,Ástor Piazzola International Airport,-37.9342000,-57.5733000,active,2026-09-28,no,OurAirports
MDT,IATA,Harrisburg International Airport,40.1928380,-76.7623330,active,2026-09-28,no,OurAirports
MDU,IATA,Mendi Airport,-6.1477400,143.6569980,active,2026-09-28,no,OurAirports
MDW,IATA,Chicago Midway International Airport,41.7859990,-87.7524030,active,2026-09-28,no,OurAirports
MDZ,IATA,Governor Francisco Gabrielli International Airport,-32.8316990,-68.7929000,active,2026-09-28,no,OurAirports
MEB,IATA,Melbourne Essendon Airport,-37.7281000,144.9019930,active,2026-09-28,no,OurAirports
MEC,IATA,Eloy Alfaro International Airport,-0.9460780,-80.6788025,active,2026-09-28,no,OurAirports
MED,IATA,Prince Mohammad Bin Abdulaziz Airport,24.5534000,39.7051010,active,2026-09-28,no,OurAirports
MEE,IATA,Maré Airport,-21.4824380,168.0384650,active,2026-09-28,no,OurAirports
MEG,IATA,Malanje Airport,-9.5250902,16.3124008,active,2026-09-28,no,OurAirports
MEH,IATA,Mehamn Airport,71.0297010,27.8267000,active,2026-09-28,no,OurAirports
MEI,IATA,Key Field / Meridian Regional Airport,32.3326000,-88.7519000,active,2026-09-28,no,OurAirports
MEL,IATA,Melbourne Airport,-37.6707320,144.8378980,active,2026-09-28,no,OurAirports
MEM,IATA,Frederick W. Smith International Airport,35.0438450,-89.9763400,active,2026-09-28,no,OurAirports
MEQ,IATA,Cut Nyak Dhien Airport,4.0409980,96.2533120,active,2026-09-28,no,OurAirports
MEX,IATA,Mexico City Benito Juárez International Airport,19.4358220,-99.0703300,active,2026-09-28,no,OurAirports
MFA,IATA,Mafia Airport,-7.9174780,39.6685020,active,2026-09-28,no,OurAirports
MFE,IATA,McAllen Miller International Airport,26.1761410,-98.2379650,active,2026-09-28,no,OurAirports
MFG,IATA,Muzaffarabad Airport,34.3388350,73.5088860,active,2026-09-28,no,OurAirports
MFJ,IATA,Moala Airport,-18.5667000,179.9510040,active,2026-09-28,no,OurAirports
MFK,IATA,Matsu Beigan Airport,26.2241400,120.0026790,active,2026-09-28,no,OurAirports
MFM,IATA,Macau International Airport,22.1495990,113.5920030,active,2026-09-28,no,OurAirports
MFR,IATA,Rogue Valley International-Medford Airport,42.3741990,-122.8730010,active,2026-09-28,no,OurAirports
MFU,IATA,Mfuwe International Airport,-13.2589000,31.9366000,active,2026-09-28,no,OurAirports
MGA,IATA,Augusto C. Sandino (Managua) International Airport,12.1415000,-86.1681980,active,2026-09-28,no,OurAirports
MGB,IATA,Mount Gambier Airport,-37.7443820,140.7805610,active,2026-09-28,no,OurAirports
MGC,IATA,Michigan City Municipal Airport,41.7033000,-86.8211980,active,2026-09-28,no,OurAirports
MGF,IATA,Regional de Maringá - Sílvio Name Júnior Airport,-23.4760600,-52.0161870,active,2026-09-28,no,OurAirports
MGH,IATA,Margate Airport,-30.8574009,30.3430004,active,2026-09-28,no,OurAirports
MGM,IATA,Montgomery Regional (Dannelly Field) Airport,32.3005980,-86.3939970,active,2026-09-28,no,OurAirports
MGQ,IATA,Aden Adde International Airport,2.0144400,45.3046990,active,2026-09-28,no,OurAirports
MGT,IATA,Milingimbi Airport,-12.0944004,134.8939972,active,2026-09-28,no,OurAirports
MGW,IATA,Morgantown Municipal Airport Walter L. (Bill) Hart Field,39.6433050,-79.9175980,active,2026-09-28,no,OurAirports
MGZ,IATA,Myeik Airport,12.4398003,98.6214981,active,2026-09-28,no,OurAirports
MHC,IATA,Mocopulli Airport,-42.3403880,-73.7156930,active,2026-09-28,no,OurAirports
MHD,IATA,Mashhad International Airport,36.2348210,59.6429490,active,2026-09-28,no,OurAirports
MHG,IATA,Mannheim-City Airport,49.4730570,8.5141670,active,2026-09-28,no,OurAirports
MHH,IATA,Leonard M. Thompson International Airport,26.5107110,-77.0842620,active,2026-09-28,no,OurAirports
MHK,IATA,Manhattan Regional Airport,39.1409988,-96.6707993,active,2026-09-28,no,OurAirports
MHM,IATA,Manaoba Airport,-8.3250080,160.8005100,active,2026-09-28,no,OurAirports
MHQ,IATA,Mariehamn Airport,60.1222000,19.8981990,active,2026-09-28,no,OurAirports
MHT,IATA,Manchester-Boston Regional Airport,42.9325980,-71.4356990,active,2026-09-28,no,OurAirports
MHU,IATA,Mount Hotham Airport,-37.0475006,147.3339996,active,2026-09-28,no,OurAirports
MHX,IATA,Manihiki Island Airport,-10.3809100,-160.9994240,active,2026-09-28,no,OurAirports
MIA,IATA,Miami International Airport,25.7960110,-80.2897510,active,2026-09-28,no,OurAirports
MID,IATA,Manuel Crescencio Rejón International Airport,20.9304850,-89.6454620,active,2026-09-28,no,OurAirports
MIG,IATA,Mianyang Nanjiao Airport,31.4281010,104.7409970,active,2026-09-28,no,OurAirports
MII,IATA,Frank Miloye Milenkowichi–Marília State Airport,-22.1968990,-49.9264850,active,2026-09-28,no,OurAirports
MIJ,IATA,Mili Island Airport,6.0847540,171.7314190,active,2026-09-28,no,OurAirports
MIM,IATA,Merimbula Airport,-36.9085999,149.9010010,active,2026-09-28,no,OurAirports
MIR,IATA,Monastir Habib Bourguiba International Airport,35.7580986,10.7546997,active,2026-09-28,no,OurAirports
MIS,IATA,Misima Island Airport,-10.6892004,152.8379974,active,2026-09-28,no,OurAirports
MIU,IATA,Maiduguri International Airport,11.8541630,13.0807020,active,2026-09-28,no,OurAirports
MJE,IATA,Majkin Airport,8.1633620,168.1738620,active,2026-09-28,no,OurAirports
MJF,IATA,"Mosjøen Airport, Kjærstad",65.7839970,13.2149000,active,2026-09-28,no,OurAirports
MJI,IATA,Mitiga International Airport,32.8917700,13.2878780,active,2026-09-28,no,OurAirports
MJK,IATA,Shark Bay Airport,-25.8972940,113.5758020,active,2026-09-28,no,OurAirports
MJM,IATA,Mbuji Mayi Airport,-6.1212401,23.5690002,active,2026-09-28,no,OurAirports
MJN,IATA,Amborovy Airport,-15.6668420,46.3512330,active,2026-09-28,no,OurAirports
MJT,IATA,Mytilene International Airport,39.0574060,26.5986290,active,2026-09-28,no,OurAirports
MJY,IATA,Motygino Airport,58.1809210,94.7452720,active,2026-09-28,no,OurAirports
MJZ,IATA,Mirny Airport,62.5346985,114.0390015,active,2026-09-28,no,OurAirports
MKE,IATA,General Mitchell International Airport,42.9472010,-87.8965990,active,2026-09-28,no,OurAirports
MKG,IATA,Muskegon County Airport,43.1694980,-86.2381970,active,2026-09-28,no,OurAirports
MKK,IATA,Molokai Airport,21.1529010,-157.0959930,active,2026-09-28,no,OurAirports
MKL,IATA,McKellar-Sipes Regional Airport,35.5998990,-88.9156040,active,2026-09-28,no,OurAirports
MKM,IATA,Mukah Airport,2.8819440,112.0433330,active,2026-09-28,no,OurAirports
MKP,IATA,Makemo Airport,-16.5839000,-143.6580050,active,2026-09-28,no,OurAirports
MKQ,IATA,Mopah International Airport,-8.5238980,140.4196930,active,2026-09-28,no,OurAirports
MKR,IATA,Meekatharra Airport,-26.6117001,118.5479965,active,2026-09-28,no,OurAirports
MKU,IATA,Makokou Airport,0.5792110,12.8908997,active,2026-09-28,no,OurAirports
MKW,IATA,Rendani Airport,-0.8918330,134.0489960,active,2026-09-28,no,OurAirports
MKY,IATA,Mackay Airport,-21.1708160,149.1825880,active,2026-09-28,no,OurAirports
MKZ,IATA,Malacca International Airport,2.2656130,102.2527780,active,2026-09-28,no,OurAirports
MLA,IATA,Malta International Airport,35.8459320,14.4915460,active,2026-09-28,no,OurAirports
MLB,IATA,Melbourne Orlando International Airport,28.1020090,-80.6410880,active,2026-09-28,no,OurAirports
MLE,IATA,Velana International Airport,4.1918300,73.5290990,active,2026-09-28,no,OurAirports
MLG,IATA,Abdul Rachman Saleh Airport,-7.9290990,112.7142330,active,2026-09-28,no,OurAirports
MLI,IATA,Quad City International Airport,41.4485020,-90.5075000,active,2026-09-28,no,OurAirports
MLL,IATA,Marshall Don Hunter Sr Airport,61.8643000,-162.0260010,active,2026-09-28,no,OurAirports
MLM,IATA,General Francisco J. Mujica International Airport,19.8498990,-101.0250020,active,2026-09-28,no,OurAirports
MLN,IATA,Melilla Airport,35.2798000,-2.9562600,active,2026-09-28,no,OurAirports
MLO,IATA,Milos Airport,36.6968990,24.4769000,active,2026-09-28,no,OurAirports
MLU,IATA,Monroe Regional Airport,32.5108990,-92.0376970,active,2026-09-28,no,OurAirports
MLW,IATA,Spriggs Payne Airport,6.2890600,-10.7587000,active,2026-09-28,no,OurAirports
MLX,IATA,Malatya Erhaç Airport,38.4352989,38.0909996,active,2026-09-28,no,OurAirports
MLY,IATA,Manley Hot Springs Airport,64.9918800,-150.6441020,active,2026-09-28,no,OurAirports
MMB,IATA,Memanbetsu Airport,43.8806000,144.1640015,active,2026-09-28,no,OurAirports
MMD,IATA,Minamidaito Airport,25.8465000,131.2630000,active,2026-09-28,no,OurAirports
MME,IATA,Teesside International Airport,54.5092010,-1.4294100,active,2026-09-28,no,OurAirports
MMG,IATA,Mount Magnet Airport,-28.1161003,117.8420029,active,2026-09-28,no,OurAirports
MMH,IATA,Mammoth Yosemite Airport,37.6253810,-118.8430600,active,2026-09-28,no,OurAirports
MMJ,IATA,Shinshu-Matsumoto Airport,36.1668010,137.9230040,active,2026-09-28,no,OurAirports
MMK,IATA,Emperor Nicholas II Murmansk Airport,68.7817000,32.7508010,active,2026-09-28,no,OurAirports
MMO,IATA,Maio Airport,15.1559000,-23.2136993,active,2026-09-28,no,OurAirports
MMX,IATA,Malmö Sturup Airport,55.5355640,13.3763270,active,2026-09-28,no,OurAirports
MMY,IATA,Miyako Airport,24.7828010,125.2949980,active,2026-09-28,no,OurAirports
MNC,IATA,Nacala International Airport,-14.4882000,40.7122000,active,2026-09-28,no,OurAirports
MNF,IATA,Mana Island Airport,-17.6728440,177.0985000,active,2026-09-28,no,OurAirports
MNG,IATA,Maningrida Airport,-12.0560999,134.2339935,active,2026-09-28,no,OurAirports
MNI,IATA,John A. Osborne Airport,16.7918350,-62.1932040,active,2026-09-28,no,OurAirports
MNJ,IATA,Mananjary Airport,-21.2017990,48.3582990,active,2026-09-28,no,OurAirports
MNL,IATA,Ninoy Aquino International Airport,14.5086000,121.0199970,active,2026-09-28,no,OurAirports
MNT,IATA,Minto Al Wright Airport,65.1479910,-149.3686580,active,2026-09-28,no,OurAirports
MNU,IATA,Mawlamyine Airport,16.4447002,97.6606979,active,2026-09-28,no,OurAirports
MNX,IATA,Manicoré Airport,-5.8113800,-61.2783010,active,2026-09-28,no,OurAirports
MNY,IATA,Mono Airport,-7.4169400,155.5650020,active,2026-09-28,no,OurAirports
MOB,IATA,Mobile Regional Airport,30.6912000,-88.2427980,active,2026-09-28,no,OurAirports
MOC,IATA,Mário Ribeiro Airport,-16.7069190,-43.8189010,active,2026-09-28,no,OurAirports
MOF,IATA,Frans Xavier Seda Airport,-8.6395140,122.2381350,active,2026-09-28,no,OurAirports
MOG,IATA,Mong Hsat Airport,20.5167999,99.2567978,active,2026-09-28,no,OurAirports
MOH,IATA,Maleo Airport,-2.2011430,121.6628840,active,2026-09-28,no,OurAirports
MOI,IATA,Mitiaro Island Airport,-19.8425010,-157.7030030,active,2026-09-28,no,OurAirports
MOJ,IATA,Moengo Airstrip,5.6076000,-54.4003000,active,2026-09-28,no,OurAirports
MOL,IATA,"Molde Airport, Årø",62.7447010,7.2625000,active,2026-09-28,no,OurAirports
MOQ,IATA,Morondava Airport,-20.2847000,44.3176000,active,2026-09-28,no,OurAirports
MOT,IATA,Minot International Airport,48.2580100,-101.2791230,active,2026-09-28,no,OurAirports
MOU,IATA,Mountain Village Airport,62.0954018,-163.6820068,active,2026-09-28,no,OurAirports
MOV,IATA,Moranbah Airport,-22.0578003,148.0769959,active,2026-09-28,no,OurAirports
MOZ,IATA,Moorea Temae Airport,-17.4897900,-149.7617770,active,2026-09-28,no,OurAirports
MPA,IATA,Katima Mulilo Airport,-17.6342580,24.1766880,active,2026-09-28,no,OurAirports
MPC,IATA,Muko Muko Airport,-2.5410580,101.0876510,active,2026-09-28,no,OurAirports
MPH,IATA,Godofredo P. Ramos Airport,11.9245000,121.9540020,active,2026-09-28,no,OurAirports
MPL,IATA,Montpellier-Méditerranée Airport,43.5761990,3.9630100,active,2026-09-28,no,OurAirports
MPM,IATA,Maputo Airport,-25.9207990,32.5726010,active,2026-09-28,no,OurAirports
MPN,IATA,Mount Pleasant Airport / RAF Mount Pleasant,-51.8226420,-58.4457770,active,2026-09-28,no,OurAirports
MPY,IATA,Maripasoula Airport,3.6559070,-54.0394310,active,2026-09-28,no,OurAirports
MQC,IATA,Miquelon Airport,47.0955010,-56.3802990,active,2026-09-28,no,OurAirports
MQF,IATA,Magnitogorsk International Airport,53.3919910,58.7552350,active,2026-09-28,no,OurAirports
MQJ,IATA,Moma Airport,66.4508610,143.2615510,active,2026-09-28,no,OurAirports
MQL,IATA,Mildura Airport,-34.2291985,142.0859985,active,2026-09-28,no,OurAirports
MQM,IATA,Mardin Airport,37.2233009,40.6316986,active,2026-09-28,no,OurAirports
MQN,IATA,"Mo i Rana Airport, Røssvoll",66.3638992,14.3014002,active,2026-09-28,no,OurAirports
MQP,IATA,Kruger Mpumalanga International Airport,-25.3833270,31.1053250,active,2026-09-28,no,OurAirports
MQS,IATA,Mustique Airport,12.8879000,-61.1801990,active,2026-09-28,no,OurAirports
MQT,IATA,Marquette Sawyer Regional Airport,46.3514980,-87.3958840,active,2026-09-28,no,OurAirports
MQX,IATA,Mekele Alula Aba Nega Airport,13.4674000,39.5335010,active,2026-09-28,no,OurAirports
MRA,IATA,Misrata International Airport,32.3250010,15.0610000,active,2026-09-28,no,OurAirports
MRE,IATA,Mara Serena Lodge Airstrip,-1.4045880,35.0083490,active,2026-09-28,no,OurAirports
MRI,IATA,Merrill Field,61.2127920,-149.8439880,active,2026-09-28,no,OurAirports
MRS,IATA,Marseille Provence Airport,43.4380880,5.2125000,active,2026-09-28,no,OurAirports
MRU,IATA,Sir Seewoosagur Ramgoolam International Airport,-20.4302010,57.6836010,active,2026-09-28,no,OurAirports
MRV,IATA,Mineralnye Vody Airport,44.2251010,43.0819020,active,2026-09-28,no,OurAirports
MRX,IATA,Mahshahr Airport,30.5562000,49.1519010,active,2026-09-28,no,OurAirports
MRY,IATA,Monterey Regional Airport,36.5867770,-121.8441830,active,2026-09-28,no,OurAirports
MRZ,IATA,Moree Airport,-29.4988995,149.8450012,active,2026-09-28,no,OurAirports
MSA,IATA,Muskrat Dam Airport,53.4413990,-91.7628020,active,2026-09-28,no,OurAirports
MSJ,IATA,Misawa Airport / Misawa Air Base,40.7032010,141.3679960,active,2026-09-28,no,OurAirports
MSL,IATA,Northwest Alabama Regional Airport,34.7451230,-87.6129810,active,2026-09-28,no,OurAirports
MSN,IATA,Dane County Regional Truax Field,43.1399000,-89.3375020,active,2026-09-28,no,OurAirports
MSO,IATA,Missoula Montana Airport,46.9158160,-114.0911070,active,2026-09-28,no,OurAirports
MSP,IATA,Minneapolis–Saint Paul International Airport / Wold–Chamberlain Field,44.8800810,-93.2217410,active,2026-09-28,no,OurAirports
MSQ,IATA,Minsk National Airport,53.8880710,28.0399640,active,2026-09-28,no,OurAirports
MSR,IATA,Muş Airport,38.7477989,41.6612015,active,2026-09-28,no,OurAirports
MSS,IATA,Massena International Airport Richards Field,44.9361570,-74.8443040,active,2026-09-28,no,OurAirports
MST,IATA,Maastricht Aachen Airport,50.9110870,5.7694010,active,2026-09-28,no,OurAirports
MSU,IATA,Moshoeshoe I International Airport,-29.4562770,27.5544560,active,2026-09-28,no,OurAirports
MSY,IATA,Louis Armstrong New Orleans International Airport,29.9934010,-90.2646730,active,2026-09-28,no,OurAirports
MSZ,IATA,Welwitschia Mirabilis International Airport,-15.2612000,12.1468000,active,2026-09-28,no,OurAirports
MTF,IATA,Mizan Teferi Airport,6.9571000,35.5547000,active,2026-09-28,no,OurAirports
MTJ,IATA,Montrose Regional Airport,38.5098000,-107.8939970,active,2026-09-28,no,OurAirports
MTM,IATA,Metlakatla Seaplane Base,55.1310010,-131.5780030,active,2026-09-28,no,OurAirports
MTP,IATA,Montauk Airport,41.0765000,-71.9207970,active,2026-09-28,no,OurAirports
MTR,IATA,Los Garzones Airport,8.8237400,-75.8258000,active,2026-09-28,no,OurAirports
MTT,IATA,Minatitlán/Coatzacoalcos International Airport,18.1033990,-94.5807040,active,2026-09-28,no,OurAirports
MTY,IATA,Monterrey International Airport,25.7785210,-100.1069890,active,2026-09-28,no,OurAirports
MUA,IATA,Munda Airport,-8.3279700,157.2630000,active,2026-09-28,no,OurAirports
MUB,IATA,Maun International Airport,-19.9704910,23.4314090,active,2026-09-28,no,OurAirports
MUC,IATA,Munich Airport,48.3538020,11.7861000,active,2026-09-28,no,OurAirports
MUE,IATA,Waimea Kohala Airport,20.0013010,-155.6679990,active,2026-09-28,no,OurAirports
MUH,IATA,Mersa Matruh International Airport,31.3243130,27.2222700,active,2026-09-28,no,OurAirports
MUK,IATA,Mauke Airport,-20.1361008,-157.3450012,active,2026-09-28,no,OurAirports
MUN,IATA,José Tadeo Monagas International Airport,9.7490230,-63.1533480,active,2026-09-28,no,OurAirports
MUR,IATA,Marudi Airport,4.1787340,114.3303180,active,2026-09-28,no,OurAirports
MUX,IATA,Multan International Airport,30.2031990,71.4190980,active,2026-09-28,no,OurAirports
MUZ,IATA,Musoma Airport,-1.5030000,33.8021000,active,2026-09-28,no,OurAirports
MVB,IATA,M'Vengue El Hadj Omar Bongo Ondimba International Airport,-1.6561600,13.4380000,active,2026-09-28,no,OurAirports
MVD,IATA,Carrasco General Cesáreo L. Berisso International Airport,-34.8356470,-56.0264970,active,2026-09-28,no,OurAirports
MVF,IATA,Dix-Sept Rosado Airport,-5.2019200,-37.3643000,active,2026-09-28,no,OurAirports
MVP,IATA,Fabio Alberto Leon Bentley Airport,1.2536600,-70.2339000,active,2026-09-28,no,OurAirports
MVQ,IATA,Mogilev Airport,53.9548988,30.0951004,active,2026-09-28,no,OurAirports
MVR,IATA,Salak Airport,10.4513998,14.2573996,active,2026-09-28,no,OurAirports
MVT,IATA,Mataiva Airport,-14.8681002,-148.7169952,active,2026-09-28,no,OurAirports
MVY,IATA,Martha's Vineyard Airport,41.3931007,-70.6143036,active,2026-09-28,no,OurAirports
MWA,IATA,Veterans Airport of Southern Illinois,37.7512080,-89.0165680,active,2026-09-28,no,OurAirports
MWL,IATA,Mineral Wells Regional Airport,32.7816010,-98.0602040,active,2026-09-28,no,OurAirports
MWQ,IATA,Magway Airport,20.1656000,94.9413990,active,2026-09-28,no,OurAirports
MWX,IATA,Muan International Airport,34.9914060,126.3828140,active,2026-09-28,no,OurAirports
MWZ,IATA,Mwanza International Airport,-2.4465630,32.9360490,active,2026-09-28,no,OurAirports
MXH,IATA,Moro Airport,-6.3633299,143.2380066,active,2026-09-28,no,OurAirports
MXL,IATA,General Rodolfo Sánchez Taboada International Airport,32.6306290,-115.2428050,active,2026-09-28,no,OurAirports
MXP,IATA,Milan Malpensa International Airport,45.6306000,8.7281100,active,2026-09-28,no,OurAirports
MXV,IATA,Mörön Airport,49.6636770,100.1000280,active,2026-09-28,no,OurAirports
MXW,IATA,Mandalgobi Airport,45.7380981,106.2689972,active,2026-09-28,no,OurAirports
MXX,IATA,Mora Airport,60.9579010,14.5114000,active,2026-09-28,no,OurAirports
MXZ,IATA,Meizhou Meixian Changgangji International Airport,24.2634250,116.0978570,active,2026-09-28,no,OurAirports
MYA,IATA,Moruya Airport,-35.8978004,150.1439972,active,2026-09-28,no,OurAirports
MYD,IATA,Malindi International Airport,-3.2293100,40.1017000,active,2026-09-28,no,OurAirports
MYE,IATA,Miyakejima Airport,34.0736008,139.5599976,active,2026-09-28,no,OurAirports
MYG,IATA,Mayaguana Airport,22.3794990,-73.0134940,active,2026-09-28,no,OurAirports
MYI,IATA,Murray Island Airport,-9.9151050,144.0546440,active,2026-09-28,no,OurAirports
MYJ,IATA,Matsuyama Airport,33.8268930,132.7001140,active,2026-09-28,no,OurAirports
MYK,IATA,May Creek Airport,61.3357010,-142.6869960,active,2026-09-28,no,OurAirports
MYL,IATA,McCall Municipal Airport,44.8888370,-116.1011120,active,2026-09-28,no,OurAirports
MYP,IATA,Mary International Airport,37.6235300,61.8956680,active,2026-09-28,no,OurAirports
MYQ,IATA,Mysore Airport,12.2297510,76.6536830,active,2026-09-28,no,OurAirports
MYR,IATA,Myrtle Beach International Airport,33.6796990,-78.9282990,active,2026-09-28,no,OurAirports
MYT,IATA,Myitkyina Airport,25.3836000,97.3518980,active,2026-09-28,no,OurAirports
MYU,IATA,Mekoryuk Airport,60.3723380,-166.2697510,active,2026-09-28,no,OurAirports
MYW,IATA,Mtwara Airport,-10.3362040,40.1819970,active,2026-09-28,no,OurAirports
MYY,IATA,Miri Airport,4.3220100,113.9870000,active,2026-09-28,no,OurAirports
MZG,IATA,Penghu Magong Airport,23.5687010,119.6279980,active,2026-09-28,no,OurAirports
MZH,IATA,Amasya Merzifon Airport,40.8293990,35.5219990,active,2026-09-28,no,OurAirports
MZI,IATA,Mopti Airport,14.5128000,-4.0795600,active,2026-09-28,no,OurAirports
MZL,IATA,La Nubia Airport,5.0296000,-75.4647000,active,2026-09-28,no,OurAirports
MZO,IATA,Sierra Maestra International Airport,20.2886050,-77.0875450,active,2026-09-28,no,OurAirports
MZQ,IATA,Mkuze Airport,-27.6261010,32.0443000,active,2026-09-28,no,OurAirports
MZR,IATA,Mazar-i-Sharif International Airport,36.7041200,67.2104590,active,2026-09-28,no,OurAirports
MZS,IATA,Moradabad Airport,28.8174600,78.9218700,active,2026-09-28,no,OurAirports
MZT,IATA,General Rafael Buelna International Airport,23.1628230,-106.2645170,active,2026-09-28,no,OurAirports
MZV,IATA,Mulu Airport,4.0483298,114.8050003,active,2026-09-28,no,OurAirports
MZW,IATA,Mecheria Airport,33.5359000,-0.2423530,active,2026-09-28,no,OurAirports
NAA,IATA,Narrabri Airport,-30.3192005,149.8269959,active,2026-09-28,no,OurAirports
NAG,IATA,Dr. Babasaheb Ambedkar International Airport,21.0921990,79.0472030,active,2026-09-28,no,OurAirports
NAH,IATA,Naha Airport,3.6847800,125.5271620,active,2026-09-28,no,OurAirports
NAJ,IATA,Nakhchivan International Airport,39.1888010,45.4584010,active,2026-09-28,no,OurAirports
NAL,IATA,Nalchik Airport,43.5129010,43.6366000,active,2026-09-28,no,OurAirports
NAM,IATA,Namniwel Airport,-3.1431590,126.9764690,active,2026-09-28,no,OurAirports
NAN,IATA,Nadi International Airport,-17.7618220,177.4378430,active,2026-09-28,no,OurAirports
NAO,IATA,Nanchong Gaoping Airport,30.7981040,106.1641500,active,2026-09-28,no,OurAirports
NAP,IATA,Naples International Airport,40.8860020,14.2908000,active,2026-09-28,no,OurAirports
NAQ,IATA,Qaanaaq Airport,77.4886020,-69.3887020,active,2026-09-28,no,OurAirports
NAS,IATA,Lynden Pindling International Airport,25.0390000,-77.4662020,active,2026-09-28,no,OurAirports
NAT,IATA,Rio Grande do Norte/São Gonçalo do Amarante–Governador Aluízio Alves International Airport,-5.7698220,-35.3666100,active,2026-09-28,no,OurAirports
NAU,IATA,Napuka Island Airport,-14.1773970,-141.2661120,active,2026-09-28,no,OurAirports
NAV,IATA,Nevşehir Kapadokya Airport,38.7719000,34.5345000,active,2026-09-28,no,OurAirports
NAW,IATA,Narathiwat Airport,6.5199199,101.7429962,active,2026-09-28,no,OurAirports
NBC,IATA,Begishevo Airport,55.5647010,52.0924990,active,2026-09-28,no,OurAirports
NBE,IATA,Enfidha - Hammamet International Airport,36.0758330,10.4386110,active,2026-09-28,no,OurAirports
NBJ,IATA,Dr. Antonio Agostinho Neto International Airport,-9.0507340,13.4990780,active,2026-09-28,no,OurAirports
NBN,IATA,Annobón Airport,-1.4086150,5.6241630,active,2026-09-28,no,OurAirports
NBO,IATA,Jomo Kenyatta International Airport,-1.3188860,36.9282330,active,2026-09-28,no,OurAirports
NBS,IATA,Changbaishan Airport,42.0669440,127.6022220,active,2026-09-28,no,OurAirports
NCA,IATA,North Caicos Airport,21.9160940,-71.9429540,active,2026-09-28,no,OurAirports
NCE,IATA,Nice-Côte d'Azur Airport,43.6584010,7.2158700,active,2026-09-28,no,OurAirports
NCL,IATA,Newcastle International Airport,55.0379580,-1.6895770,active,2026-09-28,no,OurAirports
NCN,IATA,Chenega Bay Airport,60.0776020,-147.9946800,active,2026-09-28,no,OurAirports
NCU,IATA,Nukus International Airport,42.4884000,59.6232990,active,2026-09-28,no,OurAirports
NCY,IATA,Annecy Meythet airport,45.9289470,6.0987000,active,2026-09-28,no,OurAirports
NDB,IATA,Nouadhibou International Airport,20.9324040,-17.0301990,active,2026-09-28,no,OurAirports
NDC,IATA,Nanded Airport,19.1833000,77.3167040,active,2026-09-28,no,OurAirports
NDG,IATA,Qiqihar Sanjiazi Airport,47.2299690,123.9141790,active,2026-09-28,no,OurAirports
NDJ,IATA,N'Djamena International Airport,12.1337000,15.0340000,active,2026-09-28,no,OurAirports
NDR,IATA,Nador Al Aaroui International Airport,34.9888000,-3.0282100,active,2026-09-28,no,OurAirports
NDU,IATA,Rundu Airport,-17.9564990,19.7194000,active,2026-09-28,no,OurAirports
NDY,IATA,Sanday Airport,59.2503010,-2.5766700,active,2026-09-28,no,OurAirports
NEC,IATA,Necochea Airport,-38.4907460,-58.8163370,active,2026-09-28,no,OurAirports
NER,IATA,Chulman Airport,56.9138985,124.9140015,active,2026-09-28,no,OurAirports
NEV,IATA,Vance W. Amory International Airport,17.2057000,-62.5899010,active,2026-09-28,no,OurAirports
NGB,IATA,Ningbo Lishe International Airport,29.8267002,121.4619980,active,2026-09-28,no,OurAirports
NGE,IATA,N'Gaoundéré Airport,7.3570099,13.5592003,active,2026-09-28,no,OurAirports
NGI,IATA,Ngau Airport,-18.1156006,179.3399963,active,2026-09-28,no,OurAirports
NGK,IATA,Nogliki Airport,51.7839550,143.1417850,active,2026-09-28,no,OurAirports
NGO,IATA,Chubu Centrair International Airport,34.8583980,136.8049930,active,2026-09-28,no,OurAirports
NGQ,IATA,Ngari Gunsa Airport,32.0979400,80.0539710,active,2026-09-28,no,OurAirports
NGS,IATA,Nagasaki Airport,32.9169010,129.9140010,active,2026-09-28,no,OurAirports
NHV,IATA,Nuku Hiva Airport,-8.7956000,-140.2290040,active,2026-09-28,no,OurAirports
NIB,IATA,Nikolai Airport,63.0179490,-154.3603990,active,2026-09-28,no,OurAirports
NIM,IATA,Diori Hamani International Airport,13.4815000,2.1836100,active,2026-09-28,no,OurAirports
NIQ,IATA,Niaqornat Heliport,70.7893850,-53.6629450,active,2026-09-28,no,OurAirports
NIU,IATA,Naiu Airport,-16.1192960,-146.3687680,active,2026-09-28,no,OurAirports
NJC,IATA,Nizhnevartovsk Airport,60.9492990,76.4835970,active,2026-09-28,no,OurAirports
NJF,IATA,Al Najaf International Airport,31.9911160,44.4050190,active,2026-09-28,no,OurAirports
NKC,IATA,Nouakchott–Oumtounsy International Airport,18.3100000,-15.9697220,active,2026-09-28,no,OurAirports
NKG,IATA,Nanjing Lukou International Airport,31.7350320,118.8659490,active,2026-09-28,no,OurAirports
NKI,IATA,Naukati Bay Seaplane Base,55.8496020,-133.2279940,active,2026-09-28,no,OurAirports
NKM,IATA,Nagoya Airport / JASDF Komaki Air Base,35.2557590,136.9240950,active,2026-09-28,no,OurAirports
NKT,IATA,Şırnak Şerafettin Elçi Airport,37.3647000,42.0582000,active,2026-09-28,no,OurAirports
NLA,IATA,Simon Mwansa Kapwepwe International Airport,-12.9651300,28.5156240,active,2026-09-28,no,OurAirports
NLD,IATA,Quetzalcóatl International Airport,27.4438990,-99.5705030,active,2026-09-28,no,OurAirports
NLF,IATA,Darnley Island Airport,-9.5791760,143.7802760,active,2026-09-28,no,OurAirports
NLG,IATA,Nelson Lagoon Airport,56.0075000,-161.1600040,active,2026-09-28,no,OurAirports
NLH,IATA,Ninglang Luguhu Airport,27.5403000,100.7593000,active,2026-09-28,no,OurAirports
NLI,IATA,Nikolayevsk-na-Amure Airport,53.1549990,140.6499940,active,2026-09-28,no,OurAirports
NLK,IATA,Norfolk Island International Airport,-29.0417590,167.9394740,active,2026-09-28,no,OurAirports
NLT,IATA,Xinyuan Nalati Airport,43.4318000,83.3786000,active,2026-09-28,no,OurAirports
NLU,IATA,Felipe Ángeles International Airport,19.7438240,-99.0150700,active,2026-09-28,no,OurAirports
NMA,IATA,Namangan International Airport,40.9846220,71.5578000,active,2026-09-28,no,OurAirports
NME,IATA,Nightmute Airport,60.4691290,-164.7040700,active,2026-09-28,no,OurAirports
NMF,IATA,Maafaru International Airport,5.8174070,73.4684040,active,2026-09-28,no,OurAirports
NMI,IATA,Navi Mumbai International Airport,18.9845970,73.0652530,active,2026-09-28,no,OurAirports
NNB,IATA,Santa Ana Airport,-10.8479940,162.4541080,active,2026-09-28,no,OurAirports
NNG,IATA,Nanning Wuxu International Airport,22.5980710,108.1819220,active,2026-09-28,no,OurAirports
NNM,IATA,Naryan Mar Airport,67.6399990,53.1218990,active,2026-09-28,no,OurAirports
NNR,IATA,Connemara Regional Airport,53.2303009,-9.4677801,active,2026-09-28,no,OurAirports
NNT,IATA,Nan Airport,18.8078995,100.7829971,active,2026-09-28,no,OurAirports
NNY,IATA,Nanyang Jiangying Airport,32.9826960,112.6174670,active,2026-09-28,no,OurAirports
NOB,IATA,Nosara Airport,9.9764900,-85.6529999,active,2026-09-28,no,OurAirports
NOC,IATA,Ireland West Airport Knock,53.9104390,-8.8170020,active,2026-09-28,no,OurAirports
NOD,IATA,Norden-Norddeich Airport,53.6330570,7.1902780,active,2026-09-28,no,OurAirports
NOJ,IATA,Noyabrsk Airport,63.1833000,75.2699966,active,2026-09-28,no,OurAirports
NOP,IATA,Sinop Airport,42.0183130,35.0717740,active,2026-09-28,no,OurAirports
NOS,IATA,Nosy Be International Airport,-13.3121000,48.3148000,active,2026-09-28,no,OurAirports
NOU,IATA,La Tontouta International Airport,-22.0146010,166.2129970,active,2026-09-28,no,OurAirports
NOV,IATA,Albano Machado Airport,-12.8089000,15.7605000,active,2026-09-28,no,OurAirports
NOZ,IATA,Spichenkovo Airport,53.8114010,86.8771970,active,2026-09-28,no,OurAirports
NPE,IATA,Hawke's Bay Airport,-39.4658010,176.8699950,active,2026-09-28,no,OurAirports
NPL,IATA,New Plymouth Airport,-39.0085983,174.1790009,active,2026-09-28,no,OurAirports
NPO,IATA,Nanga Pinoh Airport,-0.3486400,111.7461550,active,2026-09-28,no,OurAirports
NPT,IATA,Newport State Airport,41.5322070,-71.2810390,active,2026-09-28,no,OurAirports
NQN,IATA,Presidente Perón International Airport,-38.9490010,-68.1557010,active,2026-09-28,no,OurAirports
NQU,IATA,Reyes Murillo Airport,5.7103480,-77.2618680,active,2026-09-28,no,OurAirports
NQY,IATA,Cornwall Airport Newquay,50.4406010,-4.9954100,active,2026-09-28,no,OurAirports
NQZ,IATA,Nursultan Nazarbayev International Airport,51.0270350,71.4670940,active,2026-09-28,no,OurAirports
NRA,IATA,Narrandera Airport,-34.7022018,146.5119934,active,2026-09-28,no,OurAirports
NRD,IATA,Norderney Airport,53.7069440,7.2300000,active,2026-09-28,no,OurAirports
NRK,IATA,Norrköping Airport,58.5862999,16.2506008,active,2026-09-28,no,OurAirports
NRL,IATA,North Ronaldsay Airport,59.3675003,-2.4344399,active,2026-09-28,no,OurAirports
NRN,IATA,Weeze (Niederrhein) Airport,51.6013620,6.1412280,active,2026-09-28,no,OurAirports
NRR,IATA,José Aponte de la Torre Airport,18.2472620,-65.6397900,active,2026-09-28,no,OurAirports
NRT,IATA,Narita International Airport,35.7685800,140.3887140,active,2026-09-28,no,OurAirports
NSB,IATA,Bimini North Seaplane Base,25.7670000,-79.2500000,active,2026-09-28,no,OurAirports
NSH,IATA,Nowshahr Airport,36.6642860,51.4627300,active,2026-09-28,no,OurAirports
NSI,IATA,Yaoundé Nsimalen International Airport,3.7225600,11.5533000,active,2026-09-28,no,OurAirports
NSK,IATA,Alykel International Airport,69.3079510,87.3259060,active,2026-09-28,no,OurAirports
NSN,IATA,Nelson Airport,-41.2967090,173.2243230,active,2026-09-28,no,OurAirports
NST,IATA,Nakhon Si Thammarat Airport,8.5396204,99.9447021,active,2026-09-28,no,OurAirports
NTE,IATA,Nantes Atlantique Airport,47.1531980,-1.6107300,active,2026-09-28,no,OurAirports
NTG,IATA,Nantong Xingdong International Airport,32.0735660,120.9800760,active,2026-09-28,no,OurAirports
NTL,IATA,Newcastle Airport,-32.7961140,151.8350250,active,2026-09-28,no,OurAirports
NTN,IATA,Normanton Airport,-17.6840900,141.0696640,active,2026-09-28,no,OurAirports
NTQ,IATA,Noto Satoyama Airport,37.2930980,136.9620060,active,2026-09-28,no,OurAirports
NTT,IATA,Kuini Lavenia Airport,-15.9772970,-173.7910890,active,2026-09-28,no,OurAirports
NTX,IATA,Ranai Airport,3.9087100,108.3880000,active,2026-09-28,no,OurAirports
NUE,IATA,Nuremberg Airport,49.4986990,11.0780560,active,2026-09-28,no,OurAirports
NUI,IATA,Nuiqsut Airport,70.2099990,-151.0059980,active,2026-09-28,no,OurAirports
NUL,IATA,Nulato Airport,64.7293010,-158.0740050,active,2026-09-28,no,OurAirports
NUM,IATA,Neom Bay Airport,27.9242610,35.2935800,active,2026-09-28,no,OurAirports
NUP,IATA,Nunapitchuk Airport,60.9055910,-162.4404540,active,2026-09-28,no,OurAirports
NUS,IATA,Norsup Airport,-16.0797000,167.4010010,active,2026-09-28,no,OurAirports
NUX,IATA,Novy Urengoy Airport,66.0693970,76.5203018,active,2026-09-28,no,OurAirports
NVA,IATA,Benito Salas Airport,2.9501500,-75.2940000,active,2026-09-28,no,OurAirports
NVI,IATA,Navoi International Airport,40.1175990,65.1726580,active,2026-09-28,no,OurAirports
NVT,IATA,Ministro Victor Konder International Airport,-26.8794310,-48.6509790,active,2026-09-28,no,OurAirports
NWI,IATA,Norwich Airport,52.6758000,1.2827800,active,2026-09-28,no,OurAirports
NYA,IATA,Nyagan Airport,62.1100010,65.6149980,active,2026-09-28,no,OurAirports
NYI,IATA,Sunyani Airport,7.3618300,-2.3287600,active,2026-09-28,no,OurAirports
NYK,IATA,Nanyuki Civil Airport,-0.0623520,37.0412960,active,2026-09-28,no,OurAirports
NYM,IATA,Nadym Airport,65.4809036,72.6988983,active,2026-09-28,no,OurAirports
NYO,IATA,Stockholm Skavsta Airport,58.7896560,16.9114790,active,2026-09-28,no,OurAirports
NYS,IATA,New York Skyports Inc Seaplane Base,40.7350610,-73.9728140,active,2026-09-28,no,OurAirports
NYT,IATA,Nay Pyi Taw International Airport,19.6235010,96.2009960,active,2026-09-28,no,OurAirports
NYU,IATA,Bagan Airport,21.1788006,94.9301987,active,2026-09-28,no,OurAirports
NZC,IATA,Maria Reiche Neuman Airport,-14.8540000,-74.9615020,active,2026-09-28,no,OurAirports
NZG,IATA,Nizhneangarsk International Airport,55.8008000,109.5950010,active,2026-09-28,no,OurAirports
NZH,IATA,Manzhouli Xijiao Airport,49.5666670,117.3300000,active,2026-09-28,no,OurAirports
NZL,IATA,Zhalantun Genghis Khan Airport,47.8659420,122.7686620,active,2026-09-28,no,OurAirports
OAJ,IATA,Albert J Ellis Airport,34.8292010,-77.6120990,active,2026-09-28,no,OurAirports
OAK,IATA,Oakland San Francisco Bay Airport,37.7200850,-122.2211840,active,2026-09-28,no,OurAirports
OAL,IATA,Cacoal Airport,-11.4960000,-61.4508000,active,2026-09-28,no,OurAirports
OAX,IATA,Xoxocotlán International Airport,16.9987730,-96.7260920,active,2026-09-28,no,OurAirports
OBN,IATA,Oban Airport,56.4635010,-5.3996700,active,2026-09-28,no,OurAirports
OBO,IATA,Tokachi-Obihiro Airport,42.7332993,143.2169952,active,2026-09-28,no,OurAirports
OBU,IATA,Kobuk Airport,66.9123000,-156.8970030,active,2026-09-28,no,OurAirports
OBX,IATA,Obo Airport,-7.5906224,141.3242626,active,2026-09-28,no,OurAirports
OBY,IATA,Ittoqqortoormiit Heliport,70.4882290,-21.9716800,active,2026-09-28,no,OurAirports
OCC,IATA,Francisco De Orellana Airport,-0.4628860,-76.9868010,active,2026-09-28,no,OurAirports
OCE,IATA,Ocean City Municipal Airport,38.3103980,-75.1240010,active,2026-09-28,no,OurAirports
OCJ,IATA,Ian Fleming International Airport,18.4040790,-76.9697540,active,2026-09-28,no,OurAirports
OCS,IATA,Corisco International Airport,0.9109370,9.3302700,active,2026-09-28,no,OurAirports
ODB,IATA,Córdoba Airport,37.8419990,-4.8488800,active,2026-09-28,no,OurAirports
ODE,IATA,Odense Hans Christian Andersen Airport,55.4753070,10.3272060,active,2026-09-28,no,OurAirports
ODN,IATA,Long Seridan Airport,3.9760870,115.0673030,active,2026-09-28,no,OurAirports
ODO,IATA,Bodaybo Airport,57.8661003,114.2429962,active,2026-09-28,no,OurAirports
ODY,IATA,Oudomsay Airport,20.6826992,101.9940033,active,2026-09-28,no,OurAirports
OEC,IATA,Oecusse Route of the Sandalwood International Airport,-9.1984190,124.3378730,active,2026-09-28,no,OurAirports
OER,IATA,Örnsköldsvik Airport,63.4082985,18.9899998,active,2026-09-28,no,OurAirports
OES,IATA,Antoine de Saint Exupéry Airport,-40.7512000,-65.0343000,active,2026-09-28,no,OurAirports
OFU,IATA,Ofu Airport,-14.1844000,-169.6699980,active,2026-09-28,no,OurAirports
OGD,IATA,Ogden Hinckley Airport,41.1959000,-112.0120010,active,2026-09-28,no,OurAirports
OGG,IATA,Kahului International Airport,20.8962630,-156.4318370,active,2026-09-28,no,OurAirports
OGL,IATA,Eugene F. Correia International Airport,6.8058810,-58.1076570,active,2026-09-28,no,OurAirports
OGN,IATA,Yonaguni Airport,24.4672980,122.9798270,active,2026-09-28,no,OurAirports
OGS,IATA,Ogdensburg International Airport,44.6819000,-75.4655000,active,2026-09-28,no,OurAirports
OGU,IATA,Ordu–Giresun Airport,40.9668720,38.0859950,active,2026-09-28,no,OurAirports
OGX,IATA,Ain Beida Airport,31.9172000,5.4127800,active,2026-09-28,no,OurAirports
OGZ,IATA,Vladikavkaz Beslan International Airport,43.2051010,44.6066020,active,2026-09-28,no,OurAirports
OHD,IATA,Ohrid St. Paul the Apostle Airport,41.1800000,20.7423000,active,2026-09-28,no,OurAirports
OHE,IATA,Mohe Gulian Airport,52.9168710,122.4227590,active,2026-09-28,no,OurAirports
OHO,IATA,Okhotsk Airport,59.4100650,143.0565030,active,2026-09-28,no,OurAirports
OHS,IATA,Suhar International Airport,24.3860400,56.6254100,active,2026-09-28,no,OurAirports
OIM,IATA,Oshima Airport,34.7820015,139.3600006,active,2026-09-28,no,OurAirports
OIR,IATA,Okushiri Airport,42.0717010,139.4329987,active,2026-09-28,no,OurAirports
OIT,IATA,Oita Airport,33.4794006,131.7369995,active,2026-09-28,no,OurAirports
OJU,IATA,Tanjung Api Airport,-0.8654370,121.6286250,active,2026-09-28,no,OurAirports
OKA,IATA,Naha International Airport,26.1924370,127.6398040,active,2026-09-28,no,OurAirports
OKC,IATA,OKC Will Rogers World Airport,35.3933880,-97.5982480,active,2026-09-28,no,OurAirports
OKD,IATA,Sapporo Okadama Airport,43.1174470,141.3813400,active,2026-09-28,no,OurAirports
OKE,IATA,Okinoerabu Airport,27.4316040,128.7055640,active,2026-09-28,no,OurAirports
OKI,IATA,Oki Global Geopark Airport,36.1783880,133.3235660,active,2026-09-28,no,OurAirports
OKJ,IATA,Okayama Momotaro Airport,34.7569010,133.8549960,active,2026-09-28,no,OurAirports
OKL,IATA,Oksibil Airport,-4.9071000,140.6277000,active,2026-09-28,no,OurAirports
OKR,IATA,Yorke Island Airport,-9.7528010,143.4056730,active,2026-09-28,no,OurAirports
OKY,IATA,Oakey Army Aviation Centre,-27.4092620,151.7367270,active,2026-09-28,no,OurAirports
OLA,IATA,Ørland Airport,63.6988983,9.6040001,active,2026-09-28,no,OurAirports
OLB,IATA,Olbia Costa Smeralda Airport,40.8989530,9.5184570,active,2026-09-28,no,OurAirports
OLF,IATA,L M Clayton Airport,48.0945010,-105.5749970,active,2026-09-28,no,OurAirports
OLH,IATA,Old Harbor Airport,57.2181020,-153.2700040,active,2026-09-28,no,OurAirports
OLJ,IATA,North West Santo Airport,-14.8816996,166.5579987,active,2026-09-28,no,OurAirports
OLM,IATA,Olympia Regional Airport,46.9693990,-122.9030000,active,2026-09-28,no,OurAirports
OLP,IATA,Olympic Dam Airport,-30.4838610,136.8766990,active,2026-09-28,no,OurAirports
OLZ,IATA,Olyokminsk Airport,60.4018330,120.4760940,active,2026-09-28,no,OurAirports
OMA,IATA,Eppley Airfield,41.3032000,-95.8940960,active,2026-09-28,no,OurAirports
OMD,IATA,Oranjemund Airport,-28.5853180,16.4463800,active,2026-09-28,no,OurAirports
OME,IATA,Nome Airport,64.5121994,-165.4450073,active,2026-09-28,no,OurAirports
OMH,IATA,Urmia Airport,37.6680984,45.0686989,active,2026-09-28,no,OurAirports
OMN,IATA,Zomin Airport,40.0140200,68.4110300,active,2026-09-28,no,OurAirports
OMO,IATA,Mostar International Airport,43.2824890,17.8461010,active,2026-09-28,no,OurAirports
OMR,IATA,Oradea International Airport,47.0252990,21.9025000,active,2026-09-28,no,OurAirports
OMS,IATA,Omsk Central Airport,54.9631240,73.3124180,active,2026-09-28,no,OurAirports
OND,IATA,Ondangwa Airport,-17.8782010,15.9526000,active,2026-09-28,no,OurAirports
ONG,IATA,Mornington Island Airport,-16.6625004,139.1779938,active,2026-09-28,no,OurAirports
ONJ,IATA,Odate Noshiro Airport,40.1918980,140.3710020,active,2026-09-28,no,OurAirports
ONQ,IATA,Zonguldak Çaycuma Airport,41.5064010,32.0886000,active,2026-09-28,no,OurAirports
ONT,IATA,Ontario International Airport,34.0560000,-117.6009980,active,2026-09-28,no,OurAirports
ONX,IATA,Enrique Adolfo Jimenez Airport,9.3566400,-79.8674010,active,2026-09-28,no,OurAirports
OOK,IATA,Toksook Bay Airport,60.5414010,-165.0870060,active,2026-09-28,no,OurAirports
OOL,IATA,Gold Coast Airport,-28.1659620,153.5066410,active,2026-09-28,no,OurAirports
OOM,IATA,Cooma Snowy Mountains Airport,-36.3004450,148.9724080,active,2026-09-28,no,OurAirports
OPF,IATA,Miami-Opa Locka Executive Airport,25.9070000,-80.2783970,active,2026-09-28,no,OurAirports
OPO,IATA,Francisco de Sá Carneiro Airport,41.2481003,-8.6813898,active,2026-09-28,no,OurAirports
OPP,IATA,Salinópolis Airport,-0.6961110,-47.3361110,active,2026-09-28,no,OurAirports
OPS,IATA,Presidente João Batista Figueiredo Airport,-11.8850010,-55.5861090,active,2026-09-28,no,OurAirports
OPU,IATA,Balimo Airport,-8.0500002,142.9329987,active,2026-09-28,no,OurAirports
ORB,IATA,Örebro Airport,59.2237015,15.0380001,active,2026-09-28,no,OurAirports
ORD,IATA,Chicago O'Hare International Airport,41.9786000,-87.9048000,active,2026-09-28,no,OurAirports
ORF,IATA,Norfolk International Airport,36.8953410,-76.2010000,active,2026-09-28,no,OurAirports
ORG,IATA,Zorg en Hoop Airport,5.8112110,-55.1922990,active,2026-09-28,no,OurAirports
ORH,IATA,Worcester Regional Airport,42.2673000,-71.8757020,active,2026-09-28,no,OurAirports
ORI,IATA,Port Lions Airport,57.8849050,-152.8477190,active,2026-09-28,no,OurAirports
ORK,IATA,Cork International Airport,51.8413010,-8.4911100,active,2026-09-28,no,OurAirports
ORN,IATA,Oran Es-Sénia (Ahmed Ben Bella) International Airport,35.6206480,-0.6224860,active,2026-09-28,no,OurAirports
ORT,IATA,Northway Airport,62.9613000,-141.9290010,active,2026-09-28,no,OurAirports
ORU,IATA,Juan Mendoza International Airport,-17.9561510,-67.0758290,active,2026-09-28,no,OurAirports
ORV,IATA,Robert (Bob) Curtis Memorial Airport,66.8179020,-161.0189970,active,2026-09-28,no,OurAirports
ORY,IATA,Paris-Orly Airport,48.7294990,2.3589630,active,2026-09-28,no,OurAirports
ORZ,IATA,H.E Alfredo Martinez (Tower Hill) Airstrip,18.0467670,-88.5838580,active,2026-09-28,no,OurAirports
OSD,IATA,Åre Östersund Airport,63.1935460,14.5041680,active,2026-09-28,no,OurAirports
OSI,IATA,Osijek Airport,45.4623550,18.8112780,active,2026-09-28,no,OurAirports
OSL,IATA,Oslo-Gardermoen International Airport,60.1939010,11.1004000,active,2026-09-28,no,OurAirports
OSR,IATA,Leoš Janáček Airport Ostrava,49.6963010,18.1110990,active,2026-09-28,no,OurAirports
OSS,IATA,Osh International Airport,40.6090010,72.7932970,active,2026-09-28,no,OurAirports
OST,IATA,Ostend-Bruges International Airport,51.1998000,2.8746730,active,2026-09-28,no,OurAirports
OSW,IATA,Orsk Airport,51.0724980,58.5956000,active,2026-09-28,no,OurAirports
OSY,IATA,Namsos Airport,64.4721980,11.5786000,active,2026-09-28,no,OurAirports
OTD,IATA,Raul Arias Espinoza Airport,8.6287600,-79.0346980,active,2026-09-28,no,OurAirports
OTH,IATA,Southwest Oregon Regional Airport,43.4170990,-124.2460022,active,2026-09-28,no,OurAirports
OTP,IATA,Bucharest Henri Coandă International Airport,44.5717920,26.1032850,active,2026-09-28,no,OurAirports
OTS,IATA,Anacortes Airport,48.4985130,-122.6625130,active,2026-09-28,no,OurAirports
OTZ,IATA,Ralph Wien Memorial Airport,66.8846970,-162.5989990,active,2026-09-28,no,OurAirports
OUA,IATA,Ouagadougou Thomas Sankara International Airport,12.3532000,-1.5124200,active,2026-09-28,no,OurAirports
OUD,IATA,Oujda Angads Airport,34.7895580,-1.9260410,active,2026-09-28,no,OurAirports
OUI,IATA,Ouessant Airport,48.4632000,-5.0635800,active,2026-09-28,no,OurAirports
OUL,IATA,Oulu Airport,64.9300990,25.3546010,active,2026-09-28,no,OurAirports
OUZ,IATA,Tazadit Airport,22.7573450,-12.4822280,active,2026-09-28,no,OurAirports
OVB,IATA,Novosibirsk Tolmachevo Airport,55.0197560,82.6186750,active,2026-09-28,no,OurAirports
OVD,IATA,Asturias Airport,43.5635990,-6.0346200,active,2026-09-28,no,OurAirports
OVS,IATA,Sovetskiy Airport,61.3266220,63.6019135,active,2026-09-28,no,OurAirports
OWB,IATA,Owensboro Daviess County Airport,37.7401009,-87.1668014,active,2026-09-28,no,OurAirports
OXB,IATA,Osvaldo Vieira International Airport,11.8942620,-15.6535960,active,2026-09-28,no,OurAirports
OYE,IATA,Oyem Airport,1.5431100,11.5813999,active,2026-09-28,no,OurAirports
OZC,IATA,Labo Airport,8.1785100,123.8420030,active,2026-09-28,no,OurAirports
OZG,IATA,Zagora Airport,30.2657880,-5.8608080,active,2026-09-28,no,OurAirports
OZZ,IATA,Ouarzazate International Airport,30.9391000,-6.9094300,active,2026-09-28,no,OurAirports
PAB,IATA,Bilaspur Airport,21.9884000,82.1110000,active,2026-09-28,no,OurAirports
PAC,IATA,Marcos A. Gelabert International Airport,8.9733400,-79.5556030,active,2026-09-28,no,OurAirports
PAD,IATA,Paderborn Lippstadt Airport,51.6125270,8.6174590,active,2026-09-28,no,OurAirports
PAE,IATA,Seattle Paine Field International Airport,47.9063000,-122.2819980,active,2026-09-28,no,OurAirports
PAG,IATA,Pagadian Airport,7.8256320,123.4596350,active,2026-09-28,no,OurAirports
PAH,IATA,Barkley Regional Airport,37.0607986,-88.7738037,active,2026-09-28,no,OurAirports
PAP,IATA,Toussaint Louverture International Airport,18.5800230,-72.2925960,active,2026-09-28,no,OurAirports
PAS,IATA,Paros National Airport,37.0204950,25.1131950,active,2026-09-28,no,OurAirports
PAT,IATA,Jay Prakash Narayan Airport,25.5912990,85.0879970,active,2026-09-28,no,OurAirports
PAV,IATA,Paulo Afonso Airport,-9.4008800,-38.2505990,active,2026-09-28,no,OurAirports
PAZ,IATA,El Tajín National Airport,20.6026993,-97.4608002,active,2026-09-28,no,OurAirports
PBC,IATA,Hermanos Serdán International Airport,19.1584650,-98.3715820,active,2026-09-28,no,OurAirports
PBD,IATA,Porbandar Airport,21.6495240,69.6564050,active,2026-09-28,no,OurAirports
PBG,IATA,Plattsburgh International Airport,44.6509020,-73.4681020,active,2026-09-28,no,OurAirports
PBH,IATA,Paro International Airport,27.4032000,89.4245990,active,2026-09-28,no,OurAirports
PBJ,IATA,Tavie Airport,-16.4319550,168.2355110,active,2026-09-28,no,OurAirports
PBM,IATA,Johan Adolf Pengel International Airport,5.4528300,-55.1878010,active,2026-09-28,no,OurAirports
PBO,IATA,Paraburdoo Airport,-23.1711006,117.7450027,active,2026-09-28,no,OurAirports
PBR,IATA,Puerto Barrios Airport,15.7309000,-88.5838010,active,2026-09-28,no,OurAirports
PBU,IATA,Putao Airport,27.3299007,97.4263000,active,2026-09-28,no,OurAirports
PCL,IATA,Cap FAP David Abenzur Rengifo International Airport,-8.3780640,-74.5744950,active,2026-09-28,no,OurAirports
PCN,IATA,Picton Aerodrome,-41.3460999,173.9559937,active,2026-09-28,no,OurAirports
PCP,IATA,Principe Airport,1.6611550,7.4110810,active,2026-09-28,no,OurAirports
PCR,IATA,German Olano Airport,6.1847200,-67.4932000,active,2026-09-28,no,OurAirports
PDA,IATA,Obando Cesar Gaviria Trujillo Airport,3.8535300,-67.9062000,active,2026-09-28,no,OurAirports
PDB,IATA,Pedro Bay Airport,59.7969250,-154.1299940,active,2026-09-28,no,OurAirports
PDG,IATA,Minangkabau International Airport,-0.7859640,100.2803840,active,2026-09-28,no,OurAirports
PDK,IATA,DeKalb Peachtree Airport,33.8763300,-84.3021300,active,2026-09-28,no,OurAirports
PDL,IATA,João Paulo II Airport,37.7411995,-25.6979008,active,2026-09-28,no,OurAirports
PDM,IATA,Capt. J. Montenegro Airport,7.5348010,-80.0433470,active,2026-09-28,no,OurAirports
PDO,IATA,Pendopo Airport,-3.2860701,103.8799973,active,2026-09-28,no,OurAirports
PDP,IATA,Capitan Corbeta CA Curbelo International Airport,-34.8550990,-55.0942990,active,2026-09-28,no,OurAirports
PDS,IATA,Piedras Negras International Airport,28.6278730,-100.5352400,active,2026-09-28,no,OurAirports
PDT,IATA,Eastern Oregon Regional Airport at Pendleton,45.6950990,-118.8410030,active,2026-09-28,no,OurAirports
PDV,IATA,Plovdiv International Airport,42.0677990,24.8508000,active,2026-09-28,no,OurAirports
PDX,IATA,Portland International Airport,45.5886990,-122.5980000,active,2026-09-28,no,OurAirports
PEC,IATA,Pelican Seaplane Base,57.9552000,-136.2359920,active,2026-09-28,no,OurAirports
PED,IATA,Pardubice Airport,50.0150490,15.7398100,active,2026-09-28,no,OurAirports
PEE,IATA,Perm International Airport,57.9145010,56.0211980,active,2026-09-28,no,OurAirports
PEG,IATA,Perugia San Francesco d'Assisi – Umbria International Airport,43.0959010,12.5132000,active,2026-09-28,no,OurAirports
PEI,IATA,Matecaña International Airport,4.8126700,-75.7395000,active,2026-09-28,no,OurAirports
PEK,IATA,Beijing Capital International Airport,40.0773490,116.5967020,active,2026-09-28,no,OurAirports
PEM,IATA,Padre Aldamiz International Airport,-12.6135998,-69.2285995,active,2026-09-28,no,OurAirports
PEN,IATA,Penang International Airport,5.2963030,100.2761850,active,2026-09-28,no,OurAirports
PER,IATA,Perth International Airport,-31.9403000,115.9670029,active,2026-09-28,no,OurAirports
PES,IATA,Petrozavodsk Airport,61.8852010,34.1547010,active,2026-09-28,no,OurAirports
PET,IATA,João Simões Lopes Neto International Airport,-31.7171890,-52.3277960,active,2026-09-28,no,OurAirports
PEU,IATA,Puerto Lempira Airport,15.2622000,-83.7811970,active,2026-09-28,no,OurAirports
PEV,IATA,Pécs-Pogány International Airport,45.9888910,18.2420440,active,2026-09-28,no,OurAirports
PEW,IATA,Bacha Khan International Airport,33.9939000,71.5146030,active,2026-09-28,no,OurAirports
PEX,IATA,Pechora Airport,65.1211010,57.1307980,active,2026-09-28,no,OurAirports
PEZ,IATA,Penza Airport,53.1106000,45.0210990,active,2026-09-28,no,OurAirports
PFB,IATA,Lauro Kurtz Airport,-28.2439760,-52.3277700,active,2026-09-28,no,OurAirports
PFO,IATA,Paphos International Airport,34.7179990,32.4856990,active,2026-09-28,no,OurAirports
PFQ,IATA,Parsabad-Moghan Airport,39.6036000,47.8815000,active,2026-09-28,no,OurAirports
PFR,IATA,Ilebo Airport,-4.3299190,20.5901240,active,2026-09-28,no,OurAirports
PGA,IATA,Page Municipal Airport,36.9242340,-111.4477160,active,2026-09-28,no,OurAirports
PGD,IATA,Punta Gorda Airport,26.9202000,-81.9905010,active,2026-09-28,no,OurAirports
PGF,IATA,Perpignan-Rivesaltes (Llabanère) Airport,42.7403980,2.8706700,active,2026-09-28,no,OurAirports
PGH,IATA,Pantnagar Airport,29.0334000,79.4737010,active,2026-09-28,no,OurAirports
PGK,IATA,Depati Amir Airport,-2.1622000,106.1390000,active,2026-09-28,no,OurAirports
PGM,IATA,Port Graham Airport,59.3483550,-151.8300250,active,2026-09-28,no,OurAirports
PGU,IATA,Persian Gulf International Airport,27.3796010,52.7377010,active,2026-09-28,no,OurAirports
PGV,IATA,Pitt-Greenville Airport,35.6355350,-77.3842620,active,2026-09-28,no,OurAirports
PGZ,IATA,Ponta Grossa Airport - Comandante Antonio Amilton Beraldo,-25.1844760,-50.1438220,active,2026-09-28,no,OurAirports
PHB,IATA,Parnaíba - Prefeito Doutor João Silva Filho International Airport,-2.8937500,-41.7319980,active,2026-09-28,no,OurAirports
PHC,IATA,Port Harcourt International Airport,5.0154900,6.9495900,active,2026-09-28,no,OurAirports
PHE,IATA,Port Hedland International Airport,-20.3827870,118.6297890,active,2026-09-28,no,OurAirports
PHF,IATA,Newport News Williamsburg International Airport,37.1319010,-76.4929960,active,2026-09-28,no,OurAirports
PHG,IATA,Port Harcourt City Airport / Port Harcourt Air Force Base,4.8461110,7.0213890,active,2026-09-28,no,OurAirports
PHH,IATA,Pokhara International Airport,28.1838000,84.0147000,active,2026-09-28,no,OurAirports
PHL,IATA,Philadelphia International Airport,39.8718990,-75.2410960,active,2026-09-28,no,OurAirports
PHO,IATA,Point Hope Airport,68.3488010,-166.7989960,active,2026-09-28,no,OurAirports
PHS,IATA,Phitsanulok Airport,16.7829000,100.2789990,active,2026-09-28,no,OurAirports
PHW,IATA,Hendrik Van Eck Airport,-23.9372005,31.1553993,active,2026-09-28,no,OurAirports
PHX,IATA,Phoenix Sky Harbor International Airport,33.4353020,-112.0059050,active,2026-09-28,no,OurAirports
PHY,IATA,Phetchabun Airport,16.6760006,101.1949997,active,2026-09-28,no,OurAirports
PIA,IATA,General Wayne A. Downing Peoria International Airport,40.6638410,-89.6926310,active,2026-09-28,no,OurAirports
PIB,IATA,Hattiesburg Laurel Regional Airport,31.4671000,-89.3370970,active,2026-09-28,no,OurAirports
PIE,IATA,St. Petersburg Clearwater International Airport,27.9102000,-82.6874010,active,2026-09-28,no,OurAirports
PIH,IATA,Pocatello Regional Airport,42.9098015,-112.5960007,active,2026-09-28,no,OurAirports
PIK,IATA,Glasgow Prestwick Airport,55.5014990,-4.5771820,active,2026-09-28,no,OurAirports
PIP,IATA,Pilot Point Airport,57.5803990,-157.5720060,active,2026-09-28,no,OurAirports
PIR,IATA,Pierre Regional Airport,44.3827019,-100.2860031,active,2026-09-28,no,OurAirports
PIS,IATA,Poitiers-Biard Airport,46.5877000,0.3066660,active,2026-09-28,no,OurAirports
PIT,IATA,Pittsburgh International Airport,40.4915010,-80.2329030,active,2026-09-28,no,OurAirports
PIU,IATA,PAF Captain Guillermo Concha Iberico International Airport,-5.2057500,-80.6164020,active,2026-09-28,no,OurAirports
PIX,IATA,Pico Airport,38.5542980,-28.4412990,active,2026-09-28,no,OurAirports
PIZ,IATA,Point Lay LRRS Airport,69.7329030,-163.0050050,active,2026-09-28,no,OurAirports
PJA,IATA,Pajala Airport,67.2445690,23.0748940,active,2026-09-28,no,OurAirports
PJM,IATA,Puerto Jimenez Airport,8.5333300,-83.3000031,active,2026-09-28,no,OurAirports
PKA,IATA,Napaskiak Airport,60.7029000,-161.7780000,active,2026-09-28,no,OurAirports
PKB,IATA,Mid Ohio Valley Regional Airport,39.3451000,-81.4392010,active,2026-09-28,no,OurAirports
PKC,IATA,Yelizovo Airport,53.1687160,158.4510680,active,2026-09-28,no,OurAirports
PKE,IATA,Parkes Airport,-33.1314011,148.2389984,active,2026-09-28,no,OurAirports
PKG,IATA,Pulau Pangkor Airport,4.2447200,100.5530014,active,2026-09-28,no,OurAirports
PKN,IATA,Iskandar Airport,-2.7052000,111.6729970,active,2026-09-28,no,OurAirports
PKP,IATA,Puka Puka Airport,-14.8095500,-138.8126210,active,2026-09-28,no,OurAirports
PKR,IATA,Pokhara Domestic Airport,28.2006210,83.9812030,active,2026-09-28,no,OurAirports
PKU,IATA,Sultan Syarif Kasim II International Airport / Roesmin Nurjadin AFB,0.4586470,101.4443210,active,2026-09-28,no,OurAirports
PKV,IATA,Princess Olga Pskov International Airport,57.7813160,28.3938400,active,2026-09-28,no,OurAirports
PKX,IATA,Beijing Daxing International Airport,39.5012890,116.4139670,active,2026-09-28,no,OurAirports
PKY,IATA,Tjilik Riwut Airport,-2.2271460,113.9433880,active,2026-09-28,no,OurAirports
PKZ,IATA,Pakse International Airport,15.1339730,105.7798710,active,2026-09-28,no,OurAirports
PLJ,IATA,Placencia Airport,16.5369570,-88.3615110,active,2026-09-28,no,OurAirports
PLM,IATA,Sultan Mahmud Badaruddin II Airport,-2.8976530,104.6981470,active,2026-09-28,no,OurAirports
PLN,IATA,Pellston Regional Airport of Emmet County Airport,45.5709000,-84.7966995,active,2026-09-28,no,OurAirports
PLO,IATA,Port Lincoln Airport,-34.6053009,135.8800049,active,2026-09-28,no,OurAirports
PLQ,IATA,Palanga International Airport,55.9732020,21.0939010,active,2026-09-28,no,OurAirports
PLS,IATA,Providenciales International Airport,21.7736970,-72.2683210,active,2026-09-28,no,OurAirports
PLW,IATA,Mutiara - SIS Al-Jufrie Airport,-0.9164620,119.9086470,active,2026-09-28,no,OurAirports
PLX,IATA,Semei International Airport,50.3512950,80.2343980,active,2026-09-28,no,OurAirports
PLZ,IATA,Chief Dawid Stuurman International Airport,-33.9897150,25.6173530,active,2026-09-28,no,OurAirports
PMC,IATA,El Tepual International Airport,-41.4430930,-73.0940650,active,2026-09-28,no,OurAirports
PMF,IATA,Parma Airport,44.8263510,10.2970500,active,2026-09-28,no,OurAirports
PMG,IATA,Ponta Porã Airport,-22.5496010,-55.7025990,active,2026-09-28,no,OurAirports
PMI,IATA,Palma de Mallorca Airport,39.5517010,2.7388100,active,2026-09-28,no,OurAirports
PMK,IATA,Palm Island Airport,-18.7553010,146.5809940,active,2026-09-28,no,OurAirports
PMO,IATA,Falcone–Borsellino Airport,38.1759990,13.0910000,active,2026-09-28,no,OurAirports
PMQ,IATA,Perito Moreno Jalil Hamer Airport,-46.5378990,-70.9786990,active,2026-09-28,no,OurAirports
PMR,IATA,Palmerston North Airport,-40.3205990,175.6170040,active,2026-09-28,no,OurAirports
PMV,IATA,Del Caribe Santiago Mariño International Airport,10.9126030,-63.9665990,active,2026-09-28,no,OurAirports
PMW,IATA,Brigadeiro Lysias Rodrigues Airport,-10.2915000,-48.3569980,active,2026-09-28,no,OurAirports
PMY,IATA,El Tehuelche Airport,-42.7592000,-65.1027000,active,2026-09-28,no,OurAirports
PNA,IATA,Pamplona Airport,42.7700000,-1.6463300,active,2026-09-28,no,OurAirports
PND,IATA,Punta Gorda Airport,16.1024000,-88.8082960,active,2026-09-28,no,OurAirports
PNI,IATA,Pohnpei International Airport,6.9850820,158.2099200,active,2026-09-28,no,OurAirports
PNK,IATA,Supadio International Airport,-0.1522580,109.4044930,active,2026-09-28,no,OurAirports
PNL,IATA,Pantelleria Airport,36.8165020,11.9689000,active,2026-09-28,no,OurAirports
PNP,IATA,Girua Airport,-8.8045397,148.3090057,active,2026-09-28,no,OurAirports
PNQ,IATA,Pune International Airport,18.5821000,73.9197010,active,2026-09-28,no,OurAirports
PNR,IATA,Antonio Agostinho-Neto International Airport,-4.8160300,11.8866000,active,2026-09-28,no,OurAirports
PNS,IATA,Pensacola International Airport,30.4727180,-87.1866390,active,2026-09-28,no,OurAirports
PNT,IATA,Lieutenant Julio Gallardo Airport,-51.6706700,-72.5290780,active,2026-09-28,no,OurAirports
PNY,IATA,Pondicherry Airport,11.9680000,79.8120000,active,2026-09-28,no,OurAirports
PNZ,IATA,Senador Nilo Coelho Airport,-9.3624220,-40.5690980,active,2026-09-28,no,OurAirports
POA,IATA,Porto Alegre-Salgado Filho International Airport,-29.9939840,-51.1674820,active,2026-09-28,no,OurAirports
POG,IATA,Port Gentil International Airport,-0.7117390,8.7543800,active,2026-09-28,no,OurAirports
POL,IATA,Pemba Airport,-12.9933020,40.5248670,active,2026-09-28,no,OurAirports
POM,IATA,Port Moresby Jacksons International Airport,-9.4433804,147.2200012,active,2026-09-28,no,OurAirports
POP,IATA,Gregorio Luperon International Airport,19.7579000,-70.5700000,active,2026-09-28,no,OurAirports
POR,IATA,Pori Airport,61.4617000,21.7999990,active,2026-09-28,no,OurAirports
POS,IATA,Piarco International Airport,10.5953500,-61.3375680,active,2026-09-28,no,OurAirports
POZ,IATA,Poznań-Ławica Airport,52.4215980,16.8233590,active,2026-09-28,no,OurAirports
PPB,IATA,Presidente Prudente Airport,-22.1751000,-51.4245990,active,2026-09-28,no,OurAirports
PPE,IATA,Mar de Cortés International Airport,31.3519870,-113.3051770,active,2026-09-28,no,OurAirports
PPG,IATA,Pago Pago International Airport,-14.3310000,-170.7100070,active,2026-09-28,no,OurAirports
PPK,IATA,Petropavl International Airport,54.7756220,69.1874150,active,2026-09-28,no,OurAirports
PPN,IATA,Guillermo León Valencia Airport,2.4543590,-76.6092530,active,2026-09-28,no,OurAirports
PPP,IATA,Proserpine Whitsunday Coast Airport,-20.4944160,148.5535830,active,2026-09-28,no,OurAirports
PPS,IATA,Puerto Princesa International Airport / PAF Antonio Bautista Air Base,9.7420440,118.7591100,active,2026-09-28,no,OurAirports
PPT,IATA,Fa'a'ā International Airport,-17.5534720,-149.6069360,active,2026-09-28,no,OurAirports
PPV,IATA,Port Protection Seaplane Base,56.3288000,-133.6100010,active,2026-09-28,no,OurAirports
PPW,IATA,Papa Westray Airport,59.3510120,-2.9003530,active,2026-09-28,no,OurAirports
PQC,IATA,Phú Quốc International Airport,10.1697830,103.9935300,active,2026-09-28,no,OurAirports
PQI,IATA,Presque Isle International Airport,46.6889990,-68.0448000,active,2026-09-28,no,OurAirports
PQQ,IATA,Port Macquarie Airport,-31.4358006,152.8630066,active,2026-09-28,no,OurAirports
PQS,IATA,Pilot Station Airport,61.9616900,-162.9419440,active,2026-09-28,no,OurAirports
PQT,IATA,Qeqertaq Heliport,69.9958610,-51.3009170,active,2026-09-28,no,OurAirports
PRA,IATA,General Urquiza Airport,-31.7948000,-60.4804000,active,2026-09-28,no,OurAirports
PRC,IATA,Prescott Regional Airport - Ernest A. Love Field,34.6535020,-112.4198830,active,2026-09-28,no,OurAirports
PRG,IATA,Václav Havel Airport Prague,50.1008740,14.2599110,active,2026-09-28,no,OurAirports
PRI,IATA,Praslin Island Airport,-4.3192560,55.6915610,active,2026-09-28,no,OurAirports
PRM,IATA,Portimão Airport,37.1493000,-8.5839600,active,2026-09-28,no,OurAirports
PRN,IATA,Priština Adem Jashari International Airport,42.5728000,21.0358010,active,2026-09-28,no,OurAirports
PSA,IATA,Pisa International Airport,43.6838990,10.3927000,active,2026-09-28,no,OurAirports
PSC,IATA,Tri Cities Airport,46.2647020,-119.1190030,active,2026-09-28,no,OurAirports
PSD,IATA,Port Said International Airport,31.2792850,32.2405820,active,2026-09-28,no,OurAirports
PSE,IATA,Mercedita International Airport,18.0083010,-66.5630040,active,2026-09-28,no,OurAirports
PSG,IATA,Petersburg James A Johnson Airport,56.8017006,-132.9450073,active,2026-09-28,no,OurAirports
PSM,IATA,Portsmouth International Airport at Pease,43.0779000,-70.8233030,active,2026-09-28,no,OurAirports
PSO,IATA,Antonio Nariño Airport,1.3967220,-77.2909300,active,2026-09-28,no,OurAirports
PSP,IATA,Palm Springs International Airport,33.8297000,-116.5070040,active,2026-09-28,no,OurAirports
PSR,IATA,Abruzzo Airport,42.4310790,14.1829810,active,2026-09-28,no,OurAirports
PSS,IATA,Libertador Gral D Jose De San Martin Airport,-27.3858000,-55.9707000,active,2026-09-28,no,OurAirports
PSU,IATA,Pangsuma Airport,0.8345790,112.9402170,active,2026-09-28,no,OurAirports
PSY,IATA,Port Stanley Airport,-51.6856990,-57.7775990,active,2026-09-28,no,OurAirports
PSZ,IATA,Capitán Av. Salvador Ogaya G. airport,-18.9753010,-57.8205990,active,2026-09-28,no,OurAirports
PTA,IATA,Port Alsworth Airport,60.2016810,-154.3258630,active,2026-09-28,no,OurAirports
PTD,IATA,Port Alexander Seaplane Base,56.2467990,-134.6479950,active,2026-09-28,no,OurAirports
PTF,IATA,Malolo Lailai Island Airport,-17.7784480,177.1969960,active,2026-09-28,no,OurAirports
PTG,IATA,Polokwane International Airport,-23.8452690,29.4586150,active,2026-09-28,no,OurAirports
PTH,IATA,Port Heiden Airport,56.9578930,-158.6302190,active,2026-09-28,no,OurAirports
PTJ,IATA,Portland Airport,-38.3181000,141.4709930,active,2026-09-28,no,OurAirports
PTO,IATA,Juvenal Loureiro Cardoso Airport,-26.2171840,-52.6944630,active,2026-09-28,no,OurAirports
PTP,IATA,Maryse Condé International Airport,16.2654430,-61.5327540,active,2026-09-28,no,OurAirports
PTU,IATA,Platinum Airport,59.0176750,-161.8279270,active,2026-09-28,no,OurAirports
PTY,IATA,Tocumen International Airport,9.0713600,-79.3834990,active,2026-09-28,no,OurAirports
PUB,IATA,Pueblo Memorial Airport,38.2891010,-104.4970020,active,2026-09-28,no,OurAirports
PUD,IATA,Puerto Deseado Airport,-47.7353000,-65.9041000,active,2026-09-28,no,OurAirports
PUF,IATA,Pau Pyrénées Airport,43.3800010,-0.4186110,active,2026-09-28,no,OurAirports
PUG,IATA,Port Augusta Airport,-32.5069008,137.7169952,active,2026-09-28,no,OurAirports
PUJ,IATA,Punta Cana International Airport,18.5670930,-68.3645580,active,2026-09-28,no,OurAirports
PUQ,IATA,President Carlos Ibáñez International Airport,-53.0026020,-70.8545990,active,2026-09-28,no,OurAirports
PUR,IATA,Puerto Rico Airport,-11.1076630,-67.5511550,active,2026-09-28,no,OurAirports
PUS,IATA,Gimhae International Airport,35.1795010,128.9380040,active,2026-09-28,no,OurAirports
PUU,IATA,Tres De Mayo Airport,0.5052280,-76.5008000,active,2026-09-28,no,OurAirports
PUW,IATA,Pullman-Moscow Regional Airport,46.7416010,-117.1116300,active,2026-09-28,no,OurAirports
PUY,IATA,Pula Airport,44.8935010,13.9222000,active,2026-09-28,no,OurAirports
PUZ,IATA,Puerto Cabezas Airport,14.0472002,-83.3867035,active,2026-09-28,no,OurAirports
PVA,IATA,El Embrujo Airport,13.3574610,-81.3579770,active,2026-09-28,no,OurAirports
PVD,IATA,Rhode Island T. F. Green International Airport,41.7250380,-71.4256680,active,2026-09-28,no,OurAirports
PVG,IATA,Shanghai Pudong International Airport,31.1434000,121.8050000,active,2026-09-28,no,OurAirports
PVH,IATA,Governador Jorge Teixeira de Oliveira International Airport,-8.7084910,-63.9023380,active,2026-09-28,no,OurAirports
PVK,IATA,Aktion National Airport,38.9254990,20.7653010,active,2026-09-28,no,OurAirports
PVR,IATA,Puerto Vallarta International Airport,20.6799130,-105.2543910,active,2026-09-28,no,OurAirports
PVU,IATA,Provo Municipal Airport,40.2188940,-111.7224450,active,2026-09-28,no,OurAirports
PWE,IATA,Pevek Airport,69.7833020,170.5970000,active,2026-09-28,no,OurAirports
PWM,IATA,Portland International Jetport,43.6461980,-70.3093030,active,2026-09-28,no,OurAirports
PWQ,IATA,Pavlodar International Airport,52.1949820,77.0730880,active,2026-09-28,no,OurAirports
PXH,IATA,Prominent Hill Airport,-29.7160000,135.5244000,active,2026-09-28,no,OurAirports
PXM,IATA,Puerto Escondido International Airport,15.8768080,-97.0891000,active,2026-09-28,no,OurAirports
PXO,IATA,Porto Santo Airport,33.0733986,-16.3500004,active,2026-09-28,no,OurAirports
PXR,IATA,Surin Airport,14.8683004,103.4980011,active,2026-09-28,no,OurAirports
PXU,IATA,Pleiku Airport,14.0045004,108.0169983,active,2026-09-28,no,OurAirports
PYJ,IATA,Polyarny Airport,66.4003980,112.0299990,active,2026-09-28,no,OurAirports
PYK,IATA,Payam International Airport,35.7761000,50.8266980,active,2026-09-28,no,OurAirports
PYT,IATA,Pedro Rabelo de Souza Airport,-17.2425990,-46.8830990,active,2026-09-28,no,OurAirports
PZB,IATA,Pietermaritzburg Airport,-29.6490002,30.3987007,active,2026-09-28,no,OurAirports
PZE,IATA,Penzance Heliport,50.1303760,-5.5139460,active,2026-09-28,no,OurAirports
PZH,IATA,Zhob Airport,31.3584003,69.4636002,active,2026-09-28,no,OurAirports
PZI,IATA,Panzhihua Bao'anying Airport,26.5400000,101.7985200,active,2026-09-28,no,OurAirports
PZO,IATA,General Manuel Carlos Piar International Airport,8.2885300,-62.7603990,active,2026-09-28,no,OurAirports
PZU,IATA,Port Sudan New International Airport,19.4345580,37.2341250,active,2026-09-28,no,OurAirports
QBC,IATA,Bella Coola Airport,52.3875010,-126.5960010,active,2026-09-28,no,OurAirports
QCU,IATA,Akunnaaq Heliport,68.7442730,-52.3403690,active,2026-09-28,no,OurAirports
QFG,IATA,Eqalugaarsuit Heliport,60.6197200,-45.9140620,active,2026-09-28,no,OurAirports
QFI,IATA,Iginniarfik Heliport,68.1458300,-53.1691600,active,2026-09-28,no,OurAirports
QFN,IATA,Narsarmijit Heliport,60.0046940,-44.6569350,active,2026-09-28,no,OurAirports
QFX,IATA,Igaliku Heliport,60.9922900,-45.4314280,active,2026-09-28,no,OurAirports
QGQ,IATA,Attu Heliport,67.9406630,-53.6218700,active,2026-09-28,no,OurAirports
QJE,IATA,Kitsissuarsuit Heliport,68.8579260,-53.1232950,active,2026-09-28,no,OurAirports
QJH,IATA,Qassimiut Heliport,60.7809590,-47.1562490,active,2026-09-28,no,OurAirports
QJI,IATA,Ikamiut Heliport,68.6342530,-51.8322620,active,2026-09-28,no,OurAirports
QOQ,IATA,Saarloq Heliport,60.5377780,-46.0247220,active,2026-09-28,no,OurAirports
QOW,IATA,Sam Mbakwe International Cargo Airport,5.4270600,7.2060300,active,2026-09-28,no,OurAirports
QPW,IATA,Kangaatsiaq Heliport,68.3126570,-53.4602080,active,2026-09-28,no,OurAirports
QRO,IATA,Querétaro Intercontinental Airport,20.6187790,-100.1864490,active,2026-09-28,no,OurAirports
QRW,IATA,Warri Airport,5.5982100,5.8187000,active,2026-09-28,no,OurAirports
QRY,IATA,Ikerassaarsuk Heliport,68.1408810,-53.4414590,active,2026-09-28,no,OurAirports
QSF,IATA,Ain Arnat Airport,36.1784880,5.3299090,active,2026-09-28,no,OurAirports
QSR,IATA,Salerno Costa d'Amalfi Airport,40.6203990,14.9113000,active,2026-09-28,no,OurAirports
QSZ,IATA,Shache Airport,38.2454200,77.0561490,active,2026-09-28,no,OurAirports
QUO,IATA,Akwa Ibom International Airport,4.8725000,8.0930000,active,2026-09-28,no,OurAirports
QUV,IATA,Aappilattoq Heliport,60.1483570,-44.2869160,active,2026-09-28,no,OurAirports
QUW,IATA,Ammassivik Heliport,60.5973760,-45.3824450,active,2026-09-28,no,OurAirports
RAB,IATA,Tokua Airport,-4.3404600,152.3800050,active,2026-09-28,no,OurAirports
RAE,IATA,Arar Domestic Airport,30.9066010,41.1381989,active,2026-09-28,no,OurAirports
RAH,IATA,Rafha Domestic Airport,29.6264000,43.4906006,active,2026-09-28,no,OurAirports
RAI,IATA,Nelson Mandela International Airport,14.9411260,-23.4847280,active,2026-09-28,no,OurAirports
RAK,IATA,Marrakesh Menara Airport,31.6048070,-8.0357880,active,2026-09-28,no,OurAirports
RAM,IATA,Ramingining Airport,-12.3563995,134.8979950,active,2026-09-28,no,OurAirports
RAO,IATA,Leite Lopes Airport,-21.1343140,-47.7740530,active,2026-09-28,no,OurAirports
RAP,IATA,Rapid City Regional Airport,44.0452995,-103.0569992,active,2026-09-28,no,OurAirports
RAR,IATA,Rarotonga International Airport,-21.2027000,-159.8060000,active,2026-09-28,no,OurAirports
RAS,IATA,Sardar-e-Jangal Airport,37.3233330,49.6177780,active,2026-09-28,no,OurAirports
RBA,IATA,Rabat-Salé Airport,34.0514980,-6.7515200,active,2026-09-28,no,OurAirports
RBB,IATA,Borba Airport,-4.4063400,-59.6024020,active,2026-09-28,no,OurAirports
RBQ,IATA,Rurrenabaque Airport,-14.4279000,-67.4968030,active,2026-09-28,no,OurAirports
RBR,IATA,Rio Branco-Plácido de Castro International Airport,-9.8690310,-67.8939840,active,2026-09-28,no,OurAirports
RBV,IATA,Ramata Airport,-8.1680603,157.6430054,active,2026-09-28,no,OurAirports
RBY,IATA,Ruby Airport,64.7272030,-155.4700010,active,2026-09-28,no,OurAirports
RCB,IATA,Richards Bay Airport,-28.7409992,32.0920982,active,2026-09-28,no,OurAirports
RCE,IATA,Roche Harbor Airport,48.6123010,-123.1390000,active,2026-09-28,no,OurAirports
RCH,IATA,Almirante Padilla Airport,11.5262000,-72.9260000,active,2026-09-28,no,OurAirports
RCM,IATA,Richmond Airport,-20.7019005,143.1150055,active,2026-09-28,no,OurAirports
RDD,IATA,Redding Municipal Airport,40.5089989,-122.2929993,active,2026-09-28,no,OurAirports
RDM,IATA,Roberts Field,44.2541010,-121.1500020,active,2026-09-28,no,OurAirports
RDO,IATA,Warsaw Radom Airport,51.3893700,21.2147420,active,2026-09-28,no,OurAirports
RDP,IATA,Kazi Nazrul Islam Airport,23.6225000,87.2430000,active,2026-09-28,no,OurAirports
RDU,IATA,Raleigh-Durham International Airport,35.8786590,-78.7873000,active,2026-09-28,no,OurAirports
RDV,IATA,Red Devil Airport,61.7881010,-157.3500060,active,2026-09-28,no,OurAirports
RDZ,IATA,Rodez–Aveyron Airport,44.4079020,2.4826700,active,2026-09-28,no,OurAirports
REC,IATA,Recife/Guararapes - Gilberto Freyre International Airport,-8.1274700,-34.9229610,active,2026-09-28,no,OurAirports
REG,IATA,Reggio Calabria Airport,38.0712010,15.6516000,active,2026-09-28,no,OurAirports
REL,IATA,Almirante Marco Andres Zar Airport,-43.2105000,-65.2703000,active,2026-09-28,no,OurAirports
REN,IATA,Orenburg Central Airport,51.7926680,55.4572290,active,2026-09-28,no,OurAirports
RER,IATA,Retalhuleu Airport,14.5214310,-91.6970010,active,2026-09-28,no,OurAirports
RES,IATA,Resistencia International Airport,-27.4499100,-59.0561250,active,2026-09-28,no,OurAirports
RET,IATA,Røst Airport,67.5264820,12.1015750,active,2026-09-28,no,OurAirports
REU,IATA,Reus Airport,41.1475090,1.1683540,active,2026-09-28,no,OurAirports
REW,IATA,"Rewa Airport, Chorhata, REWA",24.5034010,81.2202990,active,2026-09-28,no,OurAirports
REX,IATA,General Lucio Blanco International Airport,26.0089000,-98.2285000,active,2026-09-28,no,OurAirports
RFD,IATA,Chicago Rockford International Airport,42.1954000,-89.0971980,active,2026-09-28,no,OurAirports
RFP,IATA,Raiatea Airport,-16.7229000,-151.4660030,active,2026-09-28,no,OurAirports
RGA,IATA,Gobernador Ramón Trejo Noel International Airport,-53.7777000,-67.7494000,active,2026-09-28,no,OurAirports
RGI,IATA,Rangiroa Airport,-14.9542999,-147.6609955,active,2026-09-28,no,OurAirports
RGL,IATA,Piloto Civil Norberto Fernández International Airport,-51.6087910,-69.3089480,active,2026-09-28,no,OurAirports
RGN,IATA,Yangon International Airport,16.9073009,96.1332016,active,2026-09-28,no,OurAirports
RGO,IATA,Orang (Chongjin) Airport,41.4285380,129.6475550,active,2026-09-28,no,OurAirports
RHD,IATA,Termas de Río Hondo international Airport,-27.4966000,-64.9359500,active,2026-09-28,no,OurAirports
RHI,IATA,Rhinelander Oneida County Airport,45.6311989,-89.4674988,active,2026-09-28,no,OurAirports
RHO,IATA,"Rhodes International Airport ""Diagoras""",36.4053990,28.0862010,active,2026-09-28,no,OurAirports
RHT,IATA,Alxa Right Banner Badanjilin Airport,39.2250000,101.5460000,active,2026-09-28,no,OurAirports
RIA,IATA,Santa Maria Airport,-29.7113990,-53.6882020,active,2026-09-28,no,OurAirports
RIB,IATA,Capitán Av. Selin Zeitun Lopez Airport,-11.0093550,-66.0754680,active,2026-09-28,no,OurAirports
RIC,IATA,Richmond International Airport,37.5051990,-77.3197020,active,2026-09-28,no,OurAirports
RIH,IATA,Scarlett Martinez International Airport,8.3758802,-80.1278992,active,2026-09-28,no,OurAirports
RIS,IATA,Rishiri Airport,45.2420006,141.1860046,active,2026-09-28,no,OurAirports
RIW,IATA,Central Wyoming Regional Airport,43.0642010,-108.4599990,active,2026-09-28,no,OurAirports
RIX,IATA,Riga International Airport,56.9207520,23.9707110,active,2026-09-28,no,OurAirports
RIY,IATA,Riyan International Airport,14.6622410,49.3752890,active,2026-09-28,no,OurAirports
RIZ,IATA,Rizhao Shanzihe Airport,35.4050330,119.3244030,active,2026-09-28,no,OurAirports
RJA,IATA,Rajahmundry Airport,17.1057990,81.8132040,active,2026-09-28,no,OurAirports
RJH,IATA,Shah Makhdum Airport,24.4372010,88.6165010,active,2026-09-28,no,OurAirports
RJK,IATA,Rijeka Airport,45.2163760,14.5708500,active,2026-09-28,no,OurAirports
RJL,IATA,Logroño-Agoncillo Airport,42.4609530,-2.3222350,active,2026-09-28,no,OurAirports
RJM,IATA,Marinda Airport,-0.4249690,130.7735350,active,2026-09-28,no,OurAirports
RJN,IATA,Rafsanjan Airport,30.2983450,56.0489790,active,2026-09-28,no,OurAirports
RKD,IATA,Knox County Regional Airport,44.0601010,-69.0991970,active,2026-09-28,no,OurAirports
RKE,IATA,Copenhagen Roskilde Airport,55.5856020,12.1314000,active,2026-09-28,no,OurAirports
RKI,IATA,Mentawai Airport,-2.1001000,99.7044000,active,2026-09-28,no,OurAirports
RKS,IATA,Southwest Wyoming Regional Airport,41.5942000,-109.0650010,active,2026-09-28,no,OurAirports
RKT,IATA,Ras Al Khaimah International Airport,25.6135010,55.9388010,active,2026-09-28,no,OurAirports
RKV,IATA,Reykjavík Domestic Airport,64.1287320,-21.9375900,active,2026-09-28,no,OurAirports
RKZ,IATA,Xigaze Peace Airport / Shigatse Air Base,29.3508760,89.2991570,active,2026-09-28,no,OurAirports
RLG,IATA,Rostock-Laage Airport,53.9182010,12.2783000,active,2026-09-28,no,OurAirports
RLK,IATA,Bayannur Tianjitai Airport,40.9263580,107.7409300,active,2026-09-28,no,OurAirports
RMA,IATA,Roma Airport,-26.5450001,148.7749939,active,2026-09-28,no,OurAirports
RMF,IATA,Marsa Alam International Airport,25.5555480,34.5924500,active,2026-09-28,no,OurAirports
RMI,IATA,Federico Fellini International Airport,44.0200240,12.6121980,active,2026-09-28,no,OurAirports
RML,IATA,Colombo Ratmalana International Airport,6.8216380,79.8858590,active,2026-09-28,no,OurAirports
RMO,IATA,Chişinău International Airport,46.9277400,28.9317040,active,2026-09-28,no,OurAirports
RMP,IATA,Rampart Airport,65.5078960,-150.1410070,active,2026-09-28,no,OurAirports
RMQ,IATA,Taichung International Airport / Ching Chuang Kang Air Base,24.2647000,120.6210020,active,2026-09-28,no,OurAirports
RMT,IATA,Rimatara Airport,-22.6372500,-152.8059000,active,2026-09-28,no,OurAirports
RMU,IATA,Region of Murcia International Airport,37.8028520,-1.1248840,active,2026-09-28,no,OurAirports
RMZ,IATA,Tobolsk Remezov Airport,58.0597120,68.3479970,active,2026-09-28,no,OurAirports
RNB,IATA,Ronneby Airport,56.2667010,15.2650000,active,2026-09-28,no,OurAirports
RNI,IATA,Corn Island Airport,12.1747850,-83.0594450,active,2026-09-28,no,OurAirports
RNJ,IATA,Yoron Airport,27.0438470,128.4016480,active,2026-09-28,no,OurAirports
RNL,IATA,Rennell/Tingoa Airport,-11.5500000,160.0627780,active,2026-09-28,no,OurAirports
RNN,IATA,Bornholm Airport,55.0633010,14.7596000,active,2026-09-28,no,OurAirports
RNO,IATA,Reno Tahoe International Airport,39.4991000,-119.7679980,active,2026-09-28,no,OurAirports
RNP,IATA,Rongelap Island Airport,11.1572000,166.8869930,active,2026-09-28,no,OurAirports
RNS,IATA,Rennes-Saint-Jacques Airport,48.0695000,-1.7347900,active,2026-09-28,no,OurAirports
ROA,IATA,Roanoke–Blacksburg Regional Airport,37.3255000,-79.9754030,active,2026-09-28,no,OurAirports
ROB,IATA,Roberts International Airport,6.2337900,-10.3623000,active,2026-09-28,no,OurAirports
ROC,IATA,Frederick Douglass Greater Rochester International Airport,43.1189000,-77.6724010,active,2026-09-28,no,OurAirports
ROI,IATA,Roi Et Airport,16.1168000,103.7740020,active,2026-09-28,no,OurAirports
ROK,IATA,Rockhampton Airport,-23.3800190,150.4753590,active,2026-09-28,no,OurAirports
ROO,IATA,Maestro Marinho Franco Airport,-16.5842920,-54.7248030,active,2026-09-28,no,OurAirports
ROP,IATA,Rota International Airport,14.1732670,145.2411030,active,2026-09-28,no,OurAirports
ROR,IATA,Roman Tmetuchl International Airport,7.3669650,134.5440850,active,2026-09-28,no,OurAirports
ROS,IATA,Rosario Islas Malvinas International Airport,-32.9036000,-60.7850000,active,2026-09-28,no,OurAirports
ROT,IATA,Rotorua Regional Airport,-38.1092000,176.3170010,active,2026-09-28,no,OurAirports
ROW,IATA,Roswell Air Center Airport,33.3016010,-104.5309980,active,2026-09-28,no,OurAirports
RPR,IATA,Swami Vivekananda Airport,21.1804010,81.7388000,active,2026-09-28,no,OurAirports
RQA,IATA,Ruoqiang Loulan Airport,38.9747220,88.0083330,active,2026-09-28,no,OurAirports
RRG,IATA,Sir Charles Gaetan Duval Airport,-19.7566960,63.3593260,active,2026-09-28,no,OurAirports
RRR,IATA,Raroia Airport,-16.0504850,-142.4765680,active,2026-09-28,no,OurAirports
RRS,IATA,Røros Airport,62.5783997,11.3423004,active,2026-09-28,no,OurAirports
RSA,IATA,Santa Rosa Airport,-36.5882990,-64.2757030,active,2026-09-28,no,OurAirports
RSD,IATA,Rock Sound International Airport,24.8916500,-76.1776020,active,2026-09-28,no,OurAirports
RSH,IATA,Russian Mission Airport,61.7750710,-161.3194660,active,2026-09-28,no,OurAirports
RSI,IATA,Red Sea International Airport,25.6279750,37.0889140,active,2026-09-28,no,OurAirports
RSJ,IATA,Rosario Seaplane Base,48.6456990,-122.8679960,active,2026-09-28,no,OurAirports
RST,IATA,Rochester International Airport,43.9082980,-92.5000000,active,2026-09-28,no,OurAirports
RSU,IATA,Yeosu Airport,34.8423004,127.6169968,active,2026-09-28,no,OurAirports
RSW,IATA,Southwest Florida International Airport,26.5346850,-81.7528160,active,2026-09-28,no,OurAirports
RTA,IATA,Rotuma Airport,-12.4825001,177.0709991,active,2026-09-28,no,OurAirports
RTB,IATA,Juan Manuel Gálvez International Airport,16.3167990,-86.5230030,active,2026-09-28,no,OurAirports
RTG,IATA,Frans Sales Lega Airport,-8.5961710,120.4781770,active,2026-09-28,no,OurAirports
RTI,IATA,David Constantijn Saudale Airport,-10.7658340,123.0760460,active,2026-09-28,no,OurAirports
RTM,IATA,Rotterdam The Hague Airport,51.9569020,4.4372200,active,2026-09-28,no,OurAirports
RUA,IATA,Arua Airport,3.0491520,30.9117140,active,2026-09-28,no,OurAirports
RUH,IATA,King Khalid International Airport,24.9576000,46.6987990,active,2026-09-28,no,OurAirports
RUL,IATA,Maavaarulaa Airport,0.3380850,73.5128690,active,2026-09-28,no,OurAirports
RUN,IATA,Roland Garros Airport,-20.8900870,55.5188940,active,2026-09-28,no,OurAirports
RUR,IATA,Rurutu Airport,-22.4340992,-151.3609924,active,2026-09-28,no,OurAirports
RUS,IATA,Marau Airport,-9.8616700,160.8249970,active,2026-09-28,no,OurAirports
RUT,IATA,Rutland - Southern Vermont Regional Airport,43.5294000,-72.9496000,active,2026-09-28,no,OurAirports
RVE,IATA,Los Colonizadores Airport,6.9518680,-71.8571790,active,2026-09-28,no,OurAirports
RVK,IATA,"Rørvik Airport, Ryum",64.8383026,11.1461000,active,2026-09-28,no,OurAirports
RVN,IATA,Rovaniemi Airport,66.5633270,25.8297510,active,2026-09-28,no,OurAirports
RVV,IATA,Raivavae Airport,-23.8852010,-147.6620030,active,2026-09-28,no,OurAirports
RVY,IATA,Pres. Gral. Óscar D. Gestido Binational Airport,-30.9746000,-55.4762000,active,2026-09-28,no,OurAirports
RXS,IATA,Roxas Airport,11.5977001,122.7519989,active,2026-09-28,no,OurAirports
RYK,IATA,Shaikh Zaid Airport,28.3838997,70.2796021,active,2026-09-28,no,OurAirports
RYO,IATA,28 de Noviembre Airport,-51.6050000,-72.2203000,active,2026-09-28,no,OurAirports
RZE,IATA,Rzeszów-Jasionka Airport,50.1097910,22.0241550,active,2026-09-28,no,OurAirports
RZR,IATA,Ramsar Airport,36.9070100,50.6873160,active,2026-09-28,no,OurAirports
RZV,IATA,Rize–Artvin Airport,41.1797660,40.8488020,active,2026-09-28,no,OurAirports
SAB,IATA,Juancho E. Yrausquin Airport,17.6453300,-63.2205140,active,2026-09-28,no,OurAirports
SAE,IATA,Saattut Heliport,70.8111720,-51.6312900,active,2026-09-28,no,OurAirports
SAF,IATA,Santa Fe Municipal Airport,35.6171000,-106.0889970,active,2026-09-28,no,OurAirports
SAG,IATA,Shirdi International Airport,19.6892110,74.3736550,active,2026-09-28,no,OurAirports
SAH,IATA,Sanaa International Airport,15.4763000,44.2197000,active,2026-09-28,no,OurAirports
SAI,IATA,Siem Reap-Angkor International Airport,13.3697400,104.2238310,active,2026-09-28,no,OurAirports
SAL,IATA,El Salvador International Airport Saint Óscar Arnulfo Romero y Galdámez,13.4444700,-89.0557840,active,2026-09-28,no,OurAirports
SAN,IATA,San Diego International Airport,32.7336010,-117.1900020,active,2026-09-28,no,OurAirports
SAP,IATA,Ramón Villeda Morales International Airport,15.4526000,-87.9235990,active,2026-09-28,no,OurAirports
SAQ,IATA,San Andros Airport,25.0538006,-78.0490036,active,2026-09-28,no,OurAirports
SAT,IATA,San Antonio International Airport,29.5337010,-98.4698030,active,2026-09-28,no,OurAirports
SAV,IATA,Savannah Hilton Head International Airport,32.1265910,-81.1999800,active,2026-09-28,no,OurAirports
SAW,IATA,Istanbul Sabiha Gökçen International Airport,40.8986020,29.3092000,active,2026-09-28,no,OurAirports
SBA,IATA,Santa Barbara Municipal Airport,34.4262010,-119.8399960,active,2026-09-28,no,OurAirports
SBD,IATA,San Bernardino International Airport,34.0967170,-117.2365960,active,2026-09-28,no,OurAirports
SBH,IATA,St. Jean Airport,17.9043980,-62.8433330,active,2026-09-28,no,OurAirports
SBN,IATA,South Bend International Airport,41.7083040,-86.3169220,active,2026-09-28,no,OurAirports
SBP,IATA,San Luis County Regional Airport,35.2368011,-120.6419983,active,2026-09-28,no,OurAirports
SBR,IATA,Saibai Island Airport,-9.3783300,142.6250000,active,2026-09-28,no,OurAirports
SBT,IATA,Sabetta International Airport,71.2191670,72.0522220,active,2026-09-28,no,OurAirports
SBW,IATA,Sibu Airport,2.2616000,111.9850010,active,2026-09-28,no,OurAirports
SBY,IATA,Salisbury Ocean City Wicomico Regional Airport,38.3404999,-75.5102997,active,2026-09-28,no,OurAirports
SBZ,IATA,Sibiu International Airport,45.7858410,24.0866660,active,2026-09-28,no,OurAirports
SCC,IATA,Deadhorse Airport,70.1947021,-148.4649963,active,2026-09-28,no,OurAirports
SCE,IATA,State College Regional Airport,40.8493740,-77.8485200,active,2026-09-28,no,OurAirports
SCK,IATA,Stockton Metropolitan Airport,37.8932790,-121.2380790,active,2026-09-28,no,OurAirports
SCL,IATA,Comodoro Arturo Merino Benítez International Airport,-33.3930016,-70.7857971,active,2026-09-28,no,OurAirports
SCM,IATA,Scammon Bay Airport,61.8447100,-165.5752090,active,2026-09-28,no,OurAirports
SCN,IATA,Saarbrücken Airport,49.2145450,7.1097350,active,2026-09-28,no,OurAirports
SCO,IATA,Aktau International Airport,43.8600930,51.0908600,active,2026-09-28,no,OurAirports
SCQ,IATA,Santiago-Rosalía de Castro Airport,42.8963010,-8.4151400,active,2026-09-28,no,OurAirports
SCR,IATA,Scandinavian Mountains Airport,61.1650800,12.8335200,active,2026-09-28,no,OurAirports
SCT,IATA,Socotra Airport,12.6320930,53.9061730,active,2026-09-28,no,OurAirports
SCU,IATA,Antonio Maceo International Airport,19.9747400,-75.8355040,active,2026-09-28,no,OurAirports
SCV,IATA,Suceava Ștefan cel Mare International Airport,47.6875000,26.3540990,active,2026-09-28,no,OurAirports
SCW,IATA,Syktyvkar Airport,61.6469994,50.8451004,active,2026-09-28,no,OurAirports
SCY,IATA,San Cristóbal Airport,-0.9102060,-89.6174010,active,2026-09-28,no,OurAirports
SCZ,IATA,Santa Cruz/Graciosa Bay/Luova Airport,-10.7203000,165.7949980,active,2026-09-28,no,OurAirports
SDD,IATA,Lubango Mukanka International Airport,-14.9248390,13.5766530,active,2026-09-28,no,OurAirports
SDE,IATA,Vicecomodoro Angel D. La Paz Aragonés Airport,-27.7655563,-64.3099976,active,2026-09-28,no,OurAirports
SDF,IATA,Louisville Muhammad Ali International Airport,38.1706000,-85.7350760,active,2026-09-28,no,OurAirports
SDG,IATA,Sanandaj Airport,35.2458992,47.0092010,active,2026-09-28,no,OurAirports
SDJ,IATA,Sendai Airport,38.1397020,140.9170070,active,2026-09-28,no,OurAirports
SDK,IATA,Sandakan Airport,5.9008999,118.0589981,active,2026-09-28,no,OurAirports
SDL,IATA,Sundsvall-Härnösand Airport,62.5280991,17.4438992,active,2026-09-28,no,OurAirports
SDN,IATA,"Sandane Airport, Anda",61.8300020,6.1058300,active,2026-09-28,no,OurAirports
SDP,IATA,Sand Point Airport,55.3139080,-160.5220990,active,2026-09-28,no,OurAirports
SDQ,IATA,Las Américas International Airport,18.4297009,-69.6688995,active,2026-09-28,no,OurAirports
SDR,IATA,Seve Ballesteros-Santander Airport,43.4271010,-3.8200100,active,2026-09-28,no,OurAirports
SDS,IATA,Sado Airport,38.0601997,138.4140015,active,2026-09-28,no,OurAirports
SDU,IATA,Santos Dumont Airport,-22.9103970,-43.1628200,active,2026-09-28,no,OurAirports
SDW,IATA,Sindhudurg Airport,16.0025520,73.5298460,active,2026-09-28,no,OurAirports
SDY,IATA,Sidney - Richland Regional Airport,47.7051410,-104.1944220,active,2026-09-28,no,OurAirports
SEA,IATA,Seattle–Tacoma International Airport,47.4479430,-122.3102760,active,2026-09-28,no,OurAirports
SEB,IATA,Sabha Airport,26.9924520,14.4661620,active,2026-09-28,no,OurAirports
SEK,IATA,Srednekolymsk Airport,67.4805000,153.7364000,active,2026-09-28,no,OurAirports
SEN,IATA,London Southend Airport,51.5705620,0.6936270,active,2026-09-28,no,OurAirports
SET,IATA,Santa Magalhães Airport,-8.0614330,-38.3288880,active,2026-09-28,no,OurAirports
SEU,IATA,Seronera Airport,-2.4580600,34.8224980,active,2026-09-28,no,OurAirports
SEZ,IATA,Seychelles International Airport,-4.6743400,55.5218010,active,2026-09-28,no,OurAirports
SFA,IATA,Sfax Thyna International Airport,34.7179990,10.6910000,active,2026-09-28,no,OurAirports
SFB,IATA,Orlando Sanford International Airport,28.7742770,-81.2346260,active,2026-09-28,no,OurAirports
SFC,IATA,St-François Airport,16.2577990,-61.2625010,active,2026-09-28,no,OurAirports
SFG,IATA,Grand Case-l'Espérance Airport,18.1000570,-63.0474440,active,2026-09-28,no,OurAirports
SFJ,IATA,Kangerlussuaq International Airport,67.0104460,-50.7152940,active,2026-09-28,no,OurAirports
SFL,IATA,São Filipe Airport,14.8850002,-24.4799995,active,2026-09-28,no,OurAirports
SFN,IATA,Sauce Viejo Airport,-31.7117000,-60.8117000,active,2026-09-28,no,OurAirports
SFO,IATA,San Francisco International Airport,37.6198060,-122.3748210,active,2026-09-28,no,OurAirports
SFS,IATA,Subic Bay International Airport / Naval Air Station Cubi Point,14.7948330,120.2718830,active,2026-09-28,no,OurAirports
SFT,IATA,Skellefteå Airport,64.6248016,21.0769005,active,2026-09-28,no,OurAirports
SGC,IATA,Surgut International Airport,61.3405010,73.4057820,active,2026-09-28,no,OurAirports
SGD,IATA,Sønderborg Airport,54.9644012,9.7917299,active,2026-09-28,no,OurAirports
SGF,IATA,Springfield Branson National Airport,37.2450470,-93.3885960,active,2026-09-28,no,OurAirports
SGG,IATA,Sermiligaaq Heliport,65.9059200,-36.3782540,active,2026-09-28,no,OurAirports
SGN,IATA,Tan Son Nhat International Airport,10.8188000,106.6520000,active,2026-09-28,no,OurAirports
SGO,IATA,St George Airport,-28.0496998,148.5950012,active,2026-09-28,no,OurAirports
SGU,IATA,St George Regional Airport,37.0363890,-113.5103060,active,2026-09-28,no,OurAirports
SGY,IATA,Skagway Airport,59.4603430,-135.3166510,active,2026-09-28,no,OurAirports
SHA,IATA,Shanghai Hongqiao International Airport,31.1981040,121.3342600,active,2026-09-28,no,OurAirports
SHB,IATA,Nakashibetsu Airport,43.5774994,144.9600067,active,2026-09-28,no,OurAirports
SHC,IATA,Shire Inda Selassie Airport,14.0756990,38.2735920,active,2026-09-28,no,OurAirports
SHD,IATA,Shenandoah Valley Regional Airport,38.2638020,-78.8964000,active,2026-09-28,no,OurAirports
SHE,IATA,Shenyang Taoxian International Airport,41.6398000,123.4836680,active,2026-09-28,no,OurAirports
SHF,IATA,Shihezi Huayuan Airport,44.2421000,85.8905000,active,2026-09-28,no,OurAirports
SHG,IATA,Shungnak Airport,66.8880997,-157.1620026,active,2026-09-28,no,OurAirports
SHH,IATA,Shishmaref Airport,66.2496040,-166.0891120,active,2026-09-28,no,OurAirports
SHI,IATA,Shimojishima Airport,24.8267000,125.1449970,active,2026-09-28,no,OurAirports
SHJ,IATA,Sharjah International Airport,25.3286000,55.5172000,active,2026-09-28,no,OurAirports
SHL,IATA,Shillong Airport,25.7035999,91.9786987,active,2026-09-28,no,OurAirports
SHM,IATA,Nanki Shirahama Airport,33.6622009,135.3639984,active,2026-09-28,no,OurAirports
SHO,IATA,King Mswati III International Airport,-26.3586110,31.7169440,active,2026-09-28,no,OurAirports
SHR,IATA,Sheridan County Airport,44.7691994,-106.9800034,active,2026-09-28,no,OurAirports
SHS,IATA,Jingzhou Shashi Airport,30.2928100,112.4485400,active,2026-09-28,no,OurAirports
SHV,IATA,Shreveport Regional Airport,32.4447470,-93.8267410,active,2026-09-28,no,OurAirports
SHW,IATA,Sharurah Domestic Airport,17.4669000,47.1213990,active,2026-09-28,no,OurAirports
SHY,IATA,Shinyanga Airport,-3.6093000,33.5035000,active,2026-09-28,no,OurAirports
SID,IATA,Amílcar Cabral International Airport,16.7414000,-22.9494000,active,2026-09-28,no,OurAirports
SIF,IATA,Simara Airport,27.1598030,84.9800210,active,2026-09-28,no,OurAirports
SIG,IATA,Fernando Luis Ribas Dominicci Airport,18.4568005,-66.0980988,active,2026-09-28,no,OurAirports
SIH,IATA,Silgadi Doti Airport,29.2622260,80.9359680,active,2026-09-28,no,OurAirports
SIN,IATA,Singapore Changi Airport,1.3501900,103.9940030,active,2026-09-28,no,OurAirports
SIS,IATA,Sishen Airport,-27.6486000,22.9993000,active,2026-09-28,no,OurAirports
SIT,IATA,Sitka Rocky Gutierrez Airport,57.0471001,-135.3619995,active,2026-09-28,no,OurAirports
SJC,IATA,Mineta San Jose International Airport,37.3624520,-121.9291880,active,2026-09-28,no,OurAirports
SJD,IATA,Los Cabos International Airport,23.1519190,-109.7207310,active,2026-09-28,no,OurAirports
SJE,IATA,Jorge E. Gonzalez Torres Airport,2.5796900,-72.6394000,active,2026-09-28,no,OurAirports
SJI,IATA,San Jose Airport,12.3614998,121.0469971,active,2026-09-28,no,OurAirports
SJJ,IATA,Sarajevo International Airport,43.8246000,18.3314990,active,2026-09-28,no,OurAirports
SJK,IATA,Professor Urbano Ernesto Stumpf Airport,-23.2292000,-45.8615000,active,2026-09-28,no,OurAirports
SJL,IATA,São Gabriel da Cachoeira Airport,-0.1483500,-66.9855000,active,2026-09-28,no,OurAirports
SJO,IATA,Juan Santamaría International Airport,9.9938600,-84.2088010,active,2026-09-28,no,OurAirports
SJP,IATA,Prof. Eribelto Manoel Reino State Airport,-20.8171130,-49.4069630,active,2026-09-28,no,OurAirports
SJT,IATA,San Angelo Regional Mathis Field,31.3577003,-100.4960022,active,2026-09-28,no,OurAirports
SJU,IATA,Luis Munoz Marin International Airport,18.4394000,-66.0018010,active,2026-09-28,no,OurAirports
SJW,IATA,Shijiazhuang Zhengding International Airport,38.2807010,114.6969990,active,2026-09-28,no,OurAirports
SJZ,IATA,São Jorge Airport,38.6655010,-28.1758000,active,2026-09-28,no,OurAirports
SKB,IATA,Robert L. Bradshaw International Airport,17.3108450,-62.7191170,active,2026-09-28,no,OurAirports
SKD,IATA,Samarkand International Airport,39.7018420,66.9814670,active,2026-09-28,no,OurAirports
SKG,IATA,Thessaloniki Macedonia International Airport,40.5192800,22.9700090,active,2026-09-28,no,OurAirports
SKH,IATA,Surkhet Airport,28.5860000,81.6360020,active,2026-09-28,no,OurAirports
SKK,IATA,Shaktoolik Airport,64.3711010,-161.2239990,active,2026-09-28,no,OurAirports
SKN,IATA,"Stokmarknes Airport, Skagen",68.5788270,15.0334170,active,2026-09-28,no,OurAirports
SKO,IATA,Sadiq Abubakar III International Airport,12.9157290,5.2075470,active,2026-09-28,no,OurAirports
SKP,IATA,Skopje International Airport,41.9580870,21.6225810,active,2026-09-28,no,OurAirports
SKT,IATA,Sialkot International Airport,32.5359410,74.3646230,active,2026-09-28,no,OurAirports
SKU,IATA,Skiros Airport,38.9676018,24.4871998,active,2026-09-28,no,OurAirports
SKX,IATA,Saransk International Airport,54.1251300,45.2122570,active,2026-09-28,no,OurAirports
SKZ,IATA,Begum Nusrat Bhutto International Airport Sukkur,27.7220000,68.7917020,active,2026-09-28,no,OurAirports
SLA,IATA,Martín Miguel de Güemes International Airport,-24.8560010,-65.4861980,active,2026-09-28,no,OurAirports
SLC,IATA,Salt Lake City International Airport,40.7888600,-111.9798660,active,2026-09-28,no,OurAirports
SLD,IATA,Sliač Airport,48.6377983,19.1341000,active,2026-09-28,no,OurAirports
SLE,IATA,Salem-Willamette Valley Airport/McNary Field,44.9095000,-123.0029980,active,2026-09-28,no,OurAirports
SLH,IATA,Sola Airport,-13.8516998,167.5370026,active,2026-09-28,no,OurAirports
SLI,IATA,Solwesi Airport,-12.1737003,26.3651009,active,2026-09-28,no,OurAirports
SLK,IATA,Adirondack Regional Airport,44.3869100,-74.2046290,active,2026-09-28,no,OurAirports
SLL,IATA,Salalah International Airport,17.0387000,54.0913010,active,2026-09-28,no,OurAirports
SLM,IATA,Salamanca Airport,40.9520990,-5.5019900,active,2026-09-28,no,OurAirports
SLN,IATA,Salina Municipal Airport,38.7910004,-97.6521988,active,2026-09-28,no,OurAirports
SLP,IATA,Ponciano Arriaga International Airport,22.2620260,-100.9356920,active,2026-09-28,no,OurAirports
SLQ,IATA,Sleetmute Airport,61.7005000,-157.1660000,active,2026-09-28,no,OurAirports
SLU,IATA,George F. L. Charles Airport,14.0202000,-60.9929010,active,2026-09-28,no,OurAirports
SLW,IATA,Plan de Guadalupe International Airport,25.5378600,-100.9283460,active,2026-09-28,no,OurAirports
SLX,IATA,Salt Cay Airport,21.3330002,-71.1999969,active,2026-09-28,no,OurAirports
SLY,IATA,Salekhard Airport,66.5907974,66.6110001,active,2026-09-28,no,OurAirports
SLZ,IATA,Marechal Cunha Machado International Airport,-2.5863860,-44.2350080,active,2026-09-28,no,OurAirports
SMA,IATA,Santa Maria Airport,36.9714012,-25.1706009,active,2026-09-28,no,OurAirports
SMF,IATA,Sacramento International Airport,38.6954000,-121.5910030,active,2026-09-28,no,OurAirports
SMI,IATA,Samos Airport,37.6899990,26.9116990,active,2026-09-28,no,OurAirports
SMK,IATA,St Michael Airport,63.4901009,-162.1100006,active,2026-09-28,no,OurAirports
SML,IATA,Stella Maris Airport,23.5823170,-75.2686210,active,2026-09-28,no,OurAirports
SMN,IATA,Lemhi County Airport,45.1222330,-113.8819600,active,2026-09-28,no,OurAirports
SMQ,IATA,Sampit (H.Asan) Airport,-2.4991980,112.9749870,active,2026-09-28,no,OurAirports
SMR,IATA,Simón Bolívar International Airport,11.1196000,-74.2306000,active,2026-09-28,no,OurAirports
SMS,IATA,Sainte Marie Airport,-17.0939010,49.8158000,active,2026-09-28,no,OurAirports
SMT,IATA,Adolino Bedin Regional Airport,-12.4791770,-55.6723410,active,2026-09-28,no,OurAirports
SMW,IATA,Smara Airport,26.7319870,-11.6836550,active,2026-09-28,no,OurAirports
SMX,IATA,Santa Maria Public Airport Captain G Allan Hancock Field,34.8988990,-120.4570010,active,2026-09-28,no,OurAirports
SNA,IATA,John Wayne Orange County International Airport,33.6750630,-117.8692810,active,2026-09-28,no,OurAirports
SNB,IATA,Snake Bay Airport,-11.4176740,130.6484810,active,2026-09-28,no,OurAirports
SNC,IATA,General Ulpiano Paez International Airport,-2.2100570,-80.9850670,active,2026-09-28,no,OurAirports
SNE,IATA,Preguiça Airport,16.5888520,-24.2841320,active,2026-09-28,no,OurAirports
SNN,IATA,Shannon Airport,52.7020000,-8.9248200,active,2026-09-28,no,OurAirports
SNO,IATA,Sakon Nakhon Airport,17.1951008,104.1190033,active,2026-09-28,no,OurAirports
SNP,IATA,St Paul Island Airport,57.1663110,-170.2225550,active,2026-09-28,no,OurAirports
SNU,IATA,Abel Santamaria International Airport,22.4922150,-79.9431190,active,2026-09-28,no,OurAirports
SNV,IATA,Santa Elena de Uairén Airport,4.5546990,-61.1452340,active,2026-09-28,no,OurAirports
SNW,IATA,Thandwe Airport,18.4606991,94.3001022,active,2026-09-28,no,OurAirports
SNX,IATA,Semnan Municipal Airport,35.5910990,53.4950980,active,2026-09-28,no,OurAirports
SOB,IATA,Hévíz–Balaton Airport,46.6863910,17.1590840,active,2026-09-28,no,OurAirports
SOC,IATA,Adisoemarmo International Airport,-7.5160440,110.7574920,active,2026-09-28,no,OurAirports
SOD,IATA,Sorocaba Airport,-23.4780010,-47.4900020,active,2026-09-28,no,OurAirports
SOF,IATA,Sofia Airport,42.6963570,23.4176710,active,2026-09-28,no,OurAirports
SOG,IATA,"Sogndal Airport, Haukåsen",61.1561010,7.1377800,active,2026-09-28,no,OurAirports
SOJ,IATA,Sørkjosen Airport,69.7867970,20.9594000,active,2026-09-28,no,OurAirports
SOM,IATA,San Tomé Airport,8.9451466,-64.1510849,active,2026-09-28,no,OurAirports
SON,IATA,Santo Pekoa International Airport,-15.5050001,167.2200012,active,2026-09-28,no,OurAirports
SOQ,IATA,Domine Eduard Osok Airport,-0.8940000,131.2870000,active,2026-09-28,no,OurAirports
SOU,IATA,Southampton Airport,50.9502980,-1.3568000,active,2026-09-28,no,OurAirports
SOV,IATA,Seldovia Airport,59.4429810,-151.7052270,active,2026-09-28,no,OurAirports
SOW,IATA,Show Low Regional Airport,34.2640620,-110.0070910,active,2026-09-28,no,OurAirports
SOY,IATA,Stronsay Airport,59.1553000,-2.6413900,active,2026-09-28,no,OurAirports
SPB,IATA,Charlotte Amalie Harbor Seaplane Base,18.3382040,-64.9396750,active,2026-09-28,no,OurAirports
SPC,IATA,La Palma Airport,28.6264990,-17.7556000,active,2026-09-28,no,OurAirports
SPD,IATA,Saidpur Airport,25.7591990,88.9088970,active,2026-09-28,no,OurAirports
SPI,IATA,Abraham Lincoln Capital Airport,39.8441010,-89.6779020,active,2026-09-28,no,OurAirports
SPN,IATA,Saipan International Airport,15.1193840,145.7288480,active,2026-09-28,no,OurAirports
SPP,IATA,Menongue Airport,-14.6576004,17.7198009,active,2026-09-28,no,OurAirports
SPR,IATA,John Greif II Airport,17.9139000,-87.9711000,active,2026-09-28,no,OurAirports
SPS,IATA,Wichita Falls Municipal Airport / Sheppard Air Force Base,33.9888000,-98.4918980,active,2026-09-28,no,OurAirports
SPU,IATA,Split Saint Jerome Airport,43.5388980,16.2980000,active,2026-09-28,no,OurAirports
SPX,IATA,Sphinx International Airport,30.1081790,30.8957280,active,2026-09-28,no,OurAirports
SPY,IATA,San Pedro Airport,4.7467200,-6.6608200,active,2026-09-28,no,OurAirports
SQD,IATA,Shangrao Sanqingshan Airport,28.3797000,117.9643000,active,2026-09-28,no,OurAirports
SQG,IATA,Tebelian Airport,-0.0452140,111.4580490,active,2026-09-28,no,OurAirports
SQJ,IATA,Sanming Shaxian Airport,26.4263000,117.8336000,active,2026-09-28,no,OurAirports
SQL,IATA,San Carlos Airport,37.5131300,-122.2508380,active,2026-09-28,no,OurAirports
SRA,IATA,Luis Alberto Lehr Airport,-27.9065800,-54.5206280,active,2026-09-28,no,OurAirports
SRE,IATA,Alcantarí International Airport,-19.2468350,-65.1496110,active,2026-09-28,no,OurAirports
SRG,IATA,Jenderal Ahmad Yani Airport,-6.9707320,110.3732440,active,2026-09-28,no,OurAirports
SRK,IATA,Siorapaluk Heliport,77.7865170,-70.6386570,active,2026-09-28,no,OurAirports
SRL,IATA,Palo Verde Airport,27.0927000,-112.0985000,active,2026-09-28,no,OurAirports
SRP,IATA,"Stord Airport, Sørstokken",59.7919010,5.3408500,active,2026-09-28,no,OurAirports
SRQ,IATA,Sarasota Bradenton International Airport,27.3946310,-82.5543590,active,2026-09-28,no,OurAirports
SRT,IATA,Soroti Airport,1.7276900,33.6227989,active,2026-09-28,no,OurAirports
SRV,IATA,Stony River 2 Airport,61.7897000,-156.5890050,active,2026-09-28,no,OurAirports
SRY,IATA,Sari Dasht-e Naz International Airport,36.6444080,53.1887610,active,2026-09-28,no,OurAirports
SRZ,IATA,El Trompillo Airport,-17.8115997,-63.1715012,active,2026-09-28,no,OurAirports
SSA,IATA,Deputado Luiz Eduardo Magalhães International Airport,-12.9086110,-38.3224980,active,2026-09-28,no,OurAirports
SSB,IATA,Christiansted Harbor Seaplane Base,17.7479080,-64.7079280,active,2026-09-28,no,OurAirports
SSG,IATA,Malabo International Airport,3.7552700,8.7087200,active,2026-09-28,no,OurAirports
SSH,IATA,Sharm El Sheikh International Airport,27.9772720,34.3947170,active,2026-09-28,no,OurAirports
SSJ,IATA,"Sandnessjøen Airport, Stokka",65.9568020,12.4689000,active,2026-09-28,no,OurAirports
SSR,IATA,Sara Airport,-15.4708004,168.1519928,active,2026-09-28,no,OurAirports
SST,IATA,Santa Teresita Airport,-36.5423000,-56.7218000,active,2026-09-28,no,OurAirports
SSW,IATA,Stuart Island Airpark,48.6733790,-123.1754390,active,2026-09-28,no,OurAirports
SSY,IATA,Mbanza Congo Airport,-6.2698998,14.2469997,active,2026-09-28,no,OurAirports
STC,IATA,Saint Cloud Regional Airport,45.5466000,-94.0598980,active,2026-09-28,no,OurAirports
STD,IATA,Mayor Buenaventura Vivas International Airport,7.5653800,-72.0351030,active,2026-09-28,no,OurAirports
STG,IATA,St George Airport,56.5773450,-169.6638230,active,2026-09-28,no,OurAirports
STI,IATA,Cibao International Airport,19.4040600,-70.6044310,active,2026-09-28,no,OurAirports
STL,IATA,St. Louis Lambert International Airport,38.7486970,-90.3700030,active,2026-09-28,no,OurAirports
STM,IATA,Santarém - Maestro Wilson Fonseca International Airport,-2.4224230,-54.7930600,active,2026-09-28,no,OurAirports
STN,IATA,London Stansted Airport,51.8849980,0.2350000,active,2026-09-28,no,OurAirports
STR,IATA,Stuttgart Airport,48.6898990,9.2219600,active,2026-09-28,no,OurAirports
STS,IATA,Charles M. Schulz Sonoma County Airport,38.5089989,-122.8130035,active,2026-09-28,no,OurAirports
STT,IATA,Cyril E. King Airport,18.3370910,-64.9772510,active,2026-09-28,no,OurAirports
STV,IATA,Surat International Airport,21.1155310,72.7432510,active,2026-09-28,no,OurAirports
STW,IATA,Stavropol Shpakovskoye Airport,45.1091995,42.1128006,active,2026-09-28,no,OurAirports
STX,IATA,Henry E. Rohlsen Airport,17.7014130,-64.8026080,active,2026-09-28,no,OurAirports
SUB,IATA,Juanda International Airport,-7.3798300,112.7870030,active,2026-09-28,no,OurAirports
SUF,IATA,Lamezia Terme Sant'Eufemia International Airport,38.9062140,16.2460070,active,2026-09-28,no,OurAirports
SUG,IATA,Surigao Airport,9.7558383,125.4809475,active,2026-09-28,no,OurAirports
SUI,IATA,Vladislav Ardzinba Sukhum International Airport,42.8582000,41.1281010,active,2026-09-28,no,OurAirports
SUJ,IATA,Satu Mare International Airport,47.7033000,22.8857000,active,2026-09-28,no,OurAirports
SUK,IATA,Sakkyryr Airport,67.7920000,130.3940000,active,2026-09-28,no,OurAirports
SUN,IATA,Friedman Memorial Airport,43.5043984,-114.2959976,active,2026-09-28,no,OurAirports
SUR,IATA,Summer Beaver Airport,52.7085991,-88.5419006,active,2026-09-28,no,OurAirports
SUV,IATA,Nausori International Airport,-18.0442260,178.5614860,active,2026-09-28,no,OurAirports
SUX,IATA,Sioux Gateway Airport / Brigadier General Bud Day Field,42.3976050,-96.3822370,active,2026-09-28,no,OurAirports
SUY,IATA,Suntar Airport,62.1850014,117.6350021,active,2026-09-28,no,OurAirports
SVA,IATA,Savoonga Airport,63.6864010,-170.4929960,active,2026-09-28,no,OurAirports
SVB,IATA,Sambava Airport,-14.2786000,50.1747020,active,2026-09-28,no,OurAirports
SVC,IATA,Grant County Airport,32.6367010,-108.1547360,active,2026-09-28,no,OurAirports
SVD,IATA,Argyle International Airport,13.1597250,-61.1488010,active,2026-09-28,no,OurAirports
SVG,IATA,"Stavanger Airport, Sola",58.8767010,5.6377800,active,2026-09-28,no,OurAirports
SVI,IATA,Eduardo Falla Solano Airport,2.1521700,-74.7663000,active,2026-09-28,no,OurAirports
SVJ,IATA,"Svolvær Airport, Helle",68.2433010,14.6692000,active,2026-09-28,no,OurAirports
SVL,IATA,Savonlinna Airport,61.9431000,28.9451010,active,2026-09-28,no,OurAirports
SVO,IATA,Sheremetyevo International Airport,55.9768580,37.4112100,active,2026-09-28,no,OurAirports
SVQ,IATA,Seville Airport,37.4179990,-5.8931100,active,2026-09-28,no,OurAirports
SVR,IATA,Savissivik Heliport,76.0186130,-65.1176830,active,2026-09-28,no,OurAirports
SVS,IATA,Stevens Village Airport,66.0167270,-149.0568350,active,2026-09-28,no,OurAirports
SVU,IATA,Savusavu Airport,-16.8033940,179.3405870,active,2026-09-28,no,OurAirports
SVX,IATA,Koltsovo Airport,56.7430992,60.8027000,active,2026-09-28,no,OurAirports
SVZ,IATA,Juan Vicente Gómez International Airport,7.8408090,-72.4398780,active,2026-09-28,no,OurAirports
SWA,IATA,Jieyang Chaoshan International Airport,23.5520000,116.5033000,active,2026-09-28,no,OurAirports
SWF,IATA,New York Stewart International Airport,41.5042100,-74.1089010,active,2026-09-28,no,OurAirports
SWL,IATA,San Vicente Airport,10.5242980,119.2728990,active,2026-09-28,no,OurAirports
SWO,IATA,Stillwater Regional Airport,36.1621320,-97.0855810,active,2026-09-28,no,OurAirports
SWQ,IATA,Sultan Muhammad Kaharuddin III Airport,-8.4890400,117.4120030,active,2026-09-28,no,OurAirports
SWX,IATA,Shakawe Airport,-18.3738995,21.8325996,active,2026-09-28,no,OurAirports
SXB,IATA,Strasbourg Airport,48.5383000,7.6282300,active,2026-09-28,no,OurAirports
SXK,IATA,Mathilda Batlayeri Airport,-7.8483540,131.3370680,active,2026-09-28,no,OurAirports
SXM,IATA,Princess Juliana International Airport,18.0410000,-63.1088980,active,2026-09-28,no,OurAirports
SXP,IATA,Nunam Iqua Airport,62.5205990,-164.8480060,active,2026-09-28,no,OurAirports
SXR,IATA,Srinagar International Airport,33.9870990,74.7742000,active,2026-09-28,no,OurAirports
SYB,IATA,Seal Bay Seaplane Base,58.3732910,-152.2017970,active,2026-09-28,no,OurAirports
SYD,IATA,Sydney Kingsford Smith International Airport,-33.9460980,151.1770020,active,2026-09-28,no,OurAirports
SYF,IATA,Silva Bay Seaplane Base,49.1510000,-123.6980000,active,2026-09-28,no,OurAirports
SYM,IATA,Pu'er Simao Airport,22.7933010,100.9590000,active,2026-09-28,no,OurAirports
SYO,IATA,Shonai Airport,38.8121990,139.7870030,active,2026-09-28,no,OurAirports
SYQ,IATA,Tobías Bolaños International Airport,9.9570500,-84.1398010,active,2026-09-28,no,OurAirports
SYR,IATA,Syracuse Hancock International Airport,43.1111984,-76.1063004,active,2026-09-28,no,OurAirports
SYS,IATA,Saskylakh Airport,71.9279020,114.0800020,active,2026-09-28,no,OurAirports
SYU,IATA,Warraber Island Airport,-10.2082996,142.8249969,active,2026-09-28,no,OurAirports
SYX,IATA,Sanya Phoenix International Airport,18.3029000,109.4120030,active,2026-09-28,no,OurAirports
SYY,IATA,Stornoway Airport,58.2155990,-6.3311100,active,2026-09-28,no,OurAirports
SYZ,IATA,Shiraz Shahid Dastghaib International Airport,29.5392000,52.5898020,active,2026-09-28,no,OurAirports
SZA,IATA,Soyo Airport,-6.1410899,12.3718004,active,2026-09-28,no,OurAirports
SZB,IATA,Sultan Abdul Aziz Shah International Airport,3.1305800,101.5490040,active,2026-09-28,no,OurAirports
SZE,IATA,Semera Airport,11.7875000,40.9915000,active,2026-09-28,no,OurAirports
SZF,IATA,Samsun-Çarşamba Airport,41.2539880,36.5675460,active,2026-09-28,no,OurAirports
SZG,IATA,Salzburg Airport,47.7933010,13.0043000,active,2026-09-28,no,OurAirports
SZH,IATA,Shuozhou Zirun Airport,39.2732410,112.6915520,active,2026-09-28,no,OurAirports
SZI,IATA,Zaysan Airport,47.4874910,84.8876750,active,2026-09-28,no,OurAirports
SZK,IATA,Skukuza Airport,-24.9608500,31.5885870,active,2026-09-28,no,OurAirports
SZX,IATA,Shenzhen Bao'an International Airport,22.6394740,113.8032620,active,2026-09-28,no,OurAirports
SZY,IATA,Olsztyn-Mazury Airport,53.4818990,20.9377000,active,2026-09-28,no,OurAirports
SZZ,IATA,Solidarity Szczecin–Goleniów Airport,53.5847020,14.9022000,active,2026-09-28,no,OurAirports
TAB,IATA,A.N.R. Robinson International Airport,11.1495710,-60.8312980,active,2026-09-28,no,OurAirports
TAC,IATA,Daniel Z. Romualdez Airport,11.2277610,125.0277830,active,2026-09-28,no,OurAirports
TAE,IATA,Daegu International Airport,35.8943940,128.6569890,active,2026-09-28,no,OurAirports
TAG,IATA,Bohol-Panglao International Airport,9.5730450,123.7701430,active,2026-09-28,no,OurAirports
TAH,IATA,Whitegrass Airport,-19.4550990,169.2239990,active,2026-09-28,no,OurAirports
TAI,IATA,Taiz International Airport,13.6860000,44.1390990,active,2026-09-28,no,OurAirports
TAK,IATA,Takamatsu Airport,34.2149630,134.0154540,active,2026-09-28,no,OurAirports
TAL,IATA,Ralph M Calhoun Memorial Airport,65.1744000,-152.1089940,active,2026-09-28,no,OurAirports
TAM,IATA,General Francisco Javier Mina International Airport,22.2926220,-97.8670580,active,2026-09-28,no,OurAirports
TAO,IATA,Qingdao Jiaodong International Airport,36.3619530,120.0881710,active,2026-09-28,no,OurAirports
TAP,IATA,Tapachula International Airport,14.7945490,-92.3698710,active,2026-09-28,no,OurAirports
TAS,IATA,Tashkent International Airport,41.2579000,69.2811970,active,2026-09-28,no,OurAirports
TAT,IATA,Poprad-Tatry Airport,49.0709940,20.2413940,active,2026-09-28,no,OurAirports
TAY,IATA,Tartu Airport,58.3074380,26.6864730,active,2026-09-28,no,OurAirports
TAZ,IATA,Dashoguz International Airport,41.7598530,59.8361490,active,2026-09-28,no,OurAirports
TBB,IATA,Dong Tac Airport,13.0496000,109.3340000,active,2026-09-28,no,OurAirports
TBG,IATA,Tabubil Airport,-5.2804710,141.2275760,active,2026-09-28,no,OurAirports
TBH,IATA,Tugdan Airport,12.3109999,122.0849991,active,2026-09-28,no,OurAirports
TBI,IATA,New Bight Airport,24.3153000,-75.4523010,active,2026-09-28,no,OurAirports
TBJ,IATA,Tabarka-Aïn Draham International Airport,36.9800000,8.8769400,active,2026-09-28,no,OurAirports
TBM,IATA,Tumbang Samba Airport,-1.4690240,113.0809840,active,2026-09-28,no,OurAirports
TBN,IATA,Waynesville-St. Robert Regional Airport-Forney Field,37.7416000,-92.1407010,active,2026-09-28,no,OurAirports
TBO,IATA,Tabora Airport,-5.0763900,32.8333020,active,2026-09-28,no,OurAirports
TBP,IATA,Captain Pedro Canga Rodríguez International Airport,-3.5520740,-80.3810860,active,2026-09-28,no,OurAirports
TBS,IATA,Tbilisi International Airport,41.6692010,44.9547000,active,2026-09-28,no,OurAirports
TBT,IATA,Tabatinga International Airport,-4.2556700,-69.9357990,active,2026-09-28,no,OurAirports
TBU,IATA,Fua'amotu International Airport,-21.2414380,-175.1491640,active,2026-09-28,no,OurAirports
TBZ,IATA,Tabriz International Airport,38.1339000,46.2350010,active,2026-09-28,no,OurAirports
TCA,IATA,Tennant Creek Airport,-19.6343994,134.1829987,active,2026-09-28,no,OurAirports
TCB,IATA,Treasure Cay Airport,26.7453003,-77.3912964,active,2026-09-28,no,OurAirports
TCD,IATA,Tarapacá Airport,-2.8958020,-69.7497620,active,2026-09-28,no,OurAirports
TCG,IATA,Tacheng Qianquan Airport,46.6725010,83.3407970,active,2026-09-28,no,OurAirports
TCO,IATA,La Florida Airport,1.8144200,-78.7492000,active,2026-09-28,no,OurAirports
TCP,IATA,Taba International Airport,29.5944960,34.7757520,active,2026-09-28,no,OurAirports
TCQ,IATA,Coronel FAP Carlos Ciriani Santa Rosa International Airport,-18.0533009,-70.2758026,active,2026-09-28,no,OurAirports
TCR,IATA,Tuticorin Airport,8.7242410,78.0258030,active,2026-09-28,no,OurAirports
TCT,IATA,Takotna Airport,62.9932060,-156.0290260,active,2026-09-28,no,OurAirports
TCZ,IATA,Tengchong Tuofeng Airport,24.9380560,98.4858330,active,2026-09-28,no,OurAirports
TDD,IATA,Teniente Av. Jorge Henrich Arauz Airport,-14.8187000,-64.9179990,active,2026-09-28,no,OurAirports
TDK,IATA,Taldykorgan Airport,45.1225500,78.4427580,active,2026-09-28,no,OurAirports
TDS,IATA,Sasereme Airport,-7.6217000,142.8680000,active,2026-09-28,no,OurAirports
TDX,IATA,Trat Airport,12.2746000,102.3190000,active,2026-09-28,no,OurAirports
TEB,IATA,Teterboro Airport,40.8501010,-74.0607990,active,2026-09-28,no,OurAirports
TEE,IATA,Cheikh Larbi Tébessi Airport,35.4315987,8.1207199,active,2026-09-28,no,OurAirports
TEK,IATA,Tatitlek Airport,60.8714490,-146.6902970,active,2026-09-28,no,OurAirports
TEN,IATA,Tongren Fenghuang Airport,27.8833330,109.3088890,active,2026-09-28,no,OurAirports
TEQ,IATA,Tekirdağ Çorlu Airport,41.1381990,27.9191000,active,2026-09-28,no,OurAirports
TER,IATA,Lajes Airport,38.7617990,-27.0907990,active,2026-09-28,no,OurAirports
TET,IATA,Tete Airport,-16.1047990,33.6402020,active,2026-09-28,no,OurAirports
TEX,IATA,Telluride Regional Airport,37.9538000,-107.9079970,active,2026-09-28,no,OurAirports
TEZ,IATA,Tezpur Airport,26.7091007,92.7846985,active,2026-09-28,no,OurAirports
TFF,IATA,Tefé Airport,-3.3829400,-64.7240980,active,2026-09-28,no,OurAirports
TFI,IATA,Tufi Airport,-9.0759544,149.3198395,active,2026-09-28,no,OurAirports
TFN,IATA,Tenerife Norte-Ciudad de La Laguna Airport,28.4827520,-16.3417070,active,2026-09-28,no,OurAirports
TFS,IATA,Tenerife Sur Airport,28.0445000,-16.5725000,active,2026-09-28,no,OurAirports
TFU,IATA,Chengdu Tianfu International Airport,30.3125200,104.4412840,active,2026-09-28,no,OurAirports
TGD,IATA,Podgorica Airport / Podgorica Golubovci Airbase,42.3594020,19.2519000,active,2026-09-28,no,OurAirports
TGG,IATA,Sultan Mahmud Airport,5.3826399,103.1029968,active,2026-09-28,no,OurAirports
TGH,IATA,Tongoa Airport,-16.8910999,168.5509949,active,2026-09-28,no,OurAirports
TGJ,IATA,Tiga Airport,-21.0964070,167.8037900,active,2026-09-28,no,OurAirports
TGM,IATA,Târgu Mureş Transilvania International Airport,46.4677010,24.4125000,active,2026-09-28,no,OurAirports
TGO,IATA,Tongliao Airport,43.5567020,122.1999970,active,2026-09-28,no,OurAirports
TGQ,IATA,Tangará da Serra Airport,-14.6620000,-57.4437440,active,2026-09-28,no,OurAirports
TGR,IATA,Touggourt Sidi Madhi Airport,33.0677990,6.0886700,active,2026-09-28,no,OurAirports
TGT,IATA,Tanga Airport,-5.0923600,39.0712010,active,2026-09-28,no,OurAirports
TGU,IATA,Toncontín Airport,14.0609000,-87.2172010,active,2026-09-28,no,OurAirports
TGZ,IATA,Angel Albino Corzo International Airport,16.5616110,-93.0257310,active,2026-09-28,no,OurAirports
THD,IATA,Tho Xuan Airport,19.9016670,105.4677780,active,2026-09-28,no,OurAirports
THE,IATA,Senador Petrônio Portela Airport,-5.0602500,-42.8237120,active,2026-09-28,no,OurAirports
THG,IATA,Thangool Airport,-24.4948630,150.5779670,active,2026-09-28,no,OurAirports
THL,IATA,Tachileik Airport,20.4838009,99.9354019,active,2026-09-28,no,OurAirports
THN,IATA,Trollhättan-Vänersborg Airport,58.3181000,12.3450003,active,2026-09-28,no,OurAirports
THO,IATA,Þórshöfn Airport,66.2184590,-15.3347390,active,2026-09-28,no,OurAirports
THQ,IATA,Tianshui Maijishan Airport,34.5601000,105.8603430,active,2026-09-28,no,OurAirports
THR,IATA,Mehrabad International Airport,35.6891750,51.3143920,active,2026-09-28,no,OurAirports
THS,IATA,Sukhothai Airport,17.2380009,99.8181992,active,2026-09-28,no,OurAirports
THX,IATA,Turukhansk Airport,65.7972030,87.9353030,active,2026-09-28,no,OurAirports
TIA,IATA,Tirana International Airport Mother Teresa,41.4147000,19.7206000,active,2026-09-28,no,OurAirports
TIE,IATA,Tippi Airport,7.2024000,35.4150000,active,2026-09-28,no,OurAirports
TIF,IATA,Taif International Airport,21.4847390,40.5440740,active,2026-09-28,no,OurAirports
TIH,IATA,Tikehau Airport,-15.1196000,-148.2310030,active,2026-09-28,no,OurAirports
TIJ,IATA,General Abelardo L. Rodriguez International Airport,32.5410430,-116.9699760,active,2026-09-28,no,OurAirports
TIM,IATA,Mozes Kilangin Airport,-4.5297800,136.8873880,active,2026-09-28,no,OurAirports
TIN,IATA,Tindouf Airport,27.7003994,-8.1671000,active,2026-09-28,no,OurAirports
TIQ,IATA,Francisco Manglona Borja / Tinian International Airport,14.9992070,145.6193550,active,2026-09-28,no,OurAirports
TIR,IATA,Tirupati International Airport,13.6319880,79.5398690,active,2026-09-28,no,OurAirports
TIU,IATA,Timaru Airport,-44.3027992,171.2250061,active,2026-09-28,no,OurAirports
TIV,IATA,Tivat Airport,42.4047010,18.7233010,active,2026-09-28,no,OurAirports
TIW,IATA,Tacoma Narrows Airport,47.2674070,-122.5772950,active,2026-09-28,no,OurAirports
TIZ,IATA,Tari Airport,-5.8450000,142.9479980,active,2026-09-28,no,OurAirports
TJA,IATA,Capitan Oriel Lea Plaza Airport,-21.5557000,-64.7013020,active,2026-09-28,no,OurAirports
TJG,IATA,Warukin Airport,-2.2165600,115.4359970,active,2026-09-28,no,OurAirports
TJH,IATA,Konotori Tajima Airport,35.5127980,134.7870030,active,2026-09-28,no,OurAirports
TJK,IATA,Tokat Airport,40.3247200,36.3905600,active,2026-09-28,no,OurAirports
TJL,IATA,Plínio Alarcom Airport,-20.7526430,-51.6820260,active,2026-09-28,no,OurAirports
TJM,IATA,Roshchino International Airport,57.1789840,65.3276960,active,2026-09-28,no,OurAirports
TJQ,IATA,H A S Hanandjoeddin International Airport,-2.7441090,107.7545350,active,2026-09-28,no,OurAirports
TJS,IATA,Tanjung Harapan Airport,2.8381390,117.3745840,active,2026-09-28,no,OurAirports
TJU,IATA,Kulob International Airport,37.9880980,69.8050000,active,2026-09-28,no,OurAirports
TKD,IATA,Takoradi Airport,4.8960600,-1.7747600,active,2026-09-28,no,OurAirports
TKE,IATA,Tenakee Seaplane Base,57.7797010,-135.2180020,active,2026-09-28,no,OurAirports
TKF,IATA,Truckee Tahoe Airport,39.3186280,-120.1405620,active,2026-09-28,no,OurAirports
TKG,IATA,Radin Inten II International Airport,-5.2468030,105.1825310,active,2026-09-28,no,OurAirports
TKJ,IATA,Tok Junction Airport,63.3294983,-142.9539948,active,2026-09-28,no,OurAirports
TKK,IATA,Chuuk International Airport,7.4618700,151.8430020,active,2026-09-28,no,OurAirports
TKM,IATA,Taksimo Airport,56.3616680,114.9300000,active,2026-09-28,no,OurAirports
TKN,IATA,Tokunoshima Airport,27.8363820,128.8813560,active,2026-09-28,no,OurAirports
TKP,IATA,Takapoto Airport,-14.7095003,-145.2460022,active,2026-09-28,no,OurAirports
TKQ,IATA,Kigoma Airport,-4.8862000,29.6709000,active,2026-09-28,no,OurAirports
TKS,IATA,Tokushima Awaodori Airport / JMSDF Tokushima Air Base,34.1325590,134.6078160,active,2026-09-28,no,OurAirports
TKU,IATA,Turku Airport,60.5140990,22.2628000,active,2026-09-28,no,OurAirports
TKV,IATA,Tatakoto Airport,-17.3552260,-138.4473400,active,2026-09-28,no,OurAirports
TKX,IATA,Takaroa Airport,-14.4558001,-145.0249939,active,2026-09-28,no,OurAirports
TLA,IATA,Teller Airport,65.2404020,-166.3390050,active,2026-09-28,no,OurAirports
TLC,IATA,Adolfo López Mateos International Airport,19.3369000,-99.5658300,active,2026-09-28,no,OurAirports
TLE,IATA,Toliara Airport,-23.3834000,43.7285000,active,2026-09-28,no,OurAirports
TLH,IATA,Tallahassee International Airport,30.4012090,-84.3543300,active,2026-09-28,no,OurAirports
TLI,IATA,Sultan Bantilan Airport,1.1234280,120.7936580,active,2026-09-28,no,OurAirports
TLL,IATA,Lennart Meri Tallinn Airport,59.4132460,24.8326400,active,2026-09-28,no,OurAirports
TLM,IATA,Zenata – Messali El Hadj Airport,35.0127320,-1.4571170,active,2026-09-28,no,OurAirports
TLN,IATA,Toulon-Hyères Airport,43.0973010,6.1460300,active,2026-09-28,no,OurAirports
TLQ,IATA,Turpan Jiaohe Airport,43.0308000,89.0987000,active,2026-09-28,no,OurAirports
TLS,IATA,Toulouse-Blagnac Airport,43.6291010,1.3638200,active,2026-09-28,no,OurAirports
TLT,IATA,Tuluksak Airport,61.0869730,-160.9228420,active,2026-09-28,no,OurAirports
TLU,IATA,Golfo de Morrosquillo Airport,9.5094500,-75.5854000,active,2026-09-28,no,OurAirports
TLV,IATA,Ben Gurion International Airport,32.0113980,34.8867000,active,2026-09-28,no,OurAirports
TLY,IATA,Plastun Airport,44.8149990,136.2920070,active,2026-09-28,no,OurAirports
TMC,IATA,Tambolaka Airport,-9.4092240,119.2425580,active,2026-09-28,no,OurAirports
TME,IATA,Gustavo Vargas Airport,6.4510800,-71.7603000,active,2026-09-28,no,OurAirports
TMF,IATA,Thimarafushi Airport,2.2110000,73.1533000,active,2026-09-28,no,OurAirports
TMG,IATA,Tomanggong Airport,5.4025700,118.6576300,active,2026-09-28,no,OurAirports
TMH,IATA,Tanah Merah Airport,-6.0966900,140.3035210,active,2026-09-28,no,OurAirports
TMI,IATA,Tumling Tar Airport,27.3150010,87.1932980,active,2026-09-28,no,OurAirports
TMJ,IATA,Termez Airport,37.2872610,67.3118690,active,2026-09-28,no,OurAirports
TML,IATA,Yakubu Tali International Airport,9.5539090,-0.8660600,active,2026-09-28,no,OurAirports
TMM,IATA,Toamasina Ambalamanasy Airport,-18.1135370,49.3922620,active,2026-09-28,no,OurAirports
TMP,IATA,Tampere-Pirkkala Airport,61.4141010,23.6044010,active,2026-09-28,no,OurAirports
TMR,IATA,Aguenar – Hadj Bey Akhamok Airport,22.8109920,5.4508320,active,2026-09-28,no,OurAirports
TMS,IATA,São Tomé International Airport,0.3781750,6.7121500,active,2026-09-28,no,OurAirports
TMT,IATA,Trombetas Airport,-1.4896000,-56.3968010,active,2026-09-28,no,OurAirports
TMW,IATA,Tamworth Airport,-31.0778980,150.8454840,active,2026-09-28,no,OurAirports
TMX,IATA,Timimoun Airport,29.2371010,0.2760330,active,2026-09-28,no,OurAirports
TNA,IATA,Jinan Yaoqiang International Airport,36.8572010,117.2160030,active,2026-09-28,no,OurAirports
TNC,IATA,Tin City Long Range Radar Station Airport,65.5631030,-167.9219970,active,2026-09-28,no,OurAirports
TND,IATA,Alberto Delgado Airport,21.7883000,-79.9972000,active,2026-09-28,no,OurAirports
TNE,IATA,New Tanegashima Airport,30.6051006,130.9909973,active,2026-09-28,no,OurAirports
TNG,IATA,Tangier Ibn Battuta Airport,35.7317410,-5.9214590,active,2026-09-28,no,OurAirports
TNH,IATA,Tonghua Sanyuanpu Airport,42.0484350,125.7339630,active,2026-09-28,no,OurAirports
TNJ,IATA,Raja Haji Fisabilillah International Airport,0.9239700,104.5334100,active,2026-09-28,no,OurAirports
TNK,IATA,Tununak Airport,60.5696380,-165.2466490,active,2026-09-28,no,OurAirports
TNN,IATA,Tainan International Airport / Tainan Air Base,22.9503990,120.2060010,active,2026-09-28,no,OurAirports
TNR,IATA,Ivato International Airport,-18.7969000,47.4788020,active,2026-09-28,no,OurAirports
TOD,IATA,Tioman Airport,2.8181800,104.1600040,active,2026-09-28,no,OurAirports
TOE,IATA,Tozeur Nefta International Airport,33.9397011,8.1105604,active,2026-09-28,no,OurAirports
TOF,IATA,Tomsk Kamov Airport,56.3802990,85.2082980,active,2026-09-28,no,OurAirports
TOG,IATA,Togiak Airport,59.0527990,-160.3970030,active,2026-09-28,no,OurAirports
TOL,IATA,Eugene F. Kranz Toledo Express Airport,41.5868000,-83.8078000,active,2026-09-28,no,OurAirports
TOM,IATA,Tombouktou Airport,16.7304990,-3.0075800,active,2026-09-28,no,OurAirports
TOS,IATA,Tromsø Airport,69.6832960,18.9189000,active,2026-09-28,no,OurAirports
TOU,IATA,Touho Airport,-20.7901270,165.2595240,active,2026-09-28,no,OurAirports
TOW,IATA,Toledo - Luiz Dalcanale Filho Municipal Airport,-24.6863000,-53.6974980,active,2026-09-28,no,OurAirports
TOY,IATA,Toyama Kitokito Airport,36.6484160,137.1873590,active,2026-09-28,no,OurAirports
TPA,IATA,Tampa International Airport,27.9755000,-82.5332030,active,2026-09-28,no,OurAirports
TPE,IATA,Taiwan Taoyuan International Airport,25.0777000,121.2330020,active,2026-09-28,no,OurAirports
TPI,IATA,Tapini Airport,-8.3566667,146.9891667,active,2026-09-28,no,OurAirports
TPJ,IATA,Taplejung Airport,27.3509000,87.6952500,active,2026-09-28,no,OurAirports
TPP,IATA,Cadete FAP Guillermo Del Castillo Paredes Airport,-6.5087399,-76.3731995,active,2026-09-28,no,OurAirports
TPQ,IATA,Amado Nervo National Airport,21.4198330,-104.8424720,active,2026-09-28,no,OurAirports
TPS,IATA,Vincenzo Florio Airport Trapani-Birgi,37.9114000,12.4880000,active,2026-09-28,no,OurAirports
TQA,IATA,Tasiusaq Heliport,73.3730550,-56.0602800,active,2026-09-28,no,OurAirports
TQI,IATA,Tiniteqilaaq Heliport,65.8920270,-37.7834090,active,2026-09-28,no,OurAirports
TQO,IATA,Felipe Carrillo Puerto International Airport Tulum,20.1720980,-87.6602720,active,2026-09-28,no,OurAirports
TQR,IATA,San Domino Island Heliport,42.1177750,15.4906550,active,2026-09-28,no,OurAirports
TRA,IATA,Tarama Airport,24.6537930,124.6754530,active,2026-09-28,no,OurAirports
TRC,IATA,Francisco Sarabia Tinoco International Airport,25.5622650,-103.4046080,active,2026-09-28,no,OurAirports
TRD,IATA,"Trondheim Airport, Værnes",63.4578020,10.9240000,active,2026-09-28,no,OurAirports
TRE,IATA,Tiree Airport,56.4991990,-6.8691700,active,2026-09-28,no,OurAirports
TRF,IATA,"Sandefjord Airport, Torp",59.1866990,10.2586000,active,2026-09-28,no,OurAirports
TRG,IATA,Tauranga Airport,-37.6719017,176.1959991,active,2026-09-28,no,OurAirports
TRI,IATA,Tri-Cities Regional TN/VA Airport,36.4752010,-82.4074010,active,2026-09-28,no,OurAirports
TRK,IATA,Juwata International Airport / Suharnoko Harbani AFB,3.3251450,117.5641690,active,2026-09-28,no,OurAirports
TRN,IATA,Turin Airport,45.2008020,7.6496300,active,2026-09-28,no,OurAirports
TRR,IATA,China Bay Airport,8.5391590,81.1812800,active,2026-09-28,no,OurAirports
TRS,IATA,Trieste Airport,45.8278620,13.4666720,active,2026-09-28,no,OurAirports
TRT,IATA,Toraja Airport,-3.1843590,119.9191040,active,2026-09-28,no,OurAirports
TRU,IATA,Capitán FAP Carlos Martínez de Pinillos International Airport,-8.0823820,-79.1088210,active,2026-09-28,no,OurAirports
TRV,IATA,Thiruvananthapuram International Airport,8.4818890,76.9200290,active,2026-09-28,no,OurAirports
TRW,IATA,Bonriki International Airport,1.3816400,173.1470030,active,2026-09-28,no,OurAirports
TRZ,IATA,Tiruchirappalli International Airport,10.7629150,78.7177410,active,2026-09-28,no,OurAirports
TSA,IATA,Taipei Songshan International Airport,25.0672440,121.5528220,active,2026-09-28,no,OurAirports
TSF,IATA,Treviso Airport,45.6483990,12.1944000,active,2026-09-28,no,OurAirports
TSJ,IATA,Tsushima Airport,34.2849007,129.3309937,active,2026-09-28,no,OurAirports
TSM,IATA,Taos Regional Airport,36.4524940,-105.6774900,active,2026-09-28,no,OurAirports
TSN,IATA,Tianjin Binhai International Airport,39.1244011,117.3460007,active,2026-09-28,no,OurAirports
TSR,IATA,Timișoara Traian Vuia International Airport,45.8098980,21.3379000,active,2026-09-28,no,OurAirports
TSS,IATA,East 34th Street Heliport,40.7423720,-73.9720740,active,2026-09-28,no,OurAirports
TST,IATA,Trang Airport,7.5087400,99.6166000,active,2026-09-28,no,OurAirports
TSV,IATA,Townsville Airport / RAAF Base Townsville,-19.2529040,146.7665120,active,2026-09-28,no,OurAirports
TTA,IATA,Tan Tan Airport,28.4475630,-11.1617490,active,2026-09-28,no,OurAirports
TTE,IATA,Sultan Babullah Airport,0.8310120,127.3816110,active,2026-09-28,no,OurAirports
TTJ,IATA,Tottori Sand Dunes Conan Airport,35.5300580,134.1650230,active,2026-09-28,no,OurAirports
TTN,IATA,Trenton Mercer Airport,40.2766990,-74.8134990,active,2026-09-28,no,OurAirports
TTS,IATA,Tsaratanana Airport,-16.7510640,47.6190160,active,2026-09-28,no,OurAirports
TTT,IATA,Taitung Airport,22.7548560,121.1017940,active,2026-09-28,no,OurAirports
TTU,IATA,Sania Ramel Airport,35.5942990,-5.3200200,active,2026-09-28,no,OurAirports
TTW,IATA,Tissa Tank Waterdrome,6.2876000,81.2906000,active,2026-09-28,no,OurAirports
TUA,IATA,Lieutenant Colonel Luis A. Mantilla International Airport,0.8095060,-77.7080990,active,2026-09-28,no,OurAirports
TUB,IATA,Tubuai Airport,-23.3654003,-149.5240021,active,2026-09-28,no,OurAirports
TUC,IATA,Teniente Benjamín Matienzo International Airport,-26.8373970,-65.1041950,active,2026-09-28,no,OurAirports
TUF,IATA,Tours Val de Loire Airport,47.4322010,0.7276060,active,2026-09-28,no,OurAirports
TUG,IATA,Tuguegarao Airport,17.6433677,121.7331505,active,2026-09-28,no,OurAirports
TUI,IATA,Turaif Domestic Airport,31.6921880,38.7315440,active,2026-09-28,no,OurAirports
TUK,IATA,Turbat International Airport,25.9847670,63.0288560,active,2026-09-28,no,OurAirports
TUL,IATA,Tulsa International Airport,36.1970840,-95.8862250,active,2026-09-28,no,OurAirports
TUN,IATA,Tunis Carthage International Airport,36.8510020,10.2272000,active,2026-09-28,no,OurAirports
TUO,IATA,Taupo Airport,-38.7397003,176.0839996,active,2026-09-28,no,OurAirports
TUP,IATA,Tupelo Regional Airport,34.2681007,-88.7698975,active,2026-09-28,no,OurAirports
TUR,IATA,Tucuruí Airport,-3.7860100,-49.7202990,active,2026-09-28,no,OurAirports
TUS,IATA,Tucson International Airport,32.1150040,-110.9380530,active,2026-09-28,no,OurAirports
TUU,IATA,Prince Sultan bin Abdulaziz International Airport,28.3711000,36.6248650,active,2026-09-28,no,OurAirports
TVC,IATA,Cherry Capital Airport,44.7414020,-85.5821990,active,2026-09-28,no,OurAirports
TVF,IATA,Thief River Falls Regional Airport,48.0657010,-96.1849980,active,2026-09-28,no,OurAirports
TVS,IATA,Tangshan Sannühe Airport,39.7178000,118.0026250,active,2026-09-28,no,OurAirports
TVT,IATA,Tashkent-Khumo International Airport,41.3128890,69.3955350,active,2026-09-28,no,OurAirports
TVU,IATA,Matei Airport,-16.6905990,-179.8769990,active,2026-09-28,no,OurAirports
TVY,IATA,Dawei Airport,14.1039000,98.2035980,active,2026-09-28,no,OurAirports
TWA,IATA,Twin Hills Airport,59.0747130,-160.2749920,active,2026-09-28,no,OurAirports
TWC,IATA,Tumxuk Tangwangcheng Airport,39.8866630,79.2334080,active,2026-09-28,no,OurAirports
TWF,IATA,Joslin Field Magic Valley Regional Airport,42.4818000,-114.4879990,active,2026-09-28,no,OurAirports
TWT,IATA,Sanga Sanga Airport,5.0481960,119.7433380,active,2026-09-28,no,OurAirports
TWU,IATA,Tawau Airport,4.3133800,118.1215200,active,2026-09-28,no,OurAirports
TXE,IATA,Rembele Airport,4.7211300,96.8519430,active,2026-09-28,no,OurAirports
TXK,IATA,Texarkana Regional Airport (Webb Field),33.4537010,-93.9909970,active,2026-09-28,no,OurAirports
TXN,IATA,Huangshan Tunxi International Airport,29.7332990,118.2559970,active,2026-09-28,no,OurAirports
TYF,IATA,Torsby Airport,60.1576000,12.9913000,active,2026-09-28,no,OurAirports
TYL,IATA,Captain Victor Montes Arias International Airport,-4.5766400,-81.2540970,active,2026-09-28,no,OurAirports
TYN,IATA,Taiyuan Wusu International Airport,37.7468990,112.6279980,active,2026-09-28,no,OurAirports
TYR,IATA,Tyler Pounds Regional Airport,32.3540993,-95.4023972,active,2026-09-28,no,OurAirports
TYS,IATA,McGhee Tyson Airport,35.8110010,-83.9940030,active,2026-09-28,no,OurAirports
TZA,IATA,Sir Barry Bowen Municipal Airport,17.5172390,-88.1957750,active,2026-09-28,no,OurAirports
TZL,IATA,Tuzla International Airport,44.4598580,18.7236270,active,2026-09-28,no,OurAirports
TZN,IATA,Congo Town Airport,24.1587010,-77.5897980,active,2026-09-28,no,OurAirports
TZX,IATA,Trabzon International Airport,40.9950980,39.7897000,active,2026-09-28,no,OurAirports
UAH,IATA,Ua Huka Airport,-8.9362280,-139.5540620,active,2026-09-28,no,OurAirports
UAI,IATA,"Commander in Chief of FALINTIL, Kay Rala Xanana Gusmão, International Airport",-9.3018560,125.2863020,active,2026-09-28,no,OurAirports
UAK,IATA,Narsarsuaq Airport,61.1595800,-45.4246900,active,2026-09-28,no,OurAirports
UAP,IATA,Ua Pou Airport,-9.3516700,-140.0780030,active,2026-09-28,no,OurAirports
UAQ,IATA,Domingo Faustino Sarmiento Airport,-31.5715010,-68.4181980,active,2026-09-28,no,OurAirports
UAR,IATA,Bouarfa Airport,32.5143060,-1.9830560,active,2026-09-28,no,OurAirports
UBA,IATA,Mário de Almeida Franco Airport,-19.7650360,-47.9648050,active,2026-09-28,no,OurAirports
UBB,IATA,Mabuiag Island Airport,-9.9501680,142.1952300,active,2026-09-28,no,OurAirports
UBJ,IATA,Yamaguchi Ube Airport,33.9300000,131.2790070,active,2026-09-28,no,OurAirports
UBN,IATA,Ulaanbaatar Chinggis Khaan International Airport,47.6469160,106.8198330,active,2026-09-28,no,OurAirports
UBP,IATA,Ubon Ratchathani Airport,15.2512999,104.8700027,active,2026-09-28,no,OurAirports
UCB,IATA,Ulanqab Jining Airport,41.1302660,113.1072740,active,2026-09-28,no,OurAirports
UCT,IATA,Ukhta Airport,63.5668980,53.8046990,active,2026-09-28,no,OurAirports
UDI,IATA,Ten. Cel. Aviador César Bombonato Airport,-18.8835790,-48.2259360,active,2026-09-28,no,OurAirports
UDR,IATA,Maharana Pratap Airport,24.6177006,73.8961029,active,2026-09-28,no,OurAirports
UEL,IATA,Quelimane Airport,-17.8554993,36.8690987,active,2026-09-28,no,OurAirports
UEO,IATA,Kumejima Airport,26.3634450,126.7138400,active,2026-09-28,no,OurAirports
UET,IATA,Quetta International Airport,30.2514000,66.9377980,active,2026-09-28,no,OurAirports
UFA,IATA,Ufa International Airport,54.5574990,55.8744010,active,2026-09-28,no,OurAirports
UGA,IATA,Bulgan Airport,48.8549995,103.4759979,active,2026-09-28,no,OurAirports
UGC,IATA,Urgench International Airport,41.5827400,60.6433800,active,2026-09-28,no,OurAirports
UGI,IATA,San Juan /Uganik/ Seaplane Base,57.7304000,-153.3209990,active,2026-09-28,no,OurAirports
UGU,IATA,Bilorai Airport,-3.7395030,137.0311830,active,2026-09-28,no,OurAirports
UIB,IATA,El Caraño Airport,5.6907600,-76.6412000,active,2026-09-28,no,OurAirports
UIH,IATA,Phu Cat Airport,13.9550000,109.0420000,active,2026-09-28,no,OurAirports
UII,IATA,Utila Airport,16.1131000,-86.8803020,active,2026-09-28,no,OurAirports
UIN,IATA,Quincy Regional Airport Baldwin Field,39.9426990,-91.1946030,active,2026-09-28,no,OurAirports
UIO,IATA,Mariscal Sucre International Airport,-0.1253990,-78.3543060,active,2026-09-28,no,OurAirports
UIT,IATA,Jaluit Airport,5.9092130,169.6372560,active,2026-09-28,no,OurAirports
UJE,IATA,Ujae Atoll Airport,8.9280600,165.7619930,active,2026-09-28,no,OurAirports
UKB,IATA,Kobe Airport,34.6328010,135.2239990,active,2026-09-28,no,OurAirports
UKE,IATA,Utkela Airport,20.0977780,83.1833330,active,2026-09-28,no,OurAirports
UKG,IATA,Ust-Kuyga Airport,70.0110020,135.6450040,active,2026-09-28,no,OurAirports
UKK,IATA,Oskemen International Airport,50.0350330,82.4960570,active,2026-09-28,no,OurAirports
UKX,IATA,Ust-Kut Airport,56.8567010,105.7300030,active,2026-09-28,no,OurAirports
ULG,IATA,Ölgii Mongolei International Airport,48.9933010,89.9225010,active,2026-09-28,no,OurAirports
ULH,IATA,Al-Ula International Airport,26.4836340,38.1170480,active,2026-09-28,no,OurAirports
ULK,IATA,Lensk Airport,60.7235940,114.8253190,active,2026-09-28,no,OurAirports
ULO,IATA,Ulaangom Airport,50.0665880,91.9382730,active,2026-09-28,no,OurAirports
ULP,IATA,Quilpie Airport,-26.6091760,144.2537460,active,2026-09-28,no,OurAirports
ULU,IATA,Gulu Airport,2.8055601,32.2718010,active,2026-09-28,no,OurAirports
ULV,IATA,Ulyanovsk Baratayevka Airport,54.2701600,48.2255690,active,2026-09-28,no,OurAirports
ULY,IATA,Ulyanovsk Vostochny Airport,54.4010010,48.8027000,active,2026-09-28,no,OurAirports
ULZ,IATA,Donoi Airport,47.7093000,96.5258000,active,2026-09-28,no,OurAirports
UMD,IATA,Uummannaq Heliport,70.6804280,-52.1116300,active,2026-09-28,no,OurAirports
UME,IATA,Umeå Airport,63.7918010,20.2828010,active,2026-09-28,no,OurAirports
UMS,IATA,Ust-Maya Airport,60.3574370,134.4373100,active,2026-09-28,no,OurAirports
UMU,IATA,Orlando de Carvalho Airport,-23.7987000,-53.3138010,active,2026-09-28,no,OurAirports
UNA,IATA,Una-Comandatuba Airport,-15.3543580,-38.9987290,active,2026-09-28,no,OurAirports
UNG,IATA,Kiunga Airport,-6.1257100,141.2819977,active,2026-09-28,no,OurAirports
UNI,IATA,Union Island International Airport,12.6001350,-61.4119450,active,2026-09-28,no,OurAirports
UNK,IATA,Unalakleet Airport,63.8884010,-160.7989960,active,2026-09-28,no,OurAirports
UNN,IATA,Ranong Airport,9.7776200,98.5855030,active,2026-09-28,no,OurAirports
UOL,IATA,Buol - Pogogul Airport,1.1023180,121.4133580,active,2026-09-28,no,OurAirports
UPG,IATA,Sultan Hasanuddin International Airport,-5.0755390,119.5537020,active,2026-09-28,no,OurAirports
UPN,IATA,Uruapan - Licenciado y General Ignacio Lopez Rayon International Airport,19.3967000,-102.0390010,active,2026-09-28,no,OurAirports
URA,IATA,Manshuk Mametova International Airport,51.1519760,51.5436520,active,2026-09-28,no,OurAirports
URC,IATA,Ürümqi Tianshan International Airport,43.9135840,87.4793720,active,2026-09-28,no,OurAirports
URE,IATA,Kuressaare Airport,58.2299004,22.5095005,active,2026-09-28,no,OurAirports
URG,IATA,Rubem Berta Airport,-29.7822000,-57.0382000,active,2026-09-28,no,OurAirports
URJ,IATA,Uray Airport,60.1032980,64.8266980,active,2026-09-28,no,OurAirports
URT,IATA,Surat Thani Airport,9.1325998,99.1355972,active,2026-09-28,no,OurAirports
URY,IATA,Gurayat Domestic Airport,31.4124130,37.2788980,active,2026-09-28,no,OurAirports
USA,IATA,Concord-Padgett Regional Airport,35.3877980,-80.7090990,active,2026-09-28,no,OurAirports
USH,IATA,Ushuaia - Malvinas Argentinas International Airport,-54.8433000,-68.2958000,active,2026-09-28,no,OurAirports
USJ,IATA,Usharal Airport,46.1907670,80.8309220,active,2026-09-28,no,OurAirports
USK,IATA,Usinsk Airport,66.0047000,57.3671990,active,2026-09-28,no,OurAirports
USM,IATA,Samui International Airport,9.5477900,100.0619960,active,2026-09-28,no,OurAirports
USN,IATA,Ulsan Airport,35.5934982,129.3520050,active,2026-09-28,no,OurAirports
USR,IATA,Ust-Nera Airport,64.5500030,143.1150050,active,2026-09-28,no,OurAirports
UST,IATA,Northeast Florida Regional Airport,29.9592000,-81.3397980,active,2026-09-28,no,OurAirports
USU,IATA,Francisco B. Reyes (Busuanga) Airport,12.1218650,120.1008010,active,2026-09-28,no,OurAirports
UTH,IATA,Udon Thani International Airport,17.3861860,102.7885770,active,2026-09-28,no,OurAirports
UTK,IATA,Utirik Airport,11.2222190,169.8514290,active,2026-09-28,no,OurAirports
UTN,IATA,Upington Airport,-28.4002460,21.2635920,active,2026-09-28,no,OurAirports
UTO,IATA,Indian Mountain LRRS Airport,65.9927980,-153.7039950,active,2026-09-28,no,OurAirports
UTP,IATA,U-Tapao–Rayong–Pattaya International Airport,12.6799000,101.0049970,active,2026-09-28,no,OurAirports
UTT,IATA,K. D. Matanzima Airport,-31.5463632,28.6733551,active,2026-09-28,no,OurAirports
UUA,IATA,Bugulma Airport,54.6411840,52.8002290,active,2026-09-28,no,OurAirports
UUD,IATA,Baikal International Airport,51.8086140,107.4396520,active,2026-09-28,no,OurAirports
UUS,IATA,Yuzhno-Sakhalinsk International Airport,46.8854610,142.7174660,active,2026-09-28,no,OurAirports
UVE,IATA,Ouvéa Airport,-20.6409320,166.5730240,active,2026-09-28,no,OurAirports
UVF,IATA,Hewanorra International Airport,13.7332000,-60.9525990,active,2026-09-28,no,OurAirports
UVI,IATA,José Cleto Airport,-26.2332240,-51.0667540,active,2026-09-28,no,OurAirports
UYL,IATA,Nyala Airport,12.0535000,24.9562000,active,2026-09-28,no,OurAirports
UYN,IATA,Yulin Yuyang Airport,38.3597100,109.5909270,active,2026-09-28,no,OurAirports
UYU,IATA,Joya Andina International Airport,-20.4413040,-66.8575530,active,2026-09-28,no,OurAirports
UZR,IATA,Urzhar Airport,47.0917860,81.6682160,active,2026-09-28,no,OurAirports
VAA,IATA,Vaasa Airport,63.0502300,21.7625430,active,2026-09-28,no,OurAirports
VAI,IATA,Vanimo Airport,-2.6926000,141.3028000,active,2026-09-28,no,OurAirports
VAK,IATA,Chevak Airport,61.5409000,-165.6005000,active,2026-09-28,no,OurAirports
VAL,IATA,Valença Airport,-13.2965000,-38.9924010,active,2026-09-28,no,OurAirports
VAM,IATA,Villa International Airport Maamigili,3.4717510,72.8326330,active,2026-09-28,no,OurAirports
VAN,IATA,Van Ferit Melen Airport,38.4682007,43.3322983,active,2026-09-28,no,OurAirports
VAO,IATA,Suavanao Airport,-7.5855600,158.7310030,active,2026-09-28,no,OurAirports
VAQ,IATA,Vanavara Airport,60.3562290,102.3096410,active,2026-09-28,no,OurAirports
VAR,IATA,Varna Airport,43.2321010,27.8251000,active,2026-09-28,no,OurAirports
VAS,IATA,Sivas Nuri Demirağ Airport,39.8138010,36.9035000,active,2026-09-28,no,OurAirports
VAV,IATA,Vava'u International Airport,-18.5853000,-173.9620060,active,2026-09-28,no,OurAirports
VAW,IATA,"Vardø Airport, Svartnes",70.3554000,31.0449010,active,2026-09-28,no,OurAirports
VBS,IATA,Brescia Gabriele d'Annunzio Airport,45.4289020,10.3306000,active,2026-09-28,no,OurAirports
VBV,IATA,Vanua Balavu Airport,-17.2689991,-178.9759979,active,2026-09-28,no,OurAirports
VBY,IATA,Visby Airport,57.6628000,18.3462010,active,2026-09-28,no,OurAirports
VCA,IATA,Can Tho International Airport,10.0833970,105.7093710,active,2026-09-28,no,OurAirports
VCE,IATA,Venice Marco Polo Airport,45.5052990,12.3519000,active,2026-09-28,no,OurAirports
VCL,IATA,Chu Lai Airport,15.4033000,108.7060010,active,2026-09-28,no,OurAirports
VCP,IATA,Viracopos International Airport,-23.0074040,-47.1345020,active,2026-09-28,no,OurAirports
VCS,IATA,Con Dao Airport,8.7318300,106.6330030,active,2026-09-28,no,OurAirports
VCT,IATA,Victoria Regional Airport,28.8526001,-96.9185028,active,2026-09-28,no,OurAirports
VDC,IATA,Glauber de Andrade Rocha Airport,-14.9078850,-40.9148040,active,2026-09-28,no,OurAirports
VDE,IATA,El Hierro Airport,27.8148000,-17.8871000,active,2026-09-28,no,OurAirports
VDH,IATA,Dong Hoi Airport,17.5150000,106.5905560,active,2026-09-28,no,OurAirports
VDM,IATA,Gobernador Castello Airport,-40.8692000,-63.0004000,active,2026-09-28,no,OurAirports
VDO,IATA,Van Don International Airport,21.1206930,107.4153900,active,2026-09-28,no,OurAirports
VDS,IATA,Vadsø Airport,70.0653000,29.8447000,active,2026-09-28,no,OurAirports
VDZ,IATA,Valdez Pioneer Field,61.1327120,-146.2465670,active,2026-09-28,no,OurAirports
VEE,IATA,Venetie Airport,67.0086980,-146.3659970,active,2026-09-28,no,OurAirports
VEL,IATA,Vernal Regional Airport,40.4362140,-109.5116610,active,2026-09-28,no,OurAirports
VEO,IATA,Severo-Yeniseysk Airport,60.3732990,93.0117030,active,2026-09-28,no,OurAirports
VER,IATA,General Heriberto Jara International Airport,19.1395890,-96.1886020,active,2026-09-28,no,OurAirports
VFA,IATA,Victoria Falls International Airport,-18.0974370,25.8368670,active,2026-09-28,no,OurAirports
VGA,IATA,Vijayawada International Airport,16.5300110,80.8048880,active,2026-09-28,no,OurAirports
VGO,IATA,Vigo Airport,42.2318000,-8.6267700,active,2026-09-28,no,OurAirports
VHM,IATA,Vilhelmina South Lapland Airport,64.5791020,16.8335990,active,2026-09-28,no,OurAirports
VHV,IATA,Verkhnevilyuisk Airport,63.4580574,120.2691650,active,2026-09-28,no,OurAirports
VIE,IATA,Vienna International Airport,48.1102980,16.5697000,active,2026-09-28,no,OurAirports
VIG,IATA,Juan Pablo Pérez Alfonso Airport,8.6241390,-71.6726680,active,2026-09-28,no,OurAirports
VII,IATA,Vinh Airport,18.7376003,105.6709976,active,2026-09-28,no,OurAirports
VIJ,IATA,Virgin Gorda Airport,18.4466340,-64.4279320,active,2026-09-28,no,OurAirports
VIL,IATA,Dakhla Airport,23.7183000,-15.9320000,active,2026-09-28,no,OurAirports
VIT,IATA,Vitoria Airport,42.8828010,-2.7244700,active,2026-09-28,no,OurAirports
VIX,IATA,Eurico de Aguiar Salles International Airport,-20.2580000,-40.2850000,active,2026-09-28,no,OurAirports
VJB,IATA,Xai-Xai Chongoene Airport,-24.8929090,33.7530240,active,2026-09-28,no,OurAirports
VKG,IATA,Rach Gia Airport,9.9580300,105.1323795,active,2026-09-28,no,OurAirports
VKO,IATA,Vnukovo International Airport,55.5914990,37.2615010,active,2026-09-28,no,OurAirports
VKT,IATA,Vorkuta Airport,67.4886020,63.9930990,active,2026-09-28,no,OurAirports
VLC,IATA,Valencia Airport,39.4891620,-0.4809610,active,2026-09-28,no,OurAirports
VLD,IATA,Valdosta Regional Airport,30.7824993,-83.2767029,active,2026-09-28,no,OurAirports
VLI,IATA,Bauerfield International Airport,-17.6993010,168.3200070,active,2026-09-28,no,OurAirports
VLL,IATA,Valladolid Airport,41.7061000,-4.8519400,active,2026-09-28,no,OurAirports
VLN,IATA,Arturo Michelena International Airport,10.1497330,-67.9283980,active,2026-09-28,no,OurAirports
VLS,IATA,Valesdir Airport,-16.7961006,168.1770020,active,2026-09-28,no,OurAirports
VLV,IATA,Dr. Antonio Nicolás Briceño Airport,9.3404780,-70.5840610,active,2026-09-28,no,OurAirports
VMU,IATA,Baimuru Airport,-7.4969550,144.8217560,active,2026-09-28,no,OurAirports
VNO,IATA,Vilnius International Airport,54.6341020,25.2858010,active,2026-09-28,no,OurAirports
VNS,IATA,Lal Bahadur Shastri International Airport,25.4521710,82.8625490,active,2026-09-28,no,OurAirports
VNX,IATA,Vilankulo Airport,-22.0184002,35.3133011,active,2026-09-28,no,OurAirports
VOG,IATA,Volgograd International Airport,48.7813400,44.3391940,active,2026-09-28,no,OurAirports
VOL,IATA,Nea Anchialos National Airport,39.2196010,22.7943000,active,2026-09-28,no,OurAirports
VOZ,IATA,Voronezh International Airport,51.8143240,39.2309480,active,2026-09-28,no,OurAirports
VPE,IATA,Ngjiva Pereira Airport,-17.0435009,15.6837997,active,2026-09-28,no,OurAirports
VPN,IATA,Vopnafjörður Airport,65.7205960,-14.8506000,active,2026-09-28,no,OurAirports
VPS,IATA,Destin-Fort Walton Beach Airport,30.4813150,-86.5158390,active,2026-09-28,no,OurAirports
VPY,IATA,Chimoio Airport,-19.1513004,33.4290009,active,2026-09-28,no,OurAirports
VQS,IATA,Antonio Rivera Rodriguez Airport,18.1348000,-65.4935990,active,2026-09-28,no,OurAirports
VRA,IATA,Juan Gualberto Gomez International Airport,23.0344010,-81.4353030,active,2026-09-28,no,OurAirports
VRB,IATA,Vero Beach Regional Airport,27.6556000,-80.4179010,active,2026-09-28,no,OurAirports
VRC,IATA,Virac Airport,13.5763998,124.2060013,active,2026-09-28,no,OurAirports
VRL,IATA,Vila Real Airport,41.2743000,-7.7204700,active,2026-09-28,no,OurAirports
VRN,IATA,Verona Villafranca Valerio Catullo Airport,45.3949550,10.8873030,active,2026-09-28,no,OurAirports
VRY,IATA,Værøy Heliport,67.6545550,12.7272570,active,2026-09-28,no,OurAirports
VSA,IATA,Carlos Rovirosa Pérez International Airport,17.9942830,-92.8181990,active,2026-09-28,no,OurAirports
VSE,IATA,Aerodromo Goncalves Lobato (Viseu Airport),40.7254980,-7.8889900,active,2026-09-28,no,OurAirports
VST,IATA,Stockholm Västerås Airport,59.5894010,16.6336000,active,2026-09-28,no,OurAirports
VSV,IATA,Shravasti Airport,27.4997320,82.0329270,active,2026-09-28,no,OurAirports
VTE,IATA,Wattay International Airport,17.9850520,102.5666920,active,2026-09-28,no,OurAirports
VTU,IATA,Hermanos Ameijeiras Airport,20.9876000,-76.9357990,active,2026-09-28,no,OurAirports
VTZ,IATA,Alluri Sitarama Raju International Airport (Vizag),17.9715120,83.5036170,active,2026-09-28,no,OurAirports
VUP,IATA,Alfonso López Pumarejo Airport,10.4350000,-73.2495000,active,2026-09-28,no,OurAirports
VUS,IATA,Velikiy Ustyug Airport,60.7883000,46.2599980,active,2026-09-28,no,OurAirports
VVC,IATA,Vanguardia Airport,4.1678700,-73.6138000,active,2026-09-28,no,OurAirports
VVI,IATA,Viru Viru International Airport,-17.6448000,-63.1353990,active,2026-09-28,no,OurAirports
VVO,IATA,Vladivostok International Airport,43.3962560,132.1481550,active,2026-09-28,no,OurAirports
VVZ,IATA,Illizi Takhamalt Airport,26.7234990,8.6226500,active,2026-09-28,no,OurAirports
VXC,IATA,Lichinga Airport,-13.2740000,35.2663000,active,2026-09-28,no,OurAirports
VXE,IATA,Cesaria Evora International Airport,16.8333630,-25.0553080,active,2026-09-28,no,OurAirports
VXO,IATA,Växjö Kronoberg Airport,56.9291000,14.7279997,active,2026-09-28,no,OurAirports
VYI,IATA,Vilyuisk Airport,63.7566680,121.6933360,active,2026-09-28,no,OurAirports
WAA,IATA,Wales Airport,65.6225930,-168.0950000,active,2026-09-28,no,OurAirports
WAE,IATA,Wadi Al Dawasir Domestic Airport,20.5042990,45.1996000,active,2026-09-28,no,OurAirports
WAG,IATA,Wanganui Airport,-39.9634670,175.0244400,active,2026-09-28,no,OurAirports
WAW,IATA,Warsaw Chopin Airport,52.1656990,20.9671000,active,2026-09-28,no,OurAirports
WBB,IATA,Stebbins Airport,63.5159990,-162.2780000,active,2026-09-28,no,OurAirports
WBM,IATA,Wapenamanda Airport,-5.6352930,143.8922310,active,2026-09-28,no,OurAirports
WBQ,IATA,Beaver Airport,66.3621980,-147.4069980,active,2026-09-28,no,OurAirports
WDH,IATA,Hosea Kutako International Airport,-22.4799000,17.4709000,active,2026-09-28,no,OurAirports
WDN,IATA,Waldron Airstrip,48.7114100,-123.0182080,active,2026-09-28,no,OurAirports
WDS,IATA,Shiyan Wudangshan Airport,32.5928890,110.9062960,active,2026-09-28,no,OurAirports
WEF,IATA,Weifang Nanyuan Airport,36.6467020,119.1190030,active,2026-09-28,no,OurAirports
WEH,IATA,Weihai Dashuibo Airport,37.1870990,122.2289960,active,2026-09-28,no,OurAirports
WEI,IATA,Weipa Airport,-12.6774930,141.9226180,active,2026-09-28,no,OurAirports
WFB,IATA,Ketchikan Harbor Seaplane Base,55.3498990,-131.6770020,active,2026-09-28,no,OurAirports
WGA,IATA,Wagga Wagga Airport,-35.1634840,147.4683200,active,2026-09-28,no,OurAirports
WGE,IATA,Walgett Airport,-30.0328010,148.1260070,active,2026-09-28,no,OurAirports
WGN,IATA,Shaoyang Wugang Airport,26.8061230,110.6410420,active,2026-09-28,no,OurAirports
WGP,IATA,Umbu Mehang Kunda Airport,-9.6692200,120.3020020,active,2026-09-28,no,OurAirports
WHA,IATA,Wuhu Xuanzhou Airport,31.1045000,118.6668700,active,2026-09-28,no,OurAirports
WHD,IATA,Hyder Seaplane Base,55.9033240,-130.0099750,active,2026-09-28,no,OurAirports
WHK,IATA,Whakatāne Airport,-37.9222240,176.9169600,active,2026-09-28,no,OurAirports
WIC,IATA,Wick John O'Groats Airport,58.4589000,-3.0930600,active,2026-09-28,no,OurAirports
WIL,IATA,Nairobi Wilson Airport,-1.3217200,36.8148000,active,2026-09-28,no,OurAirports
WIN,IATA,Winton Airport,-22.3635998,143.0859985,active,2026-09-28,no,OurAirports
WJR,IATA,Wajir Airport,1.7332400,40.0915990,active,2026-09-28,no,OurAirports
WJU,IATA,Wonju Airport / Hoengseong Air Base (K-38/K-46),37.4371130,127.9600510,active,2026-09-28,no,OurAirports
WKA,IATA,Wanaka Airport,-44.7220910,169.2462870,active,2026-09-28,no,OurAirports
WKJ,IATA,Wakkanai Airport,45.4042015,141.8009949,active,2026-09-28,no,OurAirports
WKK,IATA,Aleknagik / New Airport,59.2826004,-158.6179962,active,2026-09-28,no,OurAirports
WLG,IATA,Wellington International Airport,-41.3268390,174.8068620,active,2026-09-28,no,OurAirports
WLH,IATA,Walaha Airport,-15.4120000,167.6909940,active,2026-09-28,no,OurAirports
WLK,IATA,Selawik Airport,66.6000980,-159.9859920,active,2026-09-28,no,OurAirports
WLS,IATA,Hihifo Airport,-13.2394450,-176.1986500,active,2026-09-28,no,OurAirports
WMI,IATA,Warsaw Modlin Airport,52.4510990,20.6518000,active,2026-09-28,no,OurAirports
WMN,IATA,Maroantsetra Airport,-15.4377420,49.6890810,active,2026-09-28,no,OurAirports
WMO,IATA,White Mountain Airport,64.6892010,-163.4129940,active,2026-09-28,no,OurAirports
WMT,IATA,Zunyi Maotai Airport,27.9618370,106.4354160,active,2026-09-28,no,OurAirports
WMX,IATA,Wamena Airport,-4.0973240,138.9524170,active,2026-09-28,no,OurAirports
WNA,IATA,Napakiak Airport,60.6903000,-161.9790040,active,2026-09-28,no,OurAirports
WNH,IATA,Wenshan Puzhehei Airport,23.5583000,104.3255000,active,2026-09-28,no,OurAirports
WNI,IATA,Matahora Airport,-5.2921230,123.6362330,active,2026-09-28,no,OurAirports
WNN,IATA,Wunnumin Lake Airport,52.8939020,-89.2892000,active,2026-09-28,no,OurAirports
WNP,IATA,Naga Airport,13.5848999,123.2699966,active,2026-09-28,no,OurAirports
WNR,IATA,Windorah Airport,-25.4106410,142.6684280,active,2026-09-28,no,OurAirports
WNS,IATA,Shaheed Benazirabad Airport,26.2194000,68.3900990,active,2026-09-28,no,OurAirports
WNZ,IATA,Wenzhou Longwan International Airport,27.9105720,120.8534650,active,2026-09-28,no,OurAirports
WOS,IATA,Wonsan Kalma Airport,39.1652190,127.4879310,active,2026-09-28,no,OurAirports
WPL,IATA,Powell Lake Seaplane Base,49.8873350,-124.5337200,active,2026-09-28,no,OurAirports
WRE,IATA,Whangarei Airport,-35.7692530,174.3637130,active,2026-09-28,no,OurAirports
WRG,IATA,Wrangell Airport,56.4842987,-132.3699951,active,2026-09-28,no,OurAirports
WRO,IATA,Copernicus Wrocław Airport,51.1037190,16.8820960,active,2026-09-28,no,OurAirports
WRY,IATA,Westray Airport,59.3504750,-2.9500620,active,2026-09-28,no,OurAirports
WSK,IATA,Chongqing Wushan Airport,31.0689600,109.7089580,active,2026-09-28,no,OurAirports
WSN,IATA,South Naknek Number 2 Airport,58.7023620,-157.0054440,active,2026-09-28,no,OurAirports
WST,IATA,Westerly State Airport,41.3496020,-71.8033980,active,2026-09-28,no,OurAirports
WSX,IATA,Westsound/WSX Seaplane Base,48.6179010,-122.9569030,active,2026-09-28,no,OurAirports
WSZ,IATA,Westport Airport,-41.7371110,171.5790330,active,2026-09-28,no,OurAirports
WTA,IATA,Tambohorano Airport,-17.4761010,43.9728010,active,2026-09-28,no,OurAirports
WTB,IATA,Toowoomba Wellcamp Airport,-27.5583320,151.7933350,active,2026-09-28,no,OurAirports
WTE,IATA,Wotje Airport,9.4583330,170.2386110,active,2026-09-28,no,OurAirports
WTK,IATA,Noatak Airport,67.5612410,-162.9804610,active,2026-09-28,no,OurAirports
WTL,IATA,Tuntutuliak Airport,60.3512430,-162.6544760,active,2026-09-28,no,OurAirports
WTO,IATA,Wotho Island Airport,10.1733000,166.0030060,active,2026-09-28,no,OurAirports
WUA,IATA,Wuhai Airport,39.7934000,106.7993000,active,2026-09-28,no,OurAirports
WUH,IATA,Wuhan Tianhe International Airport,30.7747980,114.2137230,active,2026-09-28,no,OurAirports
WUN,IATA,Wiluna Airport,-26.6326910,120.2219060,active,2026-09-28,no,OurAirports
WUS,IATA,Nanping Wuyishan Airport,27.7019000,118.0009990,active,2026-09-28,no,OurAirports
WUT,IATA,Xinzhou Wutaishan Airport,38.5974560,112.9691730,active,2026-09-28,no,OurAirports
WUU,IATA,Wau Airport,7.7258300,27.9750000,active,2026-09-28,no,OurAirports
WUX,IATA,Sunan Shuofang International Airport,31.4969520,120.4303800,active,2026-09-28,no,OurAirports
WUZ,IATA,Wuzhou Xijiang Airport,23.4031600,111.0933100,active,2026-09-28,no,OurAirports
WVB,IATA,Walvis Bay International Airport,-22.9793320,14.6471020,active,2026-09-28,no,OurAirports
WWK,IATA,Wewak International Airport,-3.5838301,143.6690063,active,2026-09-28,no,OurAirports
WWP,IATA,Whale Pass Seaplane Float Harbor Facility,56.1162990,-133.1219940,active,2026-09-28,no,OurAirports
WWT,IATA,Mertarvik Airport,60.8103700,-164.4995110,active,2026-09-28,no,OurAirports
WXN,IATA,Wanzhou Wuqiao Airport,30.8017000,108.4330000,active,2026-09-28,no,OurAirports
WYA,IATA,Whyalla Airport,-33.0588989,137.5140076,active,2026-09-28,no,OurAirports
WYS,IATA,Yellowstone Airport,44.6884000,-111.1179960,active,2026-09-28,no,OurAirports
XAI,IATA,Xinyang Minggang Airport,32.5408190,114.0791410,active,2026-09-28,no,OurAirports
XAP,IATA,Serafin Enoss Bertaso Airport,-27.1341990,-52.6566010,active,2026-09-28,no,OurAirports
XBE,IATA,Bearskin Lake Airport,53.9655991,-91.0271988,active,2026-09-28,no,OurAirports
XBJ,IATA,Birjand International Airport,32.8965250,59.2812580,active,2026-09-28,no,OurAirports
XCH,IATA,Christmas Island International Airport,-10.4503870,105.6911000,active,2026-09-28,no,OurAirports
XCR,IATA,Chalons Vatry airport,48.7733300,4.2061100,active,2026-09-28,no,OurAirports
XEQ,IATA,Tasiusaq Heliport,60.1943050,-44.8134470,active,2026-09-28,no,OurAirports
XFN,IATA,Xiangyang Liuji Airport,32.1522220,112.2916660,active,2026-09-28,no,OurAirports
XGR,IATA,Kangiqsualujjuaq (Georges River) Airport,58.7113990,-65.9927980,active,2026-09-28,no,OurAirports
XIC,IATA,Xichang Qingshan Airport,27.9891000,102.1839980,active,2026-09-28,no,OurAirports
XIL,IATA,Xilinhot Airport,43.9155998,115.9639969,active,2026-09-28,no,OurAirports
XIQ,IATA,Ilimanaq Heliport,69.0809150,-51.1143150,active,2026-09-28,no,OurAirports
XIY,IATA,Xi'an Xianyang International Airport,34.4422070,108.7623850,active,2026-09-28,no,OurAirports
XKH,IATA,Xieng Khouang Airport,19.4500010,103.1579970,active,2026-09-28,no,OurAirports
XKS,IATA,Kasabonika Airport,53.5247002,-88.6427994,active,2026-09-28,no,OurAirports
XLB,IATA,Lac Brochet Airport,58.6142790,-101.4689540,active,2026-09-28,no,OurAirports
XMH,IATA,Manihi Airport,-14.4368000,-146.0700073,active,2026-09-28,no,OurAirports
XMN,IATA,Xiamen Gaoqi International Airport,24.5438890,118.1274540,active,2026-09-28,no,OurAirports
XMS,IATA,Coronel E Carvajal Airport,-2.2991700,-78.1207962,active,2026-09-28,no,OurAirports
XMY,IATA,Yam Island Airport,-9.8991870,142.7742650,active,2026-09-28,no,OurAirports
XNA,IATA,Northwest Arkansas National Airport,36.2818980,-94.3068010,active,2026-09-28,no,OurAirports
XNN,IATA,Xining Caojiabao International Airport,36.5277500,102.0402150,active,2026-09-28,no,OurAirports
XPK,IATA,Pukatawagan Airport,55.7491990,-101.2659990,active,2026-09-28,no,OurAirports
XPL,IATA,Palmerola International Airport,14.3824000,-87.6212010,active,2026-09-28,no,OurAirports
XQP,IATA,Quepos Managua Airport,9.4431600,-84.1297990,active,2026-09-28,no,OurAirports
XQU,IATA,Qualicum Beach Airport,49.3374560,-124.3930860,active,2026-09-28,no,OurAirports
XRY,IATA,Jerez Airport,36.7445980,-6.0601100,active,2026-09-28,no,OurAirports
XSC,IATA,South Caicos Airport,21.5156990,-71.5285030,active,2026-09-28,no,OurAirports
XSI,IATA,South Indian Lake Airport,56.7928010,-98.9072040,active,2026-09-28,no,OurAirports
XSP,IATA,Seletar Airport,1.4155500,103.8667300,active,2026-09-28,no,OurAirports
XTG,IATA,Thargomindah Airport,-27.9863680,143.8120650,active,2026-09-28,no,OurAirports
XTL,IATA,Tadoule Lake Airport,58.7063080,-98.5110570,active,2026-09-28,no,OurAirports
XUZ,IATA,Xuzhou Guanyin International Airport,34.0590560,117.5552780,active,2026-09-28,no,OurAirports
XWA,IATA,Williston Basin International Airport,48.2608630,-103.7511600,active,2026-09-28,no,OurAirports
XYA,IATA,Yandina Airport,-9.0928160,159.2184100,active,2026-09-28,no,OurAirports
YAA,IATA,Anahim Lake Airport,52.4515010,-125.3037760,active,2026-09-28,no,OurAirports
YAB,IATA,Arctic Bay Airport,73.0061010,-85.0461600,active,2026-09-28,no,OurAirports
YAC,IATA,Cat Lake Airport,51.7272000,-91.8244020,active,2026-09-28,no,OurAirports
YAG,IATA,Fort Frances Municipal Airport,48.6557490,-93.4434900,active,2026-09-28,no,OurAirports
YAJ,IATA,Lyall Harbour Seaplane Base,48.7952740,-123.1818010,active,2026-09-28,no,OurAirports
YAK,IATA,Yakutat Airport,59.5087170,-139.6604350,active,2026-09-28,no,OurAirports
YAL,IATA,Alert Bay Airport,50.5821990,-126.9160000,active,2026-09-28,no,OurAirports
YAM,IATA,Sault Ste Marie Airport,46.4832160,-84.5084670,active,2026-09-28,no,OurAirports
YAP,IATA,Yap International Airport,9.4989100,138.0829930,active,2026-09-28,no,OurAirports
YAQ,IATA,Maple Bay Seaplane Base,48.8167000,-123.6084000,active,2026-09-28,no,OurAirports
YAS,IATA,Yasawa Island Airport,-16.7589000,177.5449980,active,2026-09-28,no,OurAirports
YAT,IATA,Attawapiskat Airport,52.9275020,-82.4319000,active,2026-09-28,no,OurAirports
YAV,IATA,Mayne Island Seaplane Base,48.8522410,-123.3019820,active,2026-09-28,no,OurAirports
YAX,IATA,Wapekeka Airport,53.8492012,-89.5793991,active,2026-09-28,no,OurAirports
YAY,IATA,St. Anthony Airport,51.3919090,-56.0832100,active,2026-09-28,no,OurAirports
YAZ,IATA,Tofino / Long Beach Airport,49.0798330,-125.7755830,active,2026-09-28,no,OurAirports
YBB,IATA,Kugaaruk Airport,68.5357110,-89.8055080,active,2026-09-28,no,OurAirports
YBC,IATA,Baie-Comeau Airport,49.1325000,-68.2043990,active,2026-09-28,no,OurAirports
YBE,IATA,Uranium City Airport,59.5614010,-108.4810030,active,2026-09-28,no,OurAirports
YBF,IATA,Bamfield Seaplane Base,48.8359670,-125.1374530,active,2026-09-28,no,OurAirports
YBG,IATA,Saguenay-Bagotville Airport,48.3301230,-70.9920120,active,2026-09-28,no,OurAirports
YBI,IATA,Black Tickle Airport,53.4698360,-55.7875010,active,2026-09-28,no,OurAirports
YBK,IATA,Baker Lake Airport,64.2988968,-96.0777969,active,2026-09-28,no,OurAirports
YBL,IATA,Campbell River Airport,49.9508020,-125.2710040,active,2026-09-28,no,OurAirports
YBP,IATA,Yibin Wuliangye Airport,28.8584310,104.5261570,active,2026-09-28,no,OurAirports
YBQ,IATA,Telegraph Harbour Seaplane Base,48.9700000,-123.6640000,active,2026-09-28,no,OurAirports
YBR,IATA,Brandon Municipal Airport,49.9100000,-99.9518970,active,2026-09-28,no,OurAirports
YBT,IATA,Brochet Airport,57.8894000,-101.6790010,active,2026-09-28,no,OurAirports
YBV,IATA,Berens River Airport,52.3588980,-97.0183030,active,2026-09-28,no,OurAirports
YBW,IATA,Bedwell Harbour Seaplane Base,48.7500000,-123.2330020,active,2026-09-28,no,OurAirports
YBX,IATA,Lourdes-de-Blanc-Sablon Airport,51.4436000,-57.1852990,active,2026-09-28,no,OurAirports
YBY,IATA,Bonnyville Airport,54.3041990,-110.7440030,active,2026-09-28,no,OurAirports
YCB,IATA,Cambridge Bay Airport,69.1081009,-105.1380005,active,2026-09-28,no,OurAirports
YCD,IATA,Nanaimo Airport,49.0549700,-123.8698630,active,2026-09-28,no,OurAirports
YCG,IATA,Castlegar/West Kootenay Regional Airport,49.2963980,-117.6320040,active,2026-09-28,no,OurAirports
YCK,IATA,Tommy Kochon Airport,67.0201500,-126.1283640,active,2026-09-28,no,OurAirports
YCM,IATA,Niagara District Airport,43.1915980,-79.1716860,active,2026-09-28,no,OurAirports
YCO,IATA,Kugluktuk Airport,67.8164080,-115.1430700,active,2026-09-28,no,OurAirports
YCR,IATA,Cross Lake (Charlie Sinclair Memorial) Airport,54.6097580,-97.7624420,active,2026-09-28,no,OurAirports
YCS,IATA,Chesterfield Inlet Airport,63.3469010,-90.7311020,active,2026-09-28,no,OurAirports
YCU,IATA,Yuncheng Yanhu International Airport,35.1178230,111.0340230,active,2026-09-28,no,OurAirports
YCY,IATA,Clyde River Airport,70.4860990,-68.5167010,active,2026-09-28,no,OurAirports
YDA,IATA,Dawson City Airport,64.0430984,-139.1280060,active,2026-09-28,no,OurAirports
YDF,IATA,Deer Lake Airport,49.2081590,-57.3961470,active,2026-09-28,no,OurAirports
YDL,IATA,Dease Lake Airport,58.4221990,-130.0319980,active,2026-09-28,no,OurAirports
YDN,IATA,Dauphin Barker Airport,51.1008000,-100.0520020,active,2026-09-28,no,OurAirports
YDP,IATA,Nain Airport,56.5507780,-61.6822240,active,2026-09-28,no,OurAirports
YDV,IATA,Bloodvein River Airport,51.7845680,-96.6923050,active,2026-09-28,no,OurAirports
YEG,IATA,Edmonton International Airport,53.3097000,-113.5800020,active,2026-09-28,no,OurAirports
YEI,IATA,Bursa Yenişehir Airport,40.2551990,29.5625990,active,2026-09-28,no,OurAirports
YEK,IATA,Arviat Airport,61.0942000,-94.0708010,active,2026-09-28,no,OurAirports
YER,IATA,Fort Severn Airport,56.0189020,-87.6761020,active,2026-09-28,no,OurAirports
YEV,IATA,Inuvik Mike Zubko Airport,68.3041992,-133.4830017,active,2026-09-28,no,OurAirports
YFA,IATA,Fort Albany Airport,52.2034510,-81.6951940,active,2026-09-28,no,OurAirports
YFB,IATA,Iqaluit Airport,63.7564020,-68.5558010,active,2026-09-28,no,OurAirports
YFC,IATA,Fredericton International Airport,45.8686970,-66.5298910,active,2026-09-28,no,OurAirports
YFH,IATA,Fort Hope Airport,51.5619010,-87.9077990,active,2026-09-28,no,OurAirports
YFJ,IATA,Wekweètì Airport,64.1908040,-114.0770020,active,2026-09-28,no,OurAirports
YFO,IATA,Flin Flon Airport,54.6781010,-101.6819990,active,2026-09-28,no,OurAirports
YFS,IATA,Fort Simpson Airport,61.7602005,-121.2369995,active,2026-09-28,no,OurAirports
YFX,IATA,St. Lewis (Fox Harbour) Airport,52.3727990,-55.6739010,active,2026-09-28,no,OurAirports
YGG,IATA,Ganges Seaplane Base,48.8545000,-123.4969000,active,2026-09-28,no,OurAirports
YGH,IATA,Fort Good Hope Airport,66.2406580,-128.6477570,active,2026-09-28,no,OurAirports
YGJ,IATA,Yonago Kitaro Airport / JASDF Miho Air Base,35.4921990,133.2359920,active,2026-09-28,no,OurAirports
YGL,IATA,La Grande Rivière Airport,53.6253014,-77.7042007,active,2026-09-28,no,OurAirports
YGN,IATA,Greenway Sound Seaplane Base,50.8390000,-126.7750000,active,2026-09-28,no,OurAirports
YGO,IATA,Gods Lake Narrows Airport,54.5576800,-94.4900610,active,2026-09-28,no,OurAirports
YGP,IATA,Michel-Pouliot Gaspé Airport,48.7749150,-64.4818930,active,2026-09-28,no,OurAirports
YGR,IATA,Îles-de-la-Madeleine Airport,47.4252420,-61.7786120,active,2026-09-28,no,OurAirports
YGT,IATA,Igloolik Airport,69.3647000,-81.8161010,active,2026-09-28,no,OurAirports
YGV,IATA,Havre-Saint-Pierre Airport,50.2818980,-63.6114010,active,2026-09-28,no,OurAirports
YGW,IATA,Kuujjuarapik Airport,55.2818985,-77.7652969,active,2026-09-28,no,OurAirports
YGX,IATA,Gillam Airport,56.3571200,-94.7115040,active,2026-09-28,no,OurAirports
YGZ,IATA,Grise Fiord Airport,76.4258230,-82.9085830,active,2026-09-28,no,OurAirports
YHA,IATA,Port Hope Simpson Airport,52.5280991,-56.2860985,active,2026-09-28,no,OurAirports
YHG,IATA,Charlottetown Airport,52.7657740,-56.1123700,active,2026-09-28,no,OurAirports
YHH,IATA,Campbell River Seaplane Base,50.0499990,-125.2500000,active,2026-09-28,no,OurAirports
YHI,IATA,Ulukhaktok Holman Airport,70.7628020,-117.8060000,active,2026-09-28,no,OurAirports
YHK,IATA,Gjoa Haven Airport,68.6355970,-95.8497010,active,2026-09-28,no,OurAirports
YHM,IATA,John C. Munro Hamilton International Airport,43.1713080,-79.9294160,active,2026-09-28,no,OurAirports
YHO,IATA,Hopedale Airport,55.4487570,-60.2281240,active,2026-09-28,no,OurAirports
YHP,IATA,Poplar Hill Airport,52.1133000,-94.2556000,active,2026-09-28,no,OurAirports
YHR,IATA,Chevery Airport,50.4683220,-59.6378230,active,2026-09-28,no,OurAirports
YHU,IATA,Montréal / Saint-Hubert Metropolitan Airport,45.5175020,-73.4169010,active,2026-09-28,no,OurAirports
YHY,IATA,Hay River / Merlyn Carter Airport,60.8396988,-115.7829971,active,2026-09-28,no,OurAirports
YHZ,IATA,Halifax / Stanfield International Airport,44.8807983,-63.5085983,active,2026-09-28,no,OurAirports
YIA,IATA,Yogyakarta International Airport,-7.9053380,110.0572640,active,2026-09-28,no,OurAirports
YIC,IATA,Yichun Mingyueshan Airport,27.8025000,114.3062000,active,2026-09-28,no,OurAirports
YIE,IATA,Arxan Yi'ershi Airport,47.3106000,119.9117000,active,2026-09-28,no,OurAirports
YIF,IATA,St Augustin Airport,51.2117000,-58.6582980,active,2026-09-28,no,OurAirports
YIG,IATA,Big Bay Seaplane Base,50.3923000,-125.1372000,active,2026-09-28,no,OurAirports
YIH,IATA,Yichang Sanxia Airport,30.5541320,111.4825630,active,2026-09-28,no,OurAirports
YIK,IATA,Ivujivik Airport,62.4173010,-77.9253010,active,2026-09-28,no,OurAirports
YIN,IATA,Ili Yining International Airport,43.9557990,81.3302990,active,2026-09-28,no,OurAirports
YIO,IATA,Pond Inlet Airport,72.6894940,-77.9689410,active,2026-09-28,no,OurAirports
YIV,IATA,Island Lake Airport,53.8572006,-94.6536026,active,2026-09-28,no,OurAirports
YIW,IATA,Yiwu Airport,29.3420950,120.0311600,active,2026-09-28,no,OurAirports
YKA,IATA,Kamloops John Moose Fulton Field Regional Airport,50.7030380,-120.4486410,active,2026-09-28,no,OurAirports
YKF,IATA,Region of Waterloo International Airport,43.4608000,-80.3786010,active,2026-09-28,no,OurAirports
YKG,IATA,Kangirsuk Airport,60.0271990,-69.9991990,active,2026-09-28,no,OurAirports
YKH,IATA,Yingkou Lanqi Airport,40.5425240,122.3586000,active,2026-09-28,no,OurAirports
YKL,IATA,Schefferville Airport,54.8053017,-66.8052979,active,2026-09-28,no,OurAirports
YKM,IATA,Yakima Air Terminal McAllister Field,46.5681992,-120.5439987,active,2026-09-28,no,OurAirports
YKO,IATA,Hakkari Yüksekova Airport,37.5497000,44.2381000,active,2026-09-28,no,OurAirports
YKQ,IATA,Waskaganish Airport,51.4733010,-78.7583010,active,2026-09-28,no,OurAirports
YKS,IATA,Platon Oyunsky Yakutsk International Airport,62.0933000,129.7709960,active,2026-09-28,no,OurAirports
YKU,IATA,Chisasibi Airport,53.8055992,-78.9169006,active,2026-09-28,no,OurAirports
YLC,IATA,Kimmirut Airport,62.8482530,-69.8778530,active,2026-09-28,no,OurAirports
YLE,IATA,Whatì Airport,63.1316990,-117.2460020,active,2026-09-28,no,OurAirports
YLH,IATA,Lansdowne House Airport,52.1955990,-87.9341960,active,2026-09-28,no,OurAirports
YLK,IATA,Barrie-Lake Simcoe Regional Airport,44.4850560,-79.5546630,active,2026-09-28,no,OurAirports
YLL,IATA,Lloydminster Airport,53.3092000,-110.0729980,active,2026-09-28,no,OurAirports
YLW,IATA,Kelowna International Airport,49.9561000,-119.3779980,active,2026-09-28,no,OurAirports
YLX,IATA,Yulin Fumian Airport,22.4330420,110.1199960,active,2026-09-28,no,OurAirports
YMF,IATA,Montague Harbour Seaplane Base,48.8922500,-123.3921500,active,2026-09-28,no,OurAirports
YMH,IATA,Mary's Harbour Airport,52.3028370,-55.8474330,active,2026-09-28,no,OurAirports
YMM,IATA,Fort McMurray International Airport,56.6533010,-111.2220000,active,2026-09-28,no,OurAirports
YMN,IATA,Makkovik Airport,55.0773350,-59.1879420,active,2026-09-28,no,OurAirports
YMO,IATA,Moosonee Airport,51.2910995,-80.6078033,active,2026-09-28,no,OurAirports
YMP,IATA,Port McNeill Airport,50.5734800,-127.0277020,active,2026-09-28,no,OurAirports
YMS,IATA,Moises Benzaquen Rengifo Airport,-5.8937700,-76.1182020,active,2026-09-28,no,OurAirports
YMT,IATA,Chapais Airport,49.7719002,-74.5280991,active,2026-09-28,no,OurAirports
YMX,IATA,Montreal Mirabel International Airport,45.6795010,-74.0386960,active,2026-09-28,no,OurAirports
YNA,IATA,Natashquan Airport,50.1901140,-61.7889800,active,2026-09-28,no,OurAirports
YNB,IATA,Prince Abdulmohsen Bin Abdulaziz International Airport,24.1441990,38.0634000,active,2026-09-28,no,OurAirports
YNC,IATA,Wemindji Airport,53.0106010,-78.8311000,active,2026-09-28,no,OurAirports
YND,IATA,Ottawa / Gatineau Airport,45.5217020,-75.5635990,active,2026-09-28,no,OurAirports
YNE,IATA,Norway House Airport,53.9583020,-97.8442000,active,2026-09-28,no,OurAirports
YNJ,IATA,Yanji Chaoyangchuan Airport,42.8828011,129.4510040,active,2026-09-28,no,OurAirports
YNL,IATA,Points North Landing Airport,58.2766991,-104.0820007,active,2026-09-28,no,OurAirports
YNO,IATA,North Spirit Lake Airport,52.4900017,-92.9710999,active,2026-09-28,no,OurAirports
YNP,IATA,Natuashish Airport,55.9138980,-61.1843990,active,2026-09-28,no,OurAirports
YNS,IATA,Nemiscau Airport,51.6911010,-76.1355970,active,2026-09-28,no,OurAirports
YNT,IATA,Yantai Penglai International Airport,37.6597240,120.9781240,active,2026-09-28,no,OurAirports
YNY,IATA,Yangyang International Airport,38.0604810,128.6698220,active,2026-09-28,no,OurAirports
YNZ,IATA,Yancheng Nanyang International Airport,33.4283170,120.2054500,active,2026-09-28,no,OurAirports
YOC,IATA,Old Crow Airport,67.5706020,-139.8390050,active,2026-09-28,no,OurAirports
YOG,IATA,Ogoki Post Airport,51.6585999,-85.9017029,active,2026-09-28,no,OurAirports
YOH,IATA,Oxford House Airport,54.9333000,-95.2789000,active,2026-09-28,no,OurAirports
YOJ,IATA,High Level Airport,58.6213989,-117.1650009,active,2026-09-28,no,OurAirports
YOL,IATA,Yola Airport,9.2575502,12.4303999,active,2026-09-28,no,OurAirports
YON,IATA,Yongphulla Airport,27.2562700,91.5146330,active,2026-09-28,no,OurAirports
YOW,IATA,Ottawa Macdonald-Cartier International Airport,45.3224980,-75.6691970,active,2026-09-28,no,OurAirports
YPA,IATA,Prince Albert Glass Field,53.2141991,-105.6729965,active,2026-09-28,no,OurAirports
YPC,IATA,Paulatuk (Nora Aliqatchialuk Ruben) Airport,69.3608380,-124.0754700,active,2026-09-28,no,OurAirports
YPE,IATA,Peace River Airport,56.2268980,-117.4469990,active,2026-09-28,no,OurAirports
YPH,IATA,Inukjuak Airport,58.4719010,-78.0768970,active,2026-09-28,no,OurAirports
YPJ,IATA,Aupaluk Airport,59.2967000,-69.5997010,active,2026-09-28,no,OurAirports
YPL,IATA,Pickle Lake Airport,51.4463997,-90.2142029,active,2026-09-28,no,OurAirports
YPM,IATA,Pikangikum Airport,51.8196980,-93.9732970,active,2026-09-28,no,OurAirports
YPN,IATA,Port-Menier Airport,49.8363990,-64.2885970,active,2026-09-28,no,OurAirports
YPO,IATA,Peawanuck Airport,54.9879320,-85.4426480,active,2026-09-28,no,OurAirports
YPQ,IATA,Peterborough Regional Airport,44.2322510,-78.3620530,active,2026-09-28,no,OurAirports
YPR,IATA,Prince Rupert Airport,54.2860985,-130.4450073,active,2026-09-28,no,OurAirports
YPW,IATA,Powell River Airport,49.8342018,-124.5000000,active,2026-09-28,no,OurAirports
YPX,IATA,Puvirnituq Airport,60.0505980,-77.2869030,active,2026-09-28,no,OurAirports
YPY,IATA,Fort Chipewyan Airport,58.7672005,-111.1169968,active,2026-09-28,no,OurAirports
YPZ,IATA,Burns Lake Airport,54.3764000,-125.9509960,active,2026-09-28,no,OurAirports
YQA,IATA,Muskoka Airport,44.9753760,-79.3065460,active,2026-09-28,no,OurAirports
YQB,IATA,Quebec Jean Lesage International Airport,46.7911000,-71.3933030,active,2026-09-28,no,OurAirports
YQC,IATA,Quaqtaq Airport,61.0463980,-69.6177980,active,2026-09-28,no,OurAirports
YQD,IATA,The Pas Airport,53.9714012,-101.0910034,active,2026-09-28,no,OurAirports
YQG,IATA,Windsor International Airport,42.2756000,-82.9555970,active,2026-09-28,no,OurAirports
YQH,IATA,Watson Lake Airport,60.1168390,-128.8219930,active,2026-09-28,no,OurAirports
YQK,IATA,Kenora Airport,49.7882996,-94.3630981,active,2026-09-28,no,OurAirports
YQL,IATA,Lethbridge County Airport,49.6302986,-112.8000031,active,2026-09-28,no,OurAirports
YQM,IATA,Greater Moncton Roméo LeBlanc International Airport,46.1131890,-64.6771900,active,2026-09-28,no,OurAirports
YQN,IATA,Nakina Airport,50.1828003,-86.6964035,active,2026-09-28,no,OurAirports
YQQ,IATA,Comox Valley International Airport / CFB Comox,49.7108000,-124.8870010,active,2026-09-28,no,OurAirports
YQR,IATA,Regina International Airport,50.4319380,-104.6609060,active,2026-09-28,no,OurAirports
YQT,IATA,Thunder Bay International Airport,48.3718990,-89.3238980,active,2026-09-28,no,OurAirports
YQU,IATA,Grande Prairie Airport,55.1796989,-118.8850021,active,2026-09-28,no,OurAirports
YQX,IATA,Gander International Airport,48.9362580,-54.5677190,active,2026-09-28,no,OurAirports
YQY,IATA,Sydney / J.A. Douglas McCurdy Airport,46.1610720,-60.0497590,active,2026-09-28,no,OurAirports
YQZ,IATA,Quesnel Airport,53.0261002,-122.5100021,active,2026-09-28,no,OurAirports
YRA,IATA,Rae Lakes Airport,64.1160960,-117.3099980,active,2026-09-28,no,OurAirports
YRB,IATA,Resolute Bay Airport,74.7169037,-94.9693985,active,2026-09-28,no,OurAirports
YRF,IATA,Cartwright Airport,53.6825010,-57.0423030,active,2026-09-28,no,OurAirports
YRG,IATA,Rigolet Airport,54.1796989,-58.4575005,active,2026-09-28,no,OurAirports
YRJ,IATA,Roberval Airport,48.5196650,-72.2657350,active,2026-09-28,no,OurAirports
YRL,IATA,Red Lake Airport,51.0668983,-93.7930984,active,2026-09-28,no,OurAirports
YRO,IATA,Ottawa / Rockcliffe Airport,45.4604960,-75.6440010,active,2026-09-28,no,OurAirports
YRS,IATA,Red Sucker Lake Airport,54.1671980,-93.5571980,active,2026-09-28,no,OurAirports
YRT,IATA,Rankin Inlet Airport,62.8114014,-92.1157990,active,2026-09-28,no,OurAirports
YSB,IATA,Sudbury Airport,46.6250000,-80.7988968,active,2026-09-28,no,OurAirports
YSF,IATA,Stony Rapids Airport,59.2503014,-105.8410034,active,2026-09-28,no,OurAirports
YSG,IATA,Lutselk'e Airport,62.4178230,-110.6827930,active,2026-09-28,no,OurAirports
YSJ,IATA,Saint John Airport,45.3161011,-65.8902969,active,2026-09-28,no,OurAirports
YSK,IATA,Sanikiluaq Airport,56.5368910,-79.2502210,active,2026-09-28,no,OurAirports
YSM,IATA,Fort Smith Airport,60.0203020,-111.9619980,active,2026-09-28,no,OurAirports
YSO,IATA,Postville Airport,54.9105000,-59.7850700,active,2026-09-28,no,OurAirports
YSQ,IATA,Songyuan Chaganhu Airport,44.9311430,124.5521210,active,2026-09-28,no,OurAirports
YST,IATA,St. Theresa Point Airport,53.8452610,-94.8519660,active,2026-09-28,no,OurAirports
YSY,IATA,Sachs Harbour (David Nasogaluak Jr. Saaryuaq) Airport,71.9938960,-125.2429960,active,2026-09-28,no,OurAirports
YTE,IATA,Cape Dorset Airport,64.2300030,-76.5267030,active,2026-09-28,no,OurAirports
YTG,IATA,Sullivan Bay Seaplane Base,50.8853590,-126.8310690,active,2026-09-28,no,OurAirports
YTH,IATA,Thompson Airport,55.8011017,-97.8641968,active,2026-09-28,no,OurAirports
YTL,IATA,Big Trout Lake Airport,53.8177990,-89.8968960,active,2026-09-28,no,OurAirports
YTP,IATA,Tofino Harbour Seaplane Base,49.1550000,-125.9100000,active,2026-09-28,no,OurAirports
YTQ,IATA,Tasiujaq Airport,58.6678010,-69.9558030,active,2026-09-28,no,OurAirports
YTS,IATA,Timmins/Victor M. Power,48.5696983,-81.3767014,active,2026-09-28,no,OurAirports
YTW,IATA,Yutian Wanfang Airport,36.8085000,81.7827000,active,2026-09-28,no,OurAirports
YTY,IATA,Yangzhou Taizhou Airport,32.5634000,119.7198000,active,2026-09-28,no,OurAirports
YTZ,IATA,Billy Bishop Toronto City Airport,43.6278520,-79.3955300,active,2026-09-28,no,OurAirports
YUD,IATA,Umiujaq Airport,56.5360980,-76.5183030,active,2026-09-28,no,OurAirports
YUL,IATA,Montreal / Pierre Elliott Trudeau International Airport,45.4678370,-73.7422940,active,2026-09-28,no,OurAirports
YUM,IATA,Yuma International Airport / Marine Corps Air Station Yuma,32.6509380,-114.6093750,active,2026-09-28,no,OurAirports
YUS,IATA,Yushu Batang Airport,32.8363890,97.0363890,active,2026-09-28,no,OurAirports
YUT,IATA,Naujaat Airport,66.5210240,-86.2251660,active,2026-09-28,no,OurAirports
YUX,IATA,Hall Beach Airport,68.7761000,-81.2425000,active,2026-09-28,no,OurAirports
YUY,IATA,Rouyn Noranda Airport,48.2061005,-78.8356018,active,2026-09-28,no,OurAirports
YVB,IATA,Bonaventure Airport,48.0710980,-65.4602970,active,2026-09-28,no,OurAirports
YVC,IATA,La Ronge Airport,55.1514015,-105.2620010,active,2026-09-28,no,OurAirports
YVM,IATA,Qikiqtarjuaq Airport,67.5465600,-64.0314100,active,2026-09-28,no,OurAirports
YVO,IATA,Val-d'Or Airport,48.0532990,-77.7827988,active,2026-09-28,no,OurAirports
YVP,IATA,Kuujjuaq Airport,58.0960999,-68.4269028,active,2026-09-28,no,OurAirports
YVQ,IATA,Norman Wells Airport,65.2816010,-126.7979965,active,2026-09-28,no,OurAirports
YVR,IATA,Vancouver International Airport,49.1939010,-123.1839980,active,2026-09-28,no,OurAirports
YVV,IATA,Wiarton Airport,44.7458000,-81.1072010,active,2026-09-28,no,OurAirports
YVZ,IATA,Deer Lake Airport,52.6556130,-94.0612080,active,2026-09-28,no,OurAirports
YWB,IATA,Kangiqsujuaq (Wakeham Bay) Airport,61.5886000,-71.9293980,active,2026-09-28,no,OurAirports
YWG,IATA,Winnipeg / James Armstrong Richardson International Airport,49.9099998,-97.2398987,active,2026-09-28,no,OurAirports
YWH,IATA,Victoria Harbour Seaplane Base,48.4237820,-123.3719800,active,2026-09-28,no,OurAirports
YWJ,IATA,Déline Airport,65.2110980,-123.4359970,active,2026-09-28,no,OurAirports
YWK,IATA,Wabush Airport,52.9219017,-66.8644028,active,2026-09-28,no,OurAirports
YWL,IATA,Williams Lake Airport,52.1831017,-122.0540009,active,2026-09-28,no,OurAirports
YWM,IATA,Williams Harbour Airport,52.5673770,-55.7848830,active,2026-09-28,no,OurAirports
YWP,IATA,Webequie Airport,52.9593930,-87.3748680,active,2026-09-28,no,OurAirports
YWS,IATA,Whistler/Green Lake Water Aerodrome,50.1436005,-122.9489975,active,2026-09-28,no,OurAirports
YXC,IATA,Cranbrook/Canadian Rockies International Airport,49.6108020,-115.7819980,active,2026-09-28,no,OurAirports
YXE,IATA,Saskatoon John G. Diefenbaker International Airport,52.1707230,-106.7007930,active,2026-09-28,no,OurAirports
YXH,IATA,Medicine Hat Regional Airport,50.0189020,-110.7210010,active,2026-09-28,no,OurAirports
YXJ,IATA,Fort St John / North Peace Regional Airport,56.2380980,-120.7399980,active,2026-09-28,no,OurAirports
YXL,IATA,Sioux Lookout Airport,50.1138992,-91.9052963,active,2026-09-28,no,OurAirports
YXN,IATA,Whale Cove Airport,62.2400020,-92.5980990,active,2026-09-28,no,OurAirports
YXP,IATA,Pangnirtung Airport,66.1448780,-65.7136060,active,2026-09-28,no,OurAirports
YXS,IATA,Prince George (International) Airport,53.8843110,-122.6665540,active,2026-09-28,no,OurAirports
YXT,IATA,Northwest Regional Airport Terrace-Kitimat,54.4684980,-128.5760090,active,2026-09-28,no,OurAirports
YXU,IATA,London International Airport,43.0328450,-81.1490030,active,2026-09-28,no,OurAirports
YXX,IATA,Abbotsford International Airport,49.0252990,-122.3610000,active,2026-09-28,no,OurAirports
YXY,IATA,Whitehorse / Erik Nielsen International Airport,60.7085330,-135.0657050,active,2026-09-28,no,OurAirports
YYA,IATA,Yueyang Sanhe Airport,29.3116990,113.2815740,active,2026-09-28,no,OurAirports
YYB,IATA,North Bay Jack Garland Airport,46.3636020,-79.4227980,active,2026-09-28,no,OurAirports
YYC,IATA,Calgary International Airport,51.1188220,-114.0099330,active,2026-09-28,no,OurAirports
YYD,IATA,Smithers Airport,54.8246994,-127.1829987,active,2026-09-28,no,OurAirports
YYE,IATA,Fort Nelson Airport,58.8363991,-122.5970001,active,2026-09-28,no,OurAirports
YYF,IATA,Penticton Airport,49.4631004,-119.6019974,active,2026-09-28,no,OurAirports
YYG,IATA,Charlottetown Airport,46.2889110,-63.1251740,active,2026-09-28,no,OurAirports
YYH,IATA,Taloyoak Airport,69.5467000,-93.5766980,active,2026-09-28,no,OurAirports
YYJ,IATA,Victoria International Airport,48.6472010,-123.4277920,active,2026-09-28,no,OurAirports
YYL,IATA,Lynn Lake Airport,56.8638992,-101.0759964,active,2026-09-28,no,OurAirports
YYQ,IATA,Churchill Airport,58.7392006,-94.0650024,active,2026-09-28,no,OurAirports
YYR,IATA,Goose Bay Airport,53.3191986,-60.4258003,active,2026-09-28,no,OurAirports
YYT,IATA,St. John's International Airport,47.6185990,-52.7519000,active,2026-09-28,no,OurAirports
YYY,IATA,Mont Joli Airport,48.6086006,-68.2080994,active,2026-09-28,no,OurAirports
YYZ,IATA,Toronto Pearson International Airport,43.6759350,-79.6294210,active,2026-09-28,no,OurAirports
YZF,IATA,Yellowknife International Airport,62.4627990,-114.4400020,active,2026-09-28,no,OurAirports
YZG,IATA,Salluit Airport,62.1794010,-75.6671980,active,2026-09-28,no,OurAirports
YZP,IATA,Sandspit Airport,53.2542992,-131.8139954,active,2026-09-28,no,OurAirports
YZS,IATA,Coral Harbour Airport,64.1932983,-83.3593979,active,2026-09-28,no,OurAirports
YZT,IATA,Port Hardy Airport,50.6805992,-127.3669968,active,2026-09-28,no,OurAirports
YZU,IATA,Whitecourt Airport,54.1439020,-115.7870030,active,2026-09-28,no,OurAirports
YZV,IATA,Sept-Îles Airport,50.2233009,-66.2656021,active,2026-09-28,no,OurAirports
YZY,IATA,Zhangye Ganzhou Airport,38.8018990,100.6750030,active,2026-09-28,no,OurAirports
YZZ,IATA,Trail Regional Airport,49.0555990,-117.6090010,active,2026-09-28,no,OurAirports
ZAD,IATA,Zadar Airport,44.0969860,15.3535650,active,2026-09-28,no,OurAirports
ZAG,IATA,Zagreb Franjo Tuđman International Airport,45.7429010,16.0688000,active,2026-09-28,no,OurAirports
ZAH,IATA,Zahedan International Airport,29.4757000,60.9062000,active,2026-09-28,no,OurAirports
ZAL,IATA,Pichoy Airport,-39.6500015,-73.0860977,active,2026-09-28,no,OurAirports
ZAM,IATA,Zamboanga International Airport,6.9224200,122.0599980,active,2026-09-28,no,OurAirports
ZAT,IATA,Zhaotong Zhaoyang Airport,27.2058430,103.6915110,active,2026-09-28,no,OurAirports
ZAZ,IATA,Zaragoza Airport,41.6661990,-1.0415500,active,2026-09-28,no,OurAirports
ZBF,IATA,Bathurst Airport,47.6297000,-65.7388990,active,2026-09-28,no,OurAirports
ZBR,IATA,Chabahar Konarak International Airport,25.4431900,60.3821670,active,2026-09-28,no,OurAirports
ZCL,IATA,General Leobardo C. Ruiz International Airport,22.8949420,-102.6871540,active,2026-09-28,no,OurAirports
ZCO,IATA,La Araucanía International Airport,-38.9259000,-72.6515000,active,2026-09-28,no,OurAirports
ZDY,IATA,Delma Airport,24.5100000,52.3352000,active,2026-09-28,no,OurAirports
ZEL,IATA,Bella Bella (Campbell Island) Airport,52.1850010,-128.1569940,active,2026-09-28,no,OurAirports
ZEM,IATA,Eastmain River Airport,52.2263980,-78.5224990,active,2026-09-28,no,OurAirports
ZFD,IATA,Fond-du-Lac Airport,59.3344000,-107.1819990,active,2026-09-28,no,OurAirports
ZFL,IATA,Zhaosu Tianma Airport,43.0884770,81.2230130,active,2026-09-28,no,OurAirports
ZFM,IATA,Fort Mcpherson Airport,67.4069930,-134.8601820,active,2026-09-28,no,OurAirports
ZFN,IATA,Tulita Airport,64.9094960,-125.5702970,active,2026-09-28,no,OurAirports
ZGI,IATA,Gods River Airport,54.8396990,-94.0785980,active,2026-09-28,no,OurAirports
ZGS,IATA,La Romaine Airport,50.2595530,-60.6743570,active,2026-09-28,no,OurAirports
ZHA,IATA,Zhanjiang Wuchuan International Airport,21.4816670,110.5902780,active,2026-09-28,no,OurAirports
ZHY,IATA,Zhongwei Shapotou Airport,37.5731250,105.1544540,active,2026-09-28,no,OurAirports
ZIA,IATA,Zhukovsky International Airport,55.5532990,38.1500020,active,2026-09-28,no,OurAirports
ZIG,IATA,Ziguinchor Airport,12.5555900,-16.2832980,active,2026-09-28,no,OurAirports
ZIH,IATA,Ixtapa-Zihuatanejo International Airport,17.6017710,-101.4606290,active,2026-09-28,no,OurAirports
ZIX,IATA,Zhigansk Airport,66.7965012,123.3610001,active,2026-09-28,no,OurAirports
ZKE,IATA,Kashechewan Airport,52.2825010,-81.6778030,active,2026-09-28,no,OurAirports
ZKP,IATA,Zyryanka Airport,65.7485000,150.8889000,active,2026-09-28,no,OurAirports
ZLO,IATA,Playa de Oro International Airport,19.1448000,-104.5589980,active,2026-09-28,no,OurAirports
ZLT,IATA,La Tabatière Airport,50.8307991,-58.9756012,active,2026-09-28,no,OurAirports
ZMT,IATA,Masset Airport,54.0275000,-132.1250000,active,2026-09-28,no,OurAirports
ZNA,IATA,Nanaimo Harbour Water Aerodrome,49.1698130,-123.9338450,active,2026-09-28,no,OurAirports
ZND,IATA,Zinder Airport,13.7790003,8.9837599,active,2026-09-28,no,OurAirports
ZNE,IATA,Newman Airport,-23.4178009,119.8030014,active,2026-09-28,no,OurAirports
ZNZ,IATA,Abeid Amani Karume International Airport,-6.2220200,39.2248990,active,2026-09-28,no,OurAirports
ZOS,IATA,Cañal Bajo Carlos Hott Siebert Airport,-40.6111980,-73.0609970,active,2026-09-28,no,OurAirports
ZPB,IATA,Sachigo Lake Airport,53.8908850,-92.1959350,active,2026-09-28,no,OurAirports
ZPC,IATA,Pucón Airport,-39.2928010,-71.9159010,active,2026-09-28,no,OurAirports
ZQN,IATA,Queenstown Airport,-45.0192050,168.7463790,active,2026-09-28,no,OurAirports
ZQZ,IATA,Zhangjiakou Ningyuan Airport,40.7386640,114.9333950,active,2026-09-28,no,OurAirports
ZRH,IATA,Zürich Airport,47.4580560,8.5480560,active,2026-09-28,no,OurAirports
ZRJ,IATA,Round Lake (Weagamow Lake) Airport,52.9436000,-91.3127980,active,2026-09-28,no,OurAirports
ZSA,IATA,San Salvador International Airport,24.0630410,-74.5232330,active,2026-09-28,no,OurAirports
ZSE,IATA,Saint-Pierre Pierrefonds Airport,-21.3193620,55.4225060,active,2026-09-28,no,OurAirports
ZSJ,IATA,Sandy Lake Airport,53.0642014,-93.3443985,active,2026-09-28,no,OurAirports
ZTB,IATA,Tête-à-la-Baleine Airport,50.6744003,-59.3835983,active,2026-09-28,no,OurAirports
ZTH,IATA,Zakynthos International Airport Dionysios Solomos,37.7509000,20.8843000,active,2026-09-28,no,OurAirports
ZTM,IATA,Shamattawa Airport,55.8635600,-92.0811370,active,2026-09-28,no,OurAirports
ZUH,IATA,Zhuhai Jinwan Airport,22.0063990,113.3759990,active,2026-09-28,no,OurAirports
ZUM,IATA,Churchill Falls Airport,53.5619011,-64.1063995,active,2026-09-28,no,OurAirports
ZWL,IATA,Wollaston Lake Airport,58.1068990,-103.1719970,active,2026-09-28,no,OurAirports
ZYI,IATA,Zunyi Xinzhou Airport,27.8107230,107.2471890,active,2026-09-28,no,OurAirports
ZYL,IATA,Osmany International Airport,24.9639930,91.8647490,active,2026-09-28,no,OurAirports
